"RunDirectory","EvidenceFileCount","CompleteMarkerFound","BindingFileCount","SourcePath"
"run_001__alpha_0p1_seed_123__FEDAVG__CLEAN","4","True","0","C:\teste\tets\outputs\ciciot2023\scientific_campaign_180runs_v1\run_001__alpha_0p1_seed_123__FEDAVG__CLEAN"
"run_002__alpha_0p1_seed_123__FEDAVG__SIGNFLIP_MU0P2","4","True","0","C:\teste\tets\outputs\ciciot2023\scientific_campaign_180runs_v1\run_002__alpha_0p1_seed_123__FEDAVG__SIGNFLIP_MU0P2"
"run_003__alpha_0p1_seed_123__FEDAVG__SIGNFLIP_MU0P4","4","True","0","C:\teste\tets\outputs\ciciot2023\scientific_campaign_180runs_v1\run_003__alpha_0p1_seed_123__FEDAVG__SIGNFLIP_MU0P4"
"run_004__alpha_0p1_seed_123__FEDPROX__CLEAN","4","True","0","C:\teste\tets\outputs\ciciot2023\scientific_campaign_180runs_v1\run_004__alpha_0p1_seed_123__FEDPROX__CLEAN"
"run_005__alpha_0p1_seed_123__FEDPROX__SIGNFLIP_MU0P2","4","True","0","C:\teste\tets\outputs\ciciot2023\scientific_campaign_180runs_v1\run_005__alpha_0p1_seed_123__FEDPROX__SIGNFLIP_MU0P2"
"run_006__alpha_0p1_seed_123__FEDPROX__SIGNFLIP_MU0P4","4","True","0","C:\teste\tets\outputs\ciciot2023\scientific_campaign_180runs_v1\run_006__alpha_0p1_seed_123__FEDPROX__SIGNFLIP_MU0P4"
"run_007__alpha_0p1_seed_123__RANDOM_TRIMMED_MEAN__CLEAN","4","True","0","C:\teste\tets\outputs\ciciot2023\scientific_campaign_180runs_v1\run_007__alpha_0p1_seed_123__RANDOM_TRIMMED_MEAN__CLEAN"
"run_008__alpha_0p1_seed_123__RANDOM_TRIMMED_MEAN__SIGNFLIP_MU0P2","4","True","0","C:\teste\tets\outputs\ciciot2023\scientific_campaign_180runs_v1\run_008__alpha_0p1_seed_123__RANDOM_TRIMMED_MEAN__SIGNFLIP_MU0P2"
"run_009__alpha_0p1_seed_123__RANDOM_TRIMMED_MEAN__SIGNFLIP_MU0P4","4","True","0","C:\teste\tets\outputs\ciciot2023\scientific_campaign_180runs_v1\run_009__alpha_0p1_seed_123__RANDOM_TRIMMED_MEAN__SIGNFLIP_MU0P4"
"run_010__alpha_0p1_seed_123__FEDLE_ADAPTED__CLEAN","4","True","0","C:\teste\tets\outputs\ciciot2023\scientific_campaign_180runs_v1\run_010__alpha_0p1_seed_123__FEDLE_ADAPTED__CLEAN"
"run_011__alpha_0p1_seed_123__FEDLE_ADAPTED__SIGNFLIP_MU0P2","4","True","0","C:\teste\tets\outputs\ciciot2023\scientific_campaign_180runs_v1\run_011__alpha_0p1_seed_123__FEDLE_ADAPTED__SIGNFLIP_MU0P2"
"run_012__alpha_0p1_seed_123__FEDLE_ADAPTED__SIGNFLIP_MU0P4","4","True","0","C:\teste\tets\outputs\ciciot2023\scientific_campaign_180runs_v1\run_012__alpha_0p1_seed_123__FEDLE_ADAPTED__SIGNFLIP_MU0P4"
"run_013__alpha_0p1_seed_123__TEA_FL__CLEAN","4","True","0","C:\teste\tets\outputs\ciciot2023\scientific_campaign_180runs_v1\run_013__alpha_0p1_seed_123__TEA_FL__CLEAN"
"run_014__alpha_0p1_seed_123__TEA_FL__SIGNFLIP_MU0P2","4","True","0","C:\teste\tets\outputs\ciciot2023\scientific_campaign_180runs_v1\run_014__alpha_0p1_seed_123__TEA_FL__SIGNFLIP_MU0P2"
"run_015__alpha_0p1_seed_123__TEA_FL__SIGNFLIP_MU0P4","4","True","0","C:\teste\tets\outputs\ciciot2023\scientific_campaign_180runs_v1\run_015__alpha_0p1_seed_123__TEA_FL__SIGNFLIP_MU0P4"
"run_016__alpha_0p1_seed_123__ARL_FL__CLEAN","4","True","0","C:\teste\tets\outputs\ciciot2023\scientific_campaign_180runs_v1\run_016__alpha_0p1_seed_123__ARL_FL__CLEAN"
"run_017__alpha_0p1_seed_123__ARL_FL__SIGNFLIP_MU0P2","4","True","0","C:\teste\tets\outputs\ciciot2023\scientific_campaign_180runs_v1\run_017__alpha_0p1_seed_123__ARL_FL__SIGNFLIP_MU0P2"
"run_018__alpha_0p1_seed_123__ARL_FL__SIGNFLIP_MU0P4","4","True","0","C:\teste\tets\outputs\ciciot2023\scientific_campaign_180runs_v1\run_018__alpha_0p1_seed_123__ARL_FL__SIGNFLIP_MU0P4"
"run_019__alpha_0p1_seed_42__FEDAVG__CLEAN","4","True","0","C:\teste\tets\outputs\ciciot2023\scientific_campaign_180runs_v1\run_019__alpha_0p1_seed_42__FEDAVG__CLEAN"
"run_020__alpha_0p1_seed_42__FEDAVG__SIGNFLIP_MU0P2","4","True","0","C:\teste\tets\outputs\ciciot2023\scientific_campaign_180runs_v1\run_020__alpha_0p1_seed_42__FEDAVG__SIGNFLIP_MU0P2"
"run_021__alpha_0p1_seed_42__FEDAVG__SIGNFLIP_MU0P4","4","True","0","C:\teste\tets\outputs\ciciot2023\scientific_campaign_180runs_v1\run_021__alpha_0p1_seed_42__FEDAVG__SIGNFLIP_MU0P4"
"run_022__alpha_0p1_seed_42__FEDPROX__CLEAN","4","True","0","C:\teste\tets\outputs\ciciot2023\scientific_campaign_180runs_v1\run_022__alpha_0p1_seed_42__FEDPROX__CLEAN"
"run_023__alpha_0p1_seed_42__FEDPROX__SIGNFLIP_MU0P2","4","True","0","C:\teste\tets\outputs\ciciot2023\scientific_campaign_180runs_v1\run_023__alpha_0p1_seed_42__FEDPROX__SIGNFLIP_MU0P2"
"run_024__alpha_0p1_seed_42__FEDPROX__SIGNFLIP_MU0P4","4","True","0","C:\teste\tets\outputs\ciciot2023\scientific_campaign_180runs_v1\run_024__alpha_0p1_seed_42__FEDPROX__SIGNFLIP_MU0P4"
"run_025__alpha_0p1_seed_42__RANDOM_TRIMMED_MEAN__CLEAN","4","True","0","C:\teste\tets\outputs\ciciot2023\scientific_campaign_180runs_v1\run_025__alpha_0p1_seed_42__RANDOM_TRIMMED_MEAN__CLEAN"
"run_026__alpha_0p1_seed_42__RANDOM_TRIMMED_MEAN__SIGNFLIP_MU0P2","4","True","0","C:\teste\tets\outputs\ciciot2023\scientific_campaign_180runs_v1\run_026__alpha_0p1_seed_42__RANDOM_TRIMMED_MEAN__SIGNFLIP_MU0P2"
"run_027__alpha_0p1_seed_42__RANDOM_TRIMMED_MEAN__SIGNFLIP_MU0P4","4","True","0","C:\teste\tets\outputs\ciciot2023\scientific_campaign_180runs_v1\run_027__alpha_0p1_seed_42__RANDOM_TRIMMED_MEAN__SIGNFLIP_MU0P4"
"run_028__alpha_0p1_seed_42__FEDLE_ADAPTED__CLEAN","4","True","0","C:\teste\tets\outputs\ciciot2023\scientific_campaign_180runs_v1\run_028__alpha_0p1_seed_42__FEDLE_ADAPTED__CLEAN"
"run_029__alpha_0p1_seed_42__FEDLE_ADAPTED__SIGNFLIP_MU0P2","4","True","0","C:\teste\tets\outputs\ciciot2023\scientific_campaign_180runs_v1\run_029__alpha_0p1_seed_42__FEDLE_ADAPTED__SIGNFLIP_MU0P2"
"run_030__alpha_0p1_seed_42__FEDLE_ADAPTED__SIGNFLIP_MU0P4","4","True","0","C:\teste\tets\outputs\ciciot2023\scientific_campaign_180runs_v1\run_030__alpha_0p1_seed_42__FEDLE_ADAPTED__SIGNFLIP_MU0P4"
"run_031__alpha_0p1_seed_42__TEA_FL__CLEAN","4","True","0","C:\teste\tets\outputs\ciciot2023\scientific_campaign_180runs_v1\run_031__alpha_0p1_seed_42__TEA_FL__CLEAN"
"run_032__alpha_0p1_seed_42__TEA_FL__SIGNFLIP_MU0P2","4","True","0","C:\teste\tets\outputs\ciciot2023\scientific_campaign_180runs_v1\run_032__alpha_0p1_seed_42__TEA_FL__SIGNFLIP_MU0P2"
"run_033__alpha_0p1_seed_42__TEA_FL__SIGNFLIP_MU0P4","4","True","0","C:\teste\tets\outputs\ciciot2023\scientific_campaign_180runs_v1\run_033__alpha_0p1_seed_42__TEA_FL__SIGNFLIP_MU0P4"
"run_034__alpha_0p1_seed_42__ARL_FL__CLEAN","4","True","0","C:\teste\tets\outputs\ciciot2023\scientific_campaign_180runs_v1\run_034__alpha_0p1_seed_42__ARL_FL__CLEAN"
"run_035__alpha_0p1_seed_42__ARL_FL__SIGNFLIP_MU0P2","4","True","0","C:\teste\tets\outputs\ciciot2023\scientific_campaign_180runs_v1\run_035__alpha_0p1_seed_42__ARL_FL__SIGNFLIP_MU0P2"
"run_036__alpha_0p1_seed_42__ARL_FL__SIGNFLIP_MU0P4","4","True","0","C:\teste\tets\outputs\ciciot2023\scientific_campaign_180runs_v1\run_036__alpha_0p1_seed_42__ARL_FL__SIGNFLIP_MU0P4"
"run_037__alpha_0p1_seed_456__FEDAVG__CLEAN","4","True","0","C:\teste\tets\outputs\ciciot2023\scientific_campaign_180runs_v1\run_037__alpha_0p1_seed_456__FEDAVG__CLEAN"
"run_038__alpha_0p1_seed_456__FEDAVG__SIGNFLIP_MU0P2","4","True","0","C:\teste\tets\outputs\ciciot2023\scientific_campaign_180runs_v1\run_038__alpha_0p1_seed_456__FEDAVG__SIGNFLIP_MU0P2"
"run_039__alpha_0p1_seed_456__FEDAVG__SIGNFLIP_MU0P4","4","True","0","C:\teste\tets\outputs\ciciot2023\scientific_campaign_180runs_v1\run_039__alpha_0p1_seed_456__FEDAVG__SIGNFLIP_MU0P4"
"run_040__alpha_0p1_seed_456__FEDPROX__CLEAN","4","True","0","C:\teste\tets\outputs\ciciot2023\scientific_campaign_180runs_v1\run_040__alpha_0p1_seed_456__FEDPROX__CLEAN"
"run_041__alpha_0p1_seed_456__FEDPROX__SIGNFLIP_MU0P2","4","True","0","C:\teste\tets\outputs\ciciot2023\scientific_campaign_180runs_v1\run_041__alpha_0p1_seed_456__FEDPROX__SIGNFLIP_MU0P2"
"run_042__alpha_0p1_seed_456__FEDPROX__SIGNFLIP_MU0P4","4","True","0","C:\teste\tets\outputs\ciciot2023\scientific_campaign_180runs_v1\run_042__alpha_0p1_seed_456__FEDPROX__SIGNFLIP_MU0P4"
"run_043__alpha_0p1_seed_456__RANDOM_TRIMMED_MEAN__CLEAN","4","True","0","C:\teste\tets\outputs\ciciot2023\scientific_campaign_180runs_v1\run_043__alpha_0p1_seed_456__RANDOM_TRIMMED_MEAN__CLEAN"
"run_044__alpha_0p1_seed_456__RANDOM_TRIMMED_MEAN__SIGNFLIP_MU0P2","4","True","0","C:\teste\tets\outputs\ciciot2023\scientific_campaign_180runs_v1\run_044__alpha_0p1_seed_456__RANDOM_TRIMMED_MEAN__SIGNFLIP_MU0P2"
"run_045__alpha_0p1_seed_456__RANDOM_TRIMMED_MEAN__SIGNFLIP_MU0P4","4","True","0","C:\teste\tets\outputs\ciciot2023\scientific_campaign_180runs_v1\run_045__alpha_0p1_seed_456__RANDOM_TRIMMED_MEAN__SIGNFLIP_MU0P4"
"run_046__alpha_0p1_seed_456__FEDLE_ADAPTED__CLEAN","4","True","0","C:\teste\tets\outputs\ciciot2023\scientific_campaign_180runs_v1\run_046__alpha_0p1_seed_456__FEDLE_ADAPTED__CLEAN"
"run_047__alpha_0p1_seed_456__FEDLE_ADAPTED__SIGNFLIP_MU0P2","4","True","0","C:\teste\tets\outputs\ciciot2023\scientific_campaign_180runs_v1\run_047__alpha_0p1_seed_456__FEDLE_ADAPTED__SIGNFLIP_MU0P2"
"run_048__alpha_0p1_seed_456__FEDLE_ADAPTED__SIGNFLIP_MU0P4","4","True","0","C:\teste\tets\outputs\ciciot2023\scientific_campaign_180runs_v1\run_048__alpha_0p1_seed_456__FEDLE_ADAPTED__SIGNFLIP_MU0P4"
"run_049__alpha_0p1_seed_456__TEA_FL__CLEAN","4","True","0","C:\teste\tets\outputs\ciciot2023\scientific_campaign_180runs_v1\run_049__alpha_0p1_seed_456__TEA_FL__CLEAN"
"run_050__alpha_0p1_seed_456__TEA_FL__SIGNFLIP_MU0P2","4","True","0","C:\teste\tets\outputs\ciciot2023\scientific_campaign_180runs_v1\run_050__alpha_0p1_seed_456__TEA_FL__SIGNFLIP_MU0P2"
"run_051__alpha_0p1_seed_456__TEA_FL__SIGNFLIP_MU0P4","4","True","0","C:\teste\tets\outputs\ciciot2023\scientific_campaign_180runs_v1\run_051__alpha_0p1_seed_456__TEA_FL__SIGNFLIP_MU0P4"
"run_052__alpha_0p1_seed_456__ARL_FL__CLEAN","4","True","0","C:\teste\tets\outputs\ciciot2023\scientific_campaign_180runs_v1\run_052__alpha_0p1_seed_456__ARL_FL__CLEAN"
"run_053__alpha_0p1_seed_456__ARL_FL__SIGNFLIP_MU0P2","4","True","0","C:\teste\tets\outputs\ciciot2023\scientific_campaign_180runs_v1\run_053__alpha_0p1_seed_456__ARL_FL__SIGNFLIP_MU0P2"
"run_054__alpha_0p1_seed_456__ARL_FL__SIGNFLIP_MU0P4","4","True","0","C:\teste\tets\outputs\ciciot2023\scientific_campaign_180runs_v1\run_054__alpha_0p1_seed_456__ARL_FL__SIGNFLIP_MU0P4"
"run_055__alpha_0p1_seed_789__FEDAVG__CLEAN","4","True","0","C:\teste\tets\outputs\ciciot2023\scientific_campaign_180runs_v1\run_055__alpha_0p1_seed_789__FEDAVG__CLEAN"
"run_056__alpha_0p1_seed_789__FEDAVG__SIGNFLIP_MU0P2","4","True","0","C:\teste\tets\outputs\ciciot2023\scientific_campaign_180runs_v1\run_056__alpha_0p1_seed_789__FEDAVG__SIGNFLIP_MU0P2"
"run_057__alpha_0p1_seed_789__FEDAVG__SIGNFLIP_MU0P4","4","True","0","C:\teste\tets\outputs\ciciot2023\scientific_campaign_180runs_v1\run_057__alpha_0p1_seed_789__FEDAVG__SIGNFLIP_MU0P4"
"run_058__alpha_0p1_seed_789__FEDPROX__CLEAN","4","True","0","C:\teste\tets\outputs\ciciot2023\scientific_campaign_180runs_v1\run_058__alpha_0p1_seed_789__FEDPROX__CLEAN"
"run_059__alpha_0p1_seed_789__FEDPROX__SIGNFLIP_MU0P2","4","True","0","C:\teste\tets\outputs\ciciot2023\scientific_campaign_180runs_v1\run_059__alpha_0p1_seed_789__FEDPROX__SIGNFLIP_MU0P2"
"run_060__alpha_0p1_seed_789__FEDPROX__SIGNFLIP_MU0P4","4","True","0","C:\teste\tets\outputs\ciciot2023\scientific_campaign_180runs_v1\run_060__alpha_0p1_seed_789__FEDPROX__SIGNFLIP_MU0P4"
"run_061__alpha_0p1_seed_789__RANDOM_TRIMMED_MEAN__CLEAN","4","True","0","C:\teste\tets\outputs\ciciot2023\scientific_campaign_180runs_v1\run_061__alpha_0p1_seed_789__RANDOM_TRIMMED_MEAN__CLEAN"
"run_062__alpha_0p1_seed_789__RANDOM_TRIMMED_MEAN__SIGNFLIP_MU0P2","4","True","0","C:\teste\tets\outputs\ciciot2023\scientific_campaign_180runs_v1\run_062__alpha_0p1_seed_789__RANDOM_TRIMMED_MEAN__SIGNFLIP_MU0P2"
"run_063__alpha_0p1_seed_789__RANDOM_TRIMMED_MEAN__SIGNFLIP_MU0P4","4","True","0","C:\teste\tets\outputs\ciciot2023\scientific_campaign_180runs_v1\run_063__alpha_0p1_seed_789__RANDOM_TRIMMED_MEAN__SIGNFLIP_MU0P4"
"run_064__alpha_0p1_seed_789__FEDLE_ADAPTED__CLEAN","4","True","0","C:\teste\tets\outputs\ciciot2023\scientific_campaign_180runs_v1\run_064__alpha_0p1_seed_789__FEDLE_ADAPTED__CLEAN"
"run_065__alpha_0p1_seed_789__FEDLE_ADAPTED__SIGNFLIP_MU0P2","4","True","0","C:\teste\tets\outputs\ciciot2023\scientific_campaign_180runs_v1\run_065__alpha_0p1_seed_789__FEDLE_ADAPTED__SIGNFLIP_MU0P2"
"run_066__alpha_0p1_seed_789__FEDLE_ADAPTED__SIGNFLIP_MU0P4","4","True","0","C:\teste\tets\outputs\ciciot2023\scientific_campaign_180runs_v1\run_066__alpha_0p1_seed_789__FEDLE_ADAPTED__SIGNFLIP_MU0P4"
"run_067__alpha_0p1_seed_789__TEA_FL__CLEAN","4","True","0","C:\teste\tets\outputs\ciciot2023\scientific_campaign_180runs_v1\run_067__alpha_0p1_seed_789__TEA_FL__CLEAN"
"run_068__alpha_0p1_seed_789__TEA_FL__SIGNFLIP_MU0P2","4","True","0","C:\teste\tets\outputs\ciciot2023\scientific_campaign_180runs_v1\run_068__alpha_0p1_seed_789__TEA_FL__SIGNFLIP_MU0P2"
"run_069__alpha_0p1_seed_789__TEA_FL__SIGNFLIP_MU0P4","4","True","0","C:\teste\tets\outputs\ciciot2023\scientific_campaign_180runs_v1\run_069__alpha_0p1_seed_789__TEA_FL__SIGNFLIP_MU0P4"
"run_070__alpha_0p1_seed_789__ARL_FL__CLEAN","4","True","0","C:\teste\tets\outputs\ciciot2023\scientific_campaign_180runs_v1\run_070__alpha_0p1_seed_789__ARL_FL__CLEAN"
"run_071__alpha_0p1_seed_789__ARL_FL__SIGNFLIP_MU0P2","4","True","0","C:\teste\tets\outputs\ciciot2023\scientific_campaign_180runs_v1\run_071__alpha_0p1_seed_789__ARL_FL__SIGNFLIP_MU0P2"
"run_072__alpha_0p1_seed_789__ARL_FL__SIGNFLIP_MU0P4","4","True","0","C:\teste\tets\outputs\ciciot2023\scientific_campaign_180runs_v1\run_072__alpha_0p1_seed_789__ARL_FL__SIGNFLIP_MU0P4"
"run_073__alpha_0p1_seed_999__FEDAVG__CLEAN","4","True","0","C:\teste\tets\outputs\ciciot2023\scientific_campaign_180runs_v1\run_073__alpha_0p1_seed_999__FEDAVG__CLEAN"
"run_074__alpha_0p1_seed_999__FEDAVG__SIGNFLIP_MU0P2","4","True","0","C:\teste\tets\outputs\ciciot2023\scientific_campaign_180runs_v1\run_074__alpha_0p1_seed_999__FEDAVG__SIGNFLIP_MU0P2"
"run_075__alpha_0p1_seed_999__FEDAVG__SIGNFLIP_MU0P4","4","True","0","C:\teste\tets\outputs\ciciot2023\scientific_campaign_180runs_v1\run_075__alpha_0p1_seed_999__FEDAVG__SIGNFLIP_MU0P4"
"run_076__alpha_0p1_seed_999__FEDPROX__CLEAN","4","True","0","C:\teste\tets\outputs\ciciot2023\scientific_campaign_180runs_v1\run_076__alpha_0p1_seed_999__FEDPROX__CLEAN"
"run_077__alpha_0p1_seed_999__FEDPROX__SIGNFLIP_MU0P2","4","True","0","C:\teste\tets\outputs\ciciot2023\scientific_campaign_180runs_v1\run_077__alpha_0p1_seed_999__FEDPROX__SIGNFLIP_MU0P2"
"run_078__alpha_0p1_seed_999__FEDPROX__SIGNFLIP_MU0P4","4","True","0","C:\teste\tets\outputs\ciciot2023\scientific_campaign_180runs_v1\run_078__alpha_0p1_seed_999__FEDPROX__SIGNFLIP_MU0P4"
"run_079__alpha_0p1_seed_999__RANDOM_TRIMMED_MEAN__CLEAN","4","True","0","C:\teste\tets\outputs\ciciot2023\scientific_campaign_180runs_v1\run_079__alpha_0p1_seed_999__RANDOM_TRIMMED_MEAN__CLEAN"
"run_080__alpha_0p1_seed_999__RANDOM_TRIMMED_MEAN__SIGNFLIP_MU0P2","4","True","0","C:\teste\tets\outputs\ciciot2023\scientific_campaign_180runs_v1\run_080__alpha_0p1_seed_999__RANDOM_TRIMMED_MEAN__SIGNFLIP_MU0P2"
"run_081__alpha_0p1_seed_999__RANDOM_TRIMMED_MEAN__SIGNFLIP_MU0P4","4","True","0","C:\teste\tets\outputs\ciciot2023\scientific_campaign_180runs_v1\run_081__alpha_0p1_seed_999__RANDOM_TRIMMED_MEAN__SIGNFLIP_MU0P4"
"run_082__alpha_0p1_seed_999__FEDLE_ADAPTED__CLEAN","4","True","0","C:\teste\tets\outputs\ciciot2023\scientific_campaign_180runs_v1\run_082__alpha_0p1_seed_999__FEDLE_ADAPTED__CLEAN"
"run_083__alpha_0p1_seed_999__FEDLE_ADAPTED__SIGNFLIP_MU0P2","4","True","0","C:\teste\tets\outputs\ciciot2023\scientific_campaign_180runs_v1\run_083__alpha_0p1_seed_999__FEDLE_ADAPTED__SIGNFLIP_MU0P2"
"run_084__alpha_0p1_seed_999__FEDLE_ADAPTED__SIGNFLIP_MU0P4","4","True","0","C:\teste\tets\outputs\ciciot2023\scientific_campaign_180runs_v1\run_084__alpha_0p1_seed_999__FEDLE_ADAPTED__SIGNFLIP_MU0P4"
"run_085__alpha_0p1_seed_999__TEA_FL__CLEAN","4","True","0","C:\teste\tets\outputs\ciciot2023\scientific_campaign_180runs_v1\run_085__alpha_0p1_seed_999__TEA_FL__CLEAN"
"run_086__alpha_0p1_seed_999__TEA_FL__SIGNFLIP_MU0P2","4","True","0","C:\teste\tets\outputs\ciciot2023\scientific_campaign_180runs_v1\run_086__alpha_0p1_seed_999__TEA_FL__SIGNFLIP_MU0P2"
"run_087__alpha_0p1_seed_999__TEA_FL__SIGNFLIP_MU0P4","4","True","0","C:\teste\tets\outputs\ciciot2023\scientific_campaign_180runs_v1\run_087__alpha_0p1_seed_999__TEA_FL__SIGNFLIP_MU0P4"
"run_088__alpha_0p1_seed_999__ARL_FL__CLEAN","4","True","0","C:\teste\tets\outputs\ciciot2023\scientific_campaign_180runs_v1\run_088__alpha_0p1_seed_999__ARL_FL__CLEAN"
"run_089__alpha_0p1_seed_999__ARL_FL__SIGNFLIP_MU0P2","4","True","0","C:\teste\tets\outputs\ciciot2023\scientific_campaign_180runs_v1\run_089__alpha_0p1_seed_999__ARL_FL__SIGNFLIP_MU0P2"
"run_090__alpha_0p1_seed_999__ARL_FL__SIGNFLIP_MU0P4","4","True","0","C:\teste\tets\outputs\ciciot2023\scientific_campaign_180runs_v1\run_090__alpha_0p1_seed_999__ARL_FL__SIGNFLIP_MU0P4"
"run_091__alpha_1p0_seed_123__FEDAVG__CLEAN","4","True","0","C:\teste\tets\outputs\ciciot2023\scientific_campaign_180runs_v1\run_091__alpha_1p0_seed_123__FEDAVG__CLEAN"
"run_092__alpha_1p0_seed_123__FEDAVG__SIGNFLIP_MU0P2","4","True","0","C:\teste\tets\outputs\ciciot2023\scientific_campaign_180runs_v1\run_092__alpha_1p0_seed_123__FEDAVG__SIGNFLIP_MU0P2"
"run_093__alpha_1p0_seed_123__FEDAVG__SIGNFLIP_MU0P4","4","True","0","C:\teste\tets\outputs\ciciot2023\scientific_campaign_180runs_v1\run_093__alpha_1p0_seed_123__FEDAVG__SIGNFLIP_MU0P4"
"run_094__alpha_1p0_seed_123__FEDPROX__CLEAN","4","True","0","C:\teste\tets\outputs\ciciot2023\scientific_campaign_180runs_v1\run_094__alpha_1p0_seed_123__FEDPROX__CLEAN"
"run_095__alpha_1p0_seed_123__FEDPROX__SIGNFLIP_MU0P2","4","True","0","C:\teste\tets\outputs\ciciot2023\scientific_campaign_180runs_v1\run_095__alpha_1p0_seed_123__FEDPROX__SIGNFLIP_MU0P2"
"run_096__alpha_1p0_seed_123__FEDPROX__SIGNFLIP_MU0P4","4","True","0","C:\teste\tets\outputs\ciciot2023\scientific_campaign_180runs_v1\run_096__alpha_1p0_seed_123__FEDPROX__SIGNFLIP_MU0P4"
"run_097__alpha_1p0_seed_123__RANDOM_TRIMMED_MEAN__CLEAN","4","True","0","C:\teste\tets\outputs\ciciot2023\scientific_campaign_180runs_v1\run_097__alpha_1p0_seed_123__RANDOM_TRIMMED_MEAN__CLEAN"
"run_098__alpha_1p0_seed_123__RANDOM_TRIMMED_MEAN__SIGNFLIP_MU0P2","4","True","0","C:\teste\tets\outputs\ciciot2023\scientific_campaign_180runs_v1\run_098__alpha_1p0_seed_123__RANDOM_TRIMMED_MEAN__SIGNFLIP_MU0P2"
"run_099__alpha_1p0_seed_123__RANDOM_TRIMMED_MEAN__SIGNFLIP_MU0P4","4","True","0","C:\teste\tets\outputs\ciciot2023\scientific_campaign_180runs_v1\run_099__alpha_1p0_seed_123__RANDOM_TRIMMED_MEAN__SIGNFLIP_MU0P4"
"run_100__alpha_1p0_seed_123__FEDLE_ADAPTED__CLEAN","4","True","0","C:\teste\tets\outputs\ciciot2023\scientific_campaign_180runs_v1\run_100__alpha_1p0_seed_123__FEDLE_ADAPTED__CLEAN"
"run_101__alpha_1p0_seed_123__FEDLE_ADAPTED__SIGNFLIP_MU0P2","4","True","0","C:\teste\tets\outputs\ciciot2023\scientific_campaign_180runs_v1\run_101__alpha_1p0_seed_123__FEDLE_ADAPTED__SIGNFLIP_MU0P2"
"run_102__alpha_1p0_seed_123__FEDLE_ADAPTED__SIGNFLIP_MU0P4","4","True","0","C:\teste\tets\outputs\ciciot2023\scientific_campaign_180runs_v1\run_102__alpha_1p0_seed_123__FEDLE_ADAPTED__SIGNFLIP_MU0P4"
"run_103__alpha_1p0_seed_123__TEA_FL__CLEAN","4","True","0","C:\teste\tets\outputs\ciciot2023\scientific_campaign_180runs_v1\run_103__alpha_1p0_seed_123__TEA_FL__CLEAN"
"run_104__alpha_1p0_seed_123__TEA_FL__SIGNFLIP_MU0P2","4","True","0","C:\teste\tets\outputs\ciciot2023\scientific_campaign_180runs_v1\run_104__alpha_1p0_seed_123__TEA_FL__SIGNFLIP_MU0P2"
"run_105__alpha_1p0_seed_123__TEA_FL__SIGNFLIP_MU0P4","4","True","0","C:\teste\tets\outputs\ciciot2023\scientific_campaign_180runs_v1\run_105__alpha_1p0_seed_123__TEA_FL__SIGNFLIP_MU0P4"
"run_106__alpha_1p0_seed_123__ARL_FL__CLEAN","4","True","0","C:\teste\tets\outputs\ciciot2023\scientific_campaign_180runs_v1\run_106__alpha_1p0_seed_123__ARL_FL__CLEAN"
"run_107__alpha_1p0_seed_123__ARL_FL__SIGNFLIP_MU0P2","4","True","0","C:\teste\tets\outputs\ciciot2023\scientific_campaign_180runs_v1\run_107__alpha_1p0_seed_123__ARL_FL__SIGNFLIP_MU0P2"
"run_108__alpha_1p0_seed_123__ARL_FL__SIGNFLIP_MU0P4","4","True","0","C:\teste\tets\outputs\ciciot2023\scientific_campaign_180runs_v1\run_108__alpha_1p0_seed_123__ARL_FL__SIGNFLIP_MU0P4"
"run_109__alpha_1p0_seed_42__FEDAVG__CLEAN","4","True","0","C:\teste\tets\outputs\ciciot2023\scientific_campaign_180runs_v1\run_109__alpha_1p0_seed_42__FEDAVG__CLEAN"
"run_110__alpha_1p0_seed_42__FEDAVG__SIGNFLIP_MU0P2","4","True","0","C:\teste\tets\outputs\ciciot2023\scientific_campaign_180runs_v1\run_110__alpha_1p0_seed_42__FEDAVG__SIGNFLIP_MU0P2"
"run_111__alpha_1p0_seed_42__FEDAVG__SIGNFLIP_MU0P4","4","True","0","C:\teste\tets\outputs\ciciot2023\scientific_campaign_180runs_v1\run_111__alpha_1p0_seed_42__FEDAVG__SIGNFLIP_MU0P4"
"run_112__alpha_1p0_seed_42__FEDPROX__CLEAN","4","True","0","C:\teste\tets\outputs\ciciot2023\scientific_campaign_180runs_v1\run_112__alpha_1p0_seed_42__FEDPROX__CLEAN"
"run_113__alpha_1p0_seed_42__FEDPROX__SIGNFLIP_MU0P2","4","True","0","C:\teste\tets\outputs\ciciot2023\scientific_campaign_180runs_v1\run_113__alpha_1p0_seed_42__FEDPROX__SIGNFLIP_MU0P2"
"run_114__alpha_1p0_seed_42__FEDPROX__SIGNFLIP_MU0P4","4","True","0","C:\teste\tets\outputs\ciciot2023\scientific_campaign_180runs_v1\run_114__alpha_1p0_seed_42__FEDPROX__SIGNFLIP_MU0P4"
"run_115__alpha_1p0_seed_42__RANDOM_TRIMMED_MEAN__CLEAN","4","True","0","C:\teste\tets\outputs\ciciot2023\scientific_campaign_180runs_v1\run_115__alpha_1p0_seed_42__RANDOM_TRIMMED_MEAN__CLEAN"
"run_116__alpha_1p0_seed_42__RANDOM_TRIMMED_MEAN__SIGNFLIP_MU0P2","4","True","0","C:\teste\tets\outputs\ciciot2023\scientific_campaign_180runs_v1\run_116__alpha_1p0_seed_42__RANDOM_TRIMMED_MEAN__SIGNFLIP_MU0P2"
"run_117__alpha_1p0_seed_42__RANDOM_TRIMMED_MEAN__SIGNFLIP_MU0P4","4","True","0","C:\teste\tets\outputs\ciciot2023\scientific_campaign_180runs_v1\run_117__alpha_1p0_seed_42__RANDOM_TRIMMED_MEAN__SIGNFLIP_MU0P4"
"run_118__alpha_1p0_seed_42__FEDLE_ADAPTED__CLEAN","4","True","0","C:\teste\tets\outputs\ciciot2023\scientific_campaign_180runs_v1\run_118__alpha_1p0_seed_42__FEDLE_ADAPTED__CLEAN"
"run_119__alpha_1p0_seed_42__FEDLE_ADAPTED__SIGNFLIP_MU0P2","4","True","0","C:\teste\tets\outputs\ciciot2023\scientific_campaign_180runs_v1\run_119__alpha_1p0_seed_42__FEDLE_ADAPTED__SIGNFLIP_MU0P2"
"run_120__alpha_1p0_seed_42__FEDLE_ADAPTED__SIGNFLIP_MU0P4","4","True","0","C:\teste\tets\outputs\ciciot2023\scientific_campaign_180runs_v1\run_120__alpha_1p0_seed_42__FEDLE_ADAPTED__SIGNFLIP_MU0P4"
"run_121__alpha_1p0_seed_42__TEA_FL__CLEAN","4","True","0","C:\teste\tets\outputs\ciciot2023\scientific_campaign_180runs_v1\run_121__alpha_1p0_seed_42__TEA_FL__CLEAN"
"run_122__alpha_1p0_seed_42__TEA_FL__SIGNFLIP_MU0P2","4","True","0","C:\teste\tets\outputs\ciciot2023\scientific_campaign_180runs_v1\run_122__alpha_1p0_seed_42__TEA_FL__SIGNFLIP_MU0P2"
"run_123__alpha_1p0_seed_42__TEA_FL__SIGNFLIP_MU0P4","4","True","0","C:\teste\tets\outputs\ciciot2023\scientific_campaign_180runs_v1\run_123__alpha_1p0_seed_42__TEA_FL__SIGNFLIP_MU0P4"
"run_124__alpha_1p0_seed_42__ARL_FL__CLEAN","4","True","0","C:\teste\tets\outputs\ciciot2023\scientific_campaign_180runs_v1\run_124__alpha_1p0_seed_42__ARL_FL__CLEAN"
"run_125__alpha_1p0_seed_42__ARL_FL__SIGNFLIP_MU0P2","4","True","0","C:\teste\tets\outputs\ciciot2023\scientific_campaign_180runs_v1\run_125__alpha_1p0_seed_42__ARL_FL__SIGNFLIP_MU0P2"
"run_126__alpha_1p0_seed_42__ARL_FL__SIGNFLIP_MU0P4","4","True","0","C:\teste\tets\outputs\ciciot2023\scientific_campaign_180runs_v1\run_126__alpha_1p0_seed_42__ARL_FL__SIGNFLIP_MU0P4"
"run_127__alpha_1p0_seed_456__FEDAVG__CLEAN","4","True","0","C:\teste\tets\outputs\ciciot2023\scientific_campaign_180runs_v1\run_127__alpha_1p0_seed_456__FEDAVG__CLEAN"
"run_128__alpha_1p0_seed_456__FEDAVG__SIGNFLIP_MU0P2","4","True","0","C:\teste\tets\outputs\ciciot2023\scientific_campaign_180runs_v1\run_128__alpha_1p0_seed_456__FEDAVG__SIGNFLIP_MU0P2"
"run_129__alpha_1p0_seed_456__FEDAVG__SIGNFLIP_MU0P4","4","True","0","C:\teste\tets\outputs\ciciot2023\scientific_campaign_180runs_v1\run_129__alpha_1p0_seed_456__FEDAVG__SIGNFLIP_MU0P4"
"run_130__alpha_1p0_seed_456__FEDPROX__CLEAN","4","True","0","C:\teste\tets\outputs\ciciot2023\scientific_campaign_180runs_v1\run_130__alpha_1p0_seed_456__FEDPROX__CLEAN"
"run_131__alpha_1p0_seed_456__FEDPROX__SIGNFLIP_MU0P2","4","True","0","C:\teste\tets\outputs\ciciot2023\scientific_campaign_180runs_v1\run_131__alpha_1p0_seed_456__FEDPROX__SIGNFLIP_MU0P2"
"run_132__alpha_1p0_seed_456__FEDPROX__SIGNFLIP_MU0P4","4","True","0","C:\teste\tets\outputs\ciciot2023\scientific_campaign_180runs_v1\run_132__alpha_1p0_seed_456__FEDPROX__SIGNFLIP_MU0P4"
"run_133__alpha_1p0_seed_456__RANDOM_TRIMMED_MEAN__CLEAN","4","True","0","C:\teste\tets\outputs\ciciot2023\scientific_campaign_180runs_v1\run_133__alpha_1p0_seed_456__RANDOM_TRIMMED_MEAN__CLEAN"
"run_134__alpha_1p0_seed_456__RANDOM_TRIMMED_MEAN__SIGNFLIP_MU0P2","4","True","0","C:\teste\tets\outputs\ciciot2023\scientific_campaign_180runs_v1\run_134__alpha_1p0_seed_456__RANDOM_TRIMMED_MEAN__SIGNFLIP_MU0P2"
"run_135__alpha_1p0_seed_456__RANDOM_TRIMMED_MEAN__SIGNFLIP_MU0P4","4","True","0","C:\teste\tets\outputs\ciciot2023\scientific_campaign_180runs_v1\run_135__alpha_1p0_seed_456__RANDOM_TRIMMED_MEAN__SIGNFLIP_MU0P4"
"run_136__alpha_1p0_seed_456__FEDLE_ADAPTED__CLEAN","4","True","0","C:\teste\tets\outputs\ciciot2023\scientific_campaign_180runs_v1\run_136__alpha_1p0_seed_456__FEDLE_ADAPTED__CLEAN"
"run_137__alpha_1p0_seed_456__FEDLE_ADAPTED__SIGNFLIP_MU0P2","4","True","0","C:\teste\tets\outputs\ciciot2023\scientific_campaign_180runs_v1\run_137__alpha_1p0_seed_456__FEDLE_ADAPTED__SIGNFLIP_MU0P2"
"run_138__alpha_1p0_seed_456__FEDLE_ADAPTED__SIGNFLIP_MU0P4","4","True","0","C:\teste\tets\outputs\ciciot2023\scientific_campaign_180runs_v1\run_138__alpha_1p0_seed_456__FEDLE_ADAPTED__SIGNFLIP_MU0P4"
"run_139__alpha_1p0_seed_456__TEA_FL__CLEAN","4","True","0","C:\teste\tets\outputs\ciciot2023\scientific_campaign_180runs_v1\run_139__alpha_1p0_seed_456__TEA_FL__CLEAN"
"run_140__alpha_1p0_seed_456__TEA_FL__SIGNFLIP_MU0P2","4","True","0","C:\teste\tets\outputs\ciciot2023\scientific_campaign_180runs_v1\run_140__alpha_1p0_seed_456__TEA_FL__SIGNFLIP_MU0P2"
"run_141__alpha_1p0_seed_456__TEA_FL__SIGNFLIP_MU0P4","4","True","0","C:\teste\tets\outputs\ciciot2023\scientific_campaign_180runs_v1\run_141__alpha_1p0_seed_456__TEA_FL__SIGNFLIP_MU0P4"
"run_142__alpha_1p0_seed_456__ARL_FL__CLEAN","4","True","0","C:\teste\tets\outputs\ciciot2023\scientific_campaign_180runs_v1\run_142__alpha_1p0_seed_456__ARL_FL__CLEAN"
"run_143__alpha_1p0_seed_456__ARL_FL__SIGNFLIP_MU0P2","4","True","0","C:\teste\tets\outputs\ciciot2023\scientific_campaign_180runs_v1\run_143__alpha_1p0_seed_456__ARL_FL__SIGNFLIP_MU0P2"
"run_144__alpha_1p0_seed_456__ARL_FL__SIGNFLIP_MU0P4","4","True","0","C:\teste\tets\outputs\ciciot2023\scientific_campaign_180runs_v1\run_144__alpha_1p0_seed_456__ARL_FL__SIGNFLIP_MU0P4"
"run_145__alpha_1p0_seed_789__FEDAVG__CLEAN","4","True","0","C:\teste\tets\outputs\ciciot2023\scientific_campaign_180runs_v1\run_145__alpha_1p0_seed_789__FEDAVG__CLEAN"
"run_146__alpha_1p0_seed_789__FEDAVG__SIGNFLIP_MU0P2","4","True","0","C:\teste\tets\outputs\ciciot2023\scientific_campaign_180runs_v1\run_146__alpha_1p0_seed_789__FEDAVG__SIGNFLIP_MU0P2"
"run_147__alpha_1p0_seed_789__FEDAVG__SIGNFLIP_MU0P4","4","True","0","C:\teste\tets\outputs\ciciot2023\scientific_campaign_180runs_v1\run_147__alpha_1p0_seed_789__FEDAVG__SIGNFLIP_MU0P4"
"run_148__alpha_1p0_seed_789__FEDPROX__CLEAN","4","True","0","C:\teste\tets\outputs\ciciot2023\scientific_campaign_180runs_v1\run_148__alpha_1p0_seed_789__FEDPROX__CLEAN"
"run_149__alpha_1p0_seed_789__FEDPROX__SIGNFLIP_MU0P2","4","True","0","C:\teste\tets\outputs\ciciot2023\scientific_campaign_180runs_v1\run_149__alpha_1p0_seed_789__FEDPROX__SIGNFLIP_MU0P2"
"run_150__alpha_1p0_seed_789__FEDPROX__SIGNFLIP_MU0P4","4","True","0","C:\teste\tets\outputs\ciciot2023\scientific_campaign_180runs_v1\run_150__alpha_1p0_seed_789__FEDPROX__SIGNFLIP_MU0P4"
"run_151__alpha_1p0_seed_789__RANDOM_TRIMMED_MEAN__CLEAN","4","True","0","C:\teste\tets\outputs\ciciot2023\scientific_campaign_180runs_v1\run_151__alpha_1p0_seed_789__RANDOM_TRIMMED_MEAN__CLEAN"
"run_152__alpha_1p0_seed_789__RANDOM_TRIMMED_MEAN__SIGNFLIP_MU0P2","4","True","0","C:\teste\tets\outputs\ciciot2023\scientific_campaign_180runs_v1\run_152__alpha_1p0_seed_789__RANDOM_TRIMMED_MEAN__SIGNFLIP_MU0P2"
"run_153__alpha_1p0_seed_789__RANDOM_TRIMMED_MEAN__SIGNFLIP_MU0P4","4","True","0","C:\teste\tets\outputs\ciciot2023\scientific_campaign_180runs_v1\run_153__alpha_1p0_seed_789__RANDOM_TRIMMED_MEAN__SIGNFLIP_MU0P4"
"run_154__alpha_1p0_seed_789__FEDLE_ADAPTED__CLEAN","4","True","0","C:\teste\tets\outputs\ciciot2023\scientific_campaign_180runs_v1\run_154__alpha_1p0_seed_789__FEDLE_ADAPTED__CLEAN"
"run_155__alpha_1p0_seed_789__FEDLE_ADAPTED__SIGNFLIP_MU0P2","4","True","0","C:\teste\tets\outputs\ciciot2023\scientific_campaign_180runs_v1\run_155__alpha_1p0_seed_789__FEDLE_ADAPTED__SIGNFLIP_MU0P2"
"run_156__alpha_1p0_seed_789__FEDLE_ADAPTED__SIGNFLIP_MU0P4","4","True","0","C:\teste\tets\outputs\ciciot2023\scientific_campaign_180runs_v1\run_156__alpha_1p0_seed_789__FEDLE_ADAPTED__SIGNFLIP_MU0P4"
"run_157__alpha_1p0_seed_789__TEA_FL__CLEAN","4","True","0","C:\teste\tets\outputs\ciciot2023\scientific_campaign_180runs_v1\run_157__alpha_1p0_seed_789__TEA_FL__CLEAN"
"run_158__alpha_1p0_seed_789__TEA_FL__SIGNFLIP_MU0P2","4","True","0","C:\teste\tets\outputs\ciciot2023\scientific_campaign_180runs_v1\run_158__alpha_1p0_seed_789__TEA_FL__SIGNFLIP_MU0P2"
"run_159__alpha_1p0_seed_789__TEA_FL__SIGNFLIP_MU0P4","4","True","0","C:\teste\tets\outputs\ciciot2023\scientific_campaign_180runs_v1\run_159__alpha_1p0_seed_789__TEA_FL__SIGNFLIP_MU0P4"
"run_160__alpha_1p0_seed_789__ARL_FL__CLEAN","4","True","0","C:\teste\tets\outputs\ciciot2023\scientific_campaign_180runs_v1\run_160__alpha_1p0_seed_789__ARL_FL__CLEAN"
"run_161__alpha_1p0_seed_789__ARL_FL__SIGNFLIP_MU0P2","4","True","0","C:\teste\tets\outputs\ciciot2023\scientific_campaign_180runs_v1\run_161__alpha_1p0_seed_789__ARL_FL__SIGNFLIP_MU0P2"
"run_162__alpha_1p0_seed_789__ARL_FL__SIGNFLIP_MU0P4","4","True","0","C:\teste\tets\outputs\ciciot2023\scientific_campaign_180runs_v1\run_162__alpha_1p0_seed_789__ARL_FL__SIGNFLIP_MU0P4"
"run_163__alpha_1p0_seed_999__FEDAVG__CLEAN","4","True","0","C:\teste\tets\outputs\ciciot2023\scientific_campaign_180runs_v1\run_163__alpha_1p0_seed_999__FEDAVG__CLEAN"
"run_164__alpha_1p0_seed_999__FEDAVG__SIGNFLIP_MU0P2","4","True","0","C:\teste\tets\outputs\ciciot2023\scientific_campaign_180runs_v1\run_164__alpha_1p0_seed_999__FEDAVG__SIGNFLIP_MU0P2"
"run_165__alpha_1p0_seed_999__FEDAVG__SIGNFLIP_MU0P4","4","True","0","C:\teste\tets\outputs\ciciot2023\scientific_campaign_180runs_v1\run_165__alpha_1p0_seed_999__FEDAVG__SIGNFLIP_MU0P4"
"run_166__alpha_1p0_seed_999__FEDPROX__CLEAN","4","True","0","C:\teste\tets\outputs\ciciot2023\scientific_campaign_180runs_v1\run_166__alpha_1p0_seed_999__FEDPROX__CLEAN"
"run_167__alpha_1p0_seed_999__FEDPROX__SIGNFLIP_MU0P2","4","True","0","C:\teste\tets\outputs\ciciot2023\scientific_campaign_180runs_v1\run_167__alpha_1p0_seed_999__FEDPROX__SIGNFLIP_MU0P2"
"run_168__alpha_1p0_seed_999__FEDPROX__SIGNFLIP_MU0P4","4","True","0","C:\teste\tets\outputs\ciciot2023\scientific_campaign_180runs_v1\run_168__alpha_1p0_seed_999__FEDPROX__SIGNFLIP_MU0P4"
"run_169__alpha_1p0_seed_999__RANDOM_TRIMMED_MEAN__CLEAN","4","True","0","C:\teste\tets\outputs\ciciot2023\scientific_campaign_180runs_v1\run_169__alpha_1p0_seed_999__RANDOM_TRIMMED_MEAN__CLEAN"
"run_170__alpha_1p0_seed_999__RANDOM_TRIMMED_MEAN__SIGNFLIP_MU0P2","4","True","0","C:\teste\tets\outputs\ciciot2023\scientific_campaign_180runs_v1\run_170__alpha_1p0_seed_999__RANDOM_TRIMMED_MEAN__SIGNFLIP_MU0P2"
"run_171__alpha_1p0_seed_999__RANDOM_TRIMMED_MEAN__SIGNFLIP_MU0P4","4","True","0","C:\teste\tets\outputs\ciciot2023\scientific_campaign_180runs_v1\run_171__alpha_1p0_seed_999__RANDOM_TRIMMED_MEAN__SIGNFLIP_MU0P4"
"run_172__alpha_1p0_seed_999__FEDLE_ADAPTED__CLEAN","4","True","0","C:\teste\tets\outputs\ciciot2023\scientific_campaign_180runs_v1\run_172__alpha_1p0_seed_999__FEDLE_ADAPTED__CLEAN"
"run_173__alpha_1p0_seed_999__FEDLE_ADAPTED__SIGNFLIP_MU0P2","4","True","0","C:\teste\tets\outputs\ciciot2023\scientific_campaign_180runs_v1\run_173__alpha_1p0_seed_999__FEDLE_ADAPTED__SIGNFLIP_MU0P2"
"run_174__alpha_1p0_seed_999__FEDLE_ADAPTED__SIGNFLIP_MU0P4","4","True","0","C:\teste\tets\outputs\ciciot2023\scientific_campaign_180runs_v1\run_174__alpha_1p0_seed_999__FEDLE_ADAPTED__SIGNFLIP_MU0P4"
"run_175__alpha_1p0_seed_999__TEA_FL__CLEAN","4","True","0","C:\teste\tets\outputs\ciciot2023\scientific_campaign_180runs_v1\run_175__alpha_1p0_seed_999__TEA_FL__CLEAN"
"run_176__alpha_1p0_seed_999__TEA_FL__SIGNFLIP_MU0P2","4","True","0","C:\teste\tets\outputs\ciciot2023\scientific_campaign_180runs_v1\run_176__alpha_1p0_seed_999__TEA_FL__SIGNFLIP_MU0P2"
"run_177__alpha_1p0_seed_999__TEA_FL__SIGNFLIP_MU0P4","4","True","0","C:\teste\tets\outputs\ciciot2023\scientific_campaign_180runs_v1\run_177__alpha_1p0_seed_999__TEA_FL__SIGNFLIP_MU0P4"
"run_178__alpha_1p0_seed_999__ARL_FL__CLEAN","4","True","0","C:\teste\tets\outputs\ciciot2023\scientific_campaign_180runs_v1\run_178__alpha_1p0_seed_999__ARL_FL__CLEAN"
"run_179__alpha_1p0_seed_999__ARL_FL__SIGNFLIP_MU0P2","4","True","0","C:\teste\tets\outputs\ciciot2023\scientific_campaign_180runs_v1\run_179__alpha_1p0_seed_999__ARL_FL__SIGNFLIP_MU0P2"
"run_180__alpha_1p0_seed_999__ARL_FL__SIGNFLIP_MU0P4","4","True","0","C:\teste\tets\outputs\ciciot2023\scientific_campaign_180runs_v1\run_180__alpha_1p0_seed_999__ARL_FL__SIGNFLIP_MU0P4"
