alpha,method_id,scenario_id,n,test_accuracy_mean,test_accuracy_std,test_accuracy_min,test_accuracy_max,test_macro_f1_mean,test_macro_f1_std,test_macro_f1_min,test_macro_f1_max,test_balanced_accuracy_mean,test_balanced_accuracy_std,test_balanced_accuracy_min,test_balanced_accuracy_max,test_loss_mean,test_loss_std,test_loss_min,test_loss_max,best_round_mean
0.1,ARL_FL,CLEAN,5,0.907913187066,0.021372229199,0.880662185966,0.940457016016,0.371719643049,0.036234039187,0.315698221933,0.407159377699,0.413018365446,0.029515352958,0.372084345609,0.450483329594,0.450657287630,0.342260257125,0.212529168630,1.040353200433,14.800000000000
0.1,ARL_FL,SIGNFLIP_MU0P2,5,0.847071818183,0.069647569436,0.771807162289,0.929809873139,0.257298508981,0.105808607115,0.124458426840,0.369960937272,0.305387150944,0.114855030340,0.142857142857,0.425219807943,0.997585251327,0.765298663129,0.446748662013,2.210858973205,13.600000000000
0.1,ARL_FL,SIGNFLIP_MU0P4,5,0.788271224194,0.035276254945,0.771807162289,0.851338312892,0.153306832958,0.056800530741,0.124458426840,0.254300634747,0.164627757989,0.044583209422,0.142857142857,0.244166260742,1.365453454447,0.595722115556,0.597152717373,2.210858973205,3.200000000000
0.1,FEDAVG,CLEAN,5,0.903661000694,0.022982385900,0.878270856818,0.940772186140,0.366870675748,0.035827236093,0.311461768709,0.399818632650,0.401866318879,0.030235188166,0.360678045927,0.425502440578,0.450820047991,0.295689664808,0.226977440481,0.928980219813,14.800000000000
0.1,FEDAVG,SIGNFLIP_MU0P2,5,0.791478901970,0.026797179528,0.771807162289,0.822925629518,0.172618477554,0.055433804226,0.124458426840,0.234097358057,0.201301504005,0.069545609263,0.142857142857,0.283387744256,2.202309728573,2.049096983388,0.746354513476,5.797655594097,6.400000000000
0.1,FEDAVG,SIGNFLIP_MU0P4,5,0.777495692997,0.012576407296,0.771807162289,0.799992169086,0.142974521733,0.041047988898,0.124458426840,0.216401737872,0.158164335996,0.034054780289,0.142857142857,0.219082905070,1.438301283842,0.493722831255,0.930982641912,2.070199077964,2.200000000000
0.1,FEDLE_ADAPTED,CLEAN,5,0.903073102067,0.023166764013,0.878397021546,0.940452665508,0.365133931011,0.033874865687,0.311662533561,0.392124508997,0.400458335703,0.028899963123,0.361190804434,0.425121833325,0.450162351131,0.297468937044,0.223253881254,0.927685352712,14.800000000000
0.1,FEDLE_ADAPTED,SIGNFLIP_MU0P2,5,0.791396145643,0.026866266845,0.771807162289,0.822927079688,0.167580580241,0.059061531687,0.124458426840,0.234094169200,0.196295964351,0.073338655087,0.142857142857,0.283397754764,2.468757279509,2.636200603491,0.747107459564,7.130281663764,6.400000000000
0.1,FEDLE_ADAPTED,SIGNFLIP_MU0P4,5,0.707681933404,0.159603844345,0.423009062591,0.799979117562,0.150673049921,0.040453534829,0.124458426840,0.216375900429,0.179544444724,0.051422053327,0.142857142857,0.250103185299,1.581922243769,0.405829908472,1.142047224294,2.069984087955,3.200000000000
0.1,FEDPROX,CLEAN,5,0.901147470614,0.022894948784,0.875626231435,0.926293696017,0.402137510193,0.066662798311,0.345624341862,0.516407834275,0.421509612082,0.053758907135,0.377772872445,0.514405826016,0.260904703242,0.072668994846,0.180766687351,0.353985545971,17.400000000000
0.1,FEDPROX,SIGNFLIP_MU0P2,5,0.766101132872,0.047327201019,0.689935921853,0.820801614909,0.183797285656,0.071412265151,0.124458426840,0.283724842058,0.220497531608,0.099537757286,0.142857142857,0.368711904287,1.023042667705,0.192685471979,0.753895623995,1.245290872772,5.400000000000
0.1,FEDPROX,SIGNFLIP_MU0P4,5,0.776167241256,0.009749432957,0.771807162289,0.793607557122,0.139830827107,0.034373731975,0.124458426840,0.201320428176,0.154639631395,0.026346445314,0.142857142857,0.201769585545,0.931263633435,0.266871757810,0.545215153440,1.245290872772,1.600000000000
0.1,RANDOM_TRIMMED_MEAN,CLEAN,5,0.898346903695,0.030727578632,0.868170911151,0.939678275111,0.344976621123,0.035921284790,0.297925438881,0.379129963799,0.404092677997,0.028086094933,0.373139509632,0.431802301398,0.481318342095,0.337900769888,0.260973905375,1.069928873184,14.800000000000
0.1,RANDOM_TRIMMED_MEAN,SIGNFLIP_MU0P2,5,0.851869944951,0.062268930885,0.771807162289,0.933503454303,0.276387275065,0.100100975244,0.124458426840,0.374639494198,0.316508725482,0.116301909949,0.142857142857,0.416813857934,0.925626974899,0.891177251503,0.342286694947,2.493536328124,10.400000000000
0.1,RANDOM_TRIMMED_MEAN,SIGNFLIP_MU0P4,5,0.788996212158,0.034061000314,0.771807162289,0.849598109753,0.155705568592,0.051458070538,0.124458426840,0.243004322767,0.166004623322,0.040571172931,0.142857142857,0.236541597556,1.608129130196,0.672924592570,0.779343966997,2.493536328124,3.200000000000
0.1,TEA_FL,CLEAN,5,0.818796417502,0.041754845448,0.771807162289,0.882314412169,0.221740723256,0.080540744749,0.124458426840,0.343051410406,0.250455096319,0.074871532553,0.142857142857,0.338101164115,1.232042863191,0.608864347017,0.708655300540,2.166705906416,12.000000000000
0.1,TEA_FL,SIGNFLIP_MU0P2,5,0.854542606940,0.059843385504,0.771807162289,0.919771317972,0.276016692976,0.098240837994,0.124458426840,0.364258201560,0.316521309250,0.111151178145,0.142857142857,0.400227641641,0.904498465882,0.731725018274,0.336493478506,2.166705906416,12.800000000000
0.1,TEA_FL,SIGNFLIP_MU0P4,5,0.792871741228,0.047101830424,0.771807162289,0.877130056982,0.150662173574,0.058593358963,0.124458426840,0.255477160511,0.170814202232,0.062513885213,0.142857142857,0.282642439732,1.521309471008,0.636415260019,0.460001655871,2.166705906416,2.400000000000
1.0,ARL_FL,CLEAN,5,0.965545718037,0.001017933884,0.964454900702,0.966677526823,0.615817814350,0.015799526740,0.588985529348,0.629756846105,0.600255780240,0.015709187303,0.574841263176,0.614547146552,0.099746827123,0.003723123996,0.095441860367,0.104848726183,18.400000000000
1.0,ARL_FL,SIGNFLIP_MU0P2,5,0.964261254764,0.001693047316,0.961703446182,0.965892018462,0.585714388890,0.022733542274,0.565154213513,0.612408354484,0.580098721260,0.011353270314,0.569482878294,0.595000665977,0.100947961889,0.003274746572,0.096234906711,0.105107518505,16.200000000000
1.0,ARL_FL,SIGNFLIP_MU0P4,5,0.961704316284,0.001712913543,0.959439248542,0.963624920482,0.549857190300,0.012769658083,0.537657596033,0.563644711990,0.547856216963,0.015040862209,0.532089190891,0.562609307334,0.107965620040,0.002464251348,0.104820416631,0.111469912380,4.400000000000
1.0,FEDAVG,CLEAN,5,0.965004128148,0.001096846008,0.963831327910,0.966301932979,0.615253750989,0.012959042447,0.593392056055,0.627495059056,0.598530741818,0.014273732453,0.576903677374,0.612144358572,0.100884844554,0.004425217999,0.095121616162,0.105388218279,18.400000000000
1.0,FEDAVG,SIGNFLIP_MU0P2,5,0.961847206297,0.000566166489,0.961244709299,0.962682310448,0.549465914718,0.009964686042,0.538734623006,0.563630878712,0.546570630163,0.013477688750,0.531392043942,0.565982191927,0.112097815911,0.004836255592,0.108734565299,0.119644667603,4.400000000000
1.0,FEDAVG,SIGNFLIP_MU0P4,5,0.961772860952,0.000542586177,0.961244709299,0.962682310448,0.549077857145,0.009874535453,0.538734623006,0.563630878712,0.547292140440,0.013675635702,0.531392043942,0.565982191927,0.110049406821,0.005750912154,0.104061633850,0.119644667603,3.800000000000
1.0,FEDLE_ADAPTED,CLEAN,5,0.965528702717,0.000964367940,0.964010182122,0.966570697686,0.615564704473,0.013139008034,0.593987820806,0.627930285587,0.596113576256,0.012687473591,0.578002757220,0.612634925154,0.099756673347,0.004352410379,0.095004486392,0.105104909537,17.600000000000
1.0,FEDLE_ADAPTED,SIGNFLIP_MU0P2,5,0.961915557609,0.000607482800,0.961264044890,0.962700679259,0.549785710580,0.009854006760,0.538868867788,0.563586313383,0.546908341347,0.013328019359,0.531525084369,0.565794242480,0.111929367749,0.004669956996,0.108727867332,0.119413785401,4.400000000000
1.0,FEDLE_ADAPTED,SIGNFLIP_MU0P4,5,0.961776051324,0.000543936935,0.961264044890,0.962700679259,0.549211877668,0.009714961295,0.538868867788,0.563586313383,0.547405747967,0.013476326161,0.531525084369,0.565794242480,0.110028967300,0.005630244856,0.104146255971,0.119413785401,3.800000000000
1.0,FEDPROX,CLEAN,5,0.965611072333,0.001021960576,0.964612485764,0.966866532220,0.618973071455,0.005913928660,0.609223450212,0.624458834371,0.602357760987,0.009104384466,0.586789458869,0.608932247907,0.096529270228,0.003596426301,0.091649736392,0.101698631120,19.000000000000
1.0,FEDPROX,SIGNFLIP_MU0P2,5,0.945927731297,0.002764151183,0.942141145943,0.949460150315,0.531527727593,0.010011020668,0.519270721738,0.544002269285,0.534498557782,0.011727923362,0.518276797994,0.549740704788,0.140772990240,0.009476466468,0.132928484991,0.157101446117,6.600000000000
1.0,FEDPROX,SIGNFLIP_MU0P4,5,0.947777373879,0.002690138729,0.944445948324,0.951389358851,0.530628658764,0.009453348867,0.519270721738,0.544002269285,0.533022653112,0.011862538194,0.518276797994,0.549740704788,0.135964971424,0.003019906233,0.132928484991,0.140075713289,4.000000000000
1.0,RANDOM_TRIMMED_MEAN,CLEAN,5,0.965662988393,0.001105933837,0.964076406519,0.966667859028,0.614037439454,0.020648956034,0.577317967803,0.625949129744,0.598215883390,0.018743957098,0.566199544606,0.611458956162,0.099455073579,0.003723819903,0.095611054518,0.105175632291,18.400000000000
1.0,RANDOM_TRIMMED_MEAN,SIGNFLIP_MU0P2,5,0.964164866845,0.001082250896,0.962361339647,0.965189169749,0.580675285474,0.017393074141,0.566043262144,0.608791508728,0.578284697782,0.008510066170,0.568487308427,0.590701736923,0.101157555487,0.004034929107,0.095797170487,0.105641288751,15.400000000000
1.0,RANDOM_TRIMMED_MEAN,SIGNFLIP_MU0P4,5,0.960751941777,0.003547370452,0.954709279730,0.963446549661,0.549054152530,0.013658362487,0.535632387809,0.565056565563,0.547460359061,0.015534322141,0.531393562812,0.565688850890,0.108987957232,0.003209504003,0.105342088544,0.113947353049,4.400000000000
1.0,TEA_FL,CLEAN,5,0.963967353789,0.001563376524,0.962156382388,0.966178185200,0.598817689060,0.024479247349,0.564508484978,0.619966958144,0.583647231591,0.019414002298,0.560851433505,0.605155794901,0.103570420860,0.003502572460,0.098691565558,0.107325031655,16.600000000000
1.0,TEA_FL,SIGNFLIP_MU0P2,5,0.964491735002,0.001283689243,0.962462368107,0.965925855745,0.584682510749,0.023105262041,0.562931375366,0.609937425933,0.578172276597,0.013283648450,0.562895343711,0.592181801722,0.102638796158,0.005032352770,0.095576584231,0.108091594584,16.200000000000
1.0,TEA_FL,SIGNFLIP_MU0P4,5,0.961590139622,0.000671909560,0.960607118204,0.962224056955,0.555321629641,0.016342966942,0.537093428289,0.579544828329,0.552265965739,0.012074675320,0.534458267217,0.565896265917,0.111138039843,0.006033495093,0.104648367092,0.119820080050,7.000000000000
