run_index,run_directory,config_id,alpha,experimental_seed,method_id,scenario_id,runner_generation,runner_sha256,build_binding_sha256,best_round,validation_loss,validation_accuracy,validation_macro_f1,validation_balanced_accuracy,test_loss,test_accuracy,test_macro_f1,test_balanced_accuracy,scientific_optimizer_steps,run_result_binding_sha256,run_state_status
1,run_001__alpha_0p1_seed_123__FEDAVG__CLEAN,alpha_0p1_seed_123,0.1,123,FEDAVG,CLEAN,RUNNER_V4_INITIAL_ACCEPTED,F0D3CE89AA9A9B14FF3084E913A5301732CD8DE0854A95E1F3E865B9FD2BC688,333EDF80A9B1272CC745B76F70F8DCB47D005332028E2581BD24994810EEFF52,17,0.234729886541,0.902637084502,0.391390438670,0.425374991971,0.234733754235,0.902595029593,0.391245069624,0.425045460938,36000,BFD4ADBEAC6AD4CE2D60F6560171D9ADDFD0E5FC578CB324CBEE513C8EB0F948,IN_PROGRESS
2,run_002__alpha_0p1_seed_123__FEDAVG__SIGNFLIP_MU0P2,alpha_0p1_seed_123,0.1,123,FEDAVG,SIGNFLIP_MU0P2,RUNNER_V4_INITIAL_ACCEPTED,F0D3CE89AA9A9B14FF3084E913A5301732CD8DE0854A95E1F3E865B9FD2BC688,333EDF80A9B1272CC745B76F70F8DCB47D005332028E2581BD24994810EEFF52,1,1.852513232563,0.771807162289,0.124458426840,0.142857142857,1.852680443426,0.771807162289,0.124458426840,0.142857142857,36000,1F6DC1703616A3615551FDC6527F134FEAFF040704E2C1BB29B1840E7E6AFE79,IN_PROGRESS
3,run_003__alpha_0p1_seed_123__FEDAVG__SIGNFLIP_MU0P4,alpha_0p1_seed_123,0.1,123,FEDAVG,SIGNFLIP_MU0P4,RUNNER_V4_INITIAL_ACCEPTED,F0D3CE89AA9A9B14FF3084E913A5301732CD8DE0854A95E1F3E865B9FD2BC688,333EDF80A9B1272CC745B76F70F8DCB47D005332028E2581BD24994810EEFF52,1,1.852513232563,0.771807162289,0.124458426840,0.142857142857,1.852680443426,0.771807162289,0.124458426840,0.142857142857,36000,75F46E349BA5650B03EFDBC898BAB9205384677677F9577877374BAEB224C91F,IN_PROGRESS
4,run_004__alpha_0p1_seed_123__FEDPROX__CLEAN,alpha_0p1_seed_123,0.1,123,FEDPROX,CLEAN,RUNNER_V5_FEDPROX_REPAIR_ACCEPTED,38F2047D95802F625FE9C597EAC46407F26A3A2874902D6BC3515F798D850CA1,4093D90C4BE87B4008237EB7CA16B0EBC9F0DDD08EF42EC443C8A5E494187274,17,0.180682667214,0.926600165126,0.517044079552,0.514784109970,0.180766687351,0.926293696017,0.516407834275,0.514405826016,36000,140C9B310FC49BBFA81D28C6ED580C4B9919EEA195BA96276937203ABEB3C77B,IN_PROGRESS
5,run_005__alpha_0p1_seed_123__FEDPROX__SIGNFLIP_MU0P2,alpha_0p1_seed_123,0.1,123,FEDPROX,SIGNFLIP_MU0P2,RUNNER_V5_FEDPROX_REPAIR_ACCEPTED,38F2047D95802F625FE9C597EAC46407F26A3A2874902D6BC3515F798D850CA1,4093D90C4BE87B4008237EB7CA16B0EBC9F0DDD08EF42EC443C8A5E494187274,1,1.245187835623,0.771807162289,0.124458426840,0.142857142857,1.245290872772,0.771807162289,0.124458426840,0.142857142857,36000,4DF7D5FCE3665FD9DEF52AC6CFA6E97DFF2421683A7A838E6A628B115EDF4DA4,IN_PROGRESS
6,run_006__alpha_0p1_seed_123__FEDPROX__SIGNFLIP_MU0P4,alpha_0p1_seed_123,0.1,123,FEDPROX,SIGNFLIP_MU0P4,RUNNER_V5_FEDPROX_REPAIR_ACCEPTED,38F2047D95802F625FE9C597EAC46407F26A3A2874902D6BC3515F798D850CA1,4093D90C4BE87B4008237EB7CA16B0EBC9F0DDD08EF42EC443C8A5E494187274,1,1.245187835623,0.771807162289,0.124458426840,0.142857142857,1.245290872772,0.771807162289,0.124458426840,0.142857142857,36000,1D4F5C343A30075A128EED458A3E4667CB4F7E794D4BE67C6A36EF7B9523C2DF,IN_PROGRESS
7,run_007__alpha_0p1_seed_123__RANDOM_TRIMMED_MEAN__CLEAN,alpha_0p1_seed_123,0.1,123,RANDOM_TRIMMED_MEAN,CLEAN,RUNNER_V6R1_CONTEXT_BRIDGE_ACCEPTED,38F2047D95802F625FE9C597EAC46407F26A3A2874902D6BC3515F798D850CA1,D9BE0D1FF33073102A32B2092E8A5ACD0FDD3A36FEBB9142D88DEAF81E64D611,17,0.282519085743,0.882067883391,0.364679026466,0.431911845768,0.282473374279,0.882130724060,0.364575565717,0.431802301398,36000,EEFC7AB0F3BD565A2AACB4D0790349E7C018284EFA397A78BE579F936876F24E,IN_PROGRESS
8,run_008__alpha_0p1_seed_123__RANDOM_TRIMMED_MEAN__SIGNFLIP_MU0P2,alpha_0p1_seed_123,0.1,123,RANDOM_TRIMMED_MEAN,SIGNFLIP_MU0P2,RUNNER_V6R1_CONTEXT_BRIDGE_ACCEPTED,38F2047D95802F625FE9C597EAC46407F26A3A2874902D6BC3515F798D850CA1,D9BE0D1FF33073102A32B2092E8A5ACD0FDD3A36FEBB9142D88DEAF81E64D611,1,2.493358971016,0.771807162289,0.124458426840,0.142857142857,2.493536328124,0.771807162289,0.124458426840,0.142857142857,36000,6A61A3EA4E6D63954017FAF18EC533FE6153785488DEA518790B7B27D5614E9A,IN_PROGRESS
9,run_009__alpha_0p1_seed_123__RANDOM_TRIMMED_MEAN__SIGNFLIP_MU0P4,alpha_0p1_seed_123,0.1,123,RANDOM_TRIMMED_MEAN,SIGNFLIP_MU0P4,RUNNER_V6R1_CONTEXT_BRIDGE_ACCEPTED,38F2047D95802F625FE9C597EAC46407F26A3A2874902D6BC3515F798D850CA1,D9BE0D1FF33073102A32B2092E8A5ACD0FDD3A36FEBB9142D88DEAF81E64D611,1,2.493358971016,0.771807162289,0.124458426840,0.142857142857,2.493536328124,0.771807162289,0.124458426840,0.142857142857,36000,B424E6825D1B8C24485C1ED6100A602440B8031F583A2922B529CB16BC03836E,IN_PROGRESS
10,run_010__alpha_0p1_seed_123__FEDLE_ADAPTED__CLEAN,alpha_0p1_seed_123,0.1,123,FEDLE_ADAPTED,CLEAN,RUNNER_V6R1_CONTEXT_BRIDGE_ACCEPTED,38F2047D95802F625FE9C597EAC46407F26A3A2874902D6BC3515F798D850CA1,D9BE0D1FF33073102A32B2092E8A5ACD0FDD3A36FEBB9142D88DEAF81E64D611,17,0.234403759978,0.902996243095,0.390444565067,0.422673124438,0.234408758145,0.902958055304,0.390206106693,0.422215169889,36000,E69402B4C97B3070C8FB9E0F08E18090636C46AC2631A2B54BBA4D377439267D,IN_PROGRESS
11,run_011__alpha_0p1_seed_123__FEDLE_ADAPTED__SIGNFLIP_MU0P2,alpha_0p1_seed_123,0.1,123,FEDLE_ADAPTED,SIGNFLIP_MU0P2,RUNNER_V6R1_CONTEXT_BRIDGE_ACCEPTED,38F2047D95802F625FE9C597EAC46407F26A3A2874902D6BC3515F798D850CA1,D9BE0D1FF33073102A32B2092E8A5ACD0FDD3A36FEBB9142D88DEAF81E64D611,1,1.852513235869,0.771807162289,0.124458426840,0.142857142857,1.852680443431,0.771807162289,0.124458426840,0.142857142857,36000,D79CE105FC8653960CD9BEC924AD9CE9545DDCA1E3DE19CB7FBE42E9AEFF059E,IN_PROGRESS
12,run_012__alpha_0p1_seed_123__FEDLE_ADAPTED__SIGNFLIP_MU0P4,alpha_0p1_seed_123,0.1,123,FEDLE_ADAPTED,SIGNFLIP_MU0P4,RUNNER_V6R1_CONTEXT_BRIDGE_ACCEPTED,38F2047D95802F625FE9C597EAC46407F26A3A2874902D6BC3515F798D850CA1,D9BE0D1FF33073102A32B2092E8A5ACD0FDD3A36FEBB9142D88DEAF81E64D611,1,1.852513235869,0.771807162289,0.124458426840,0.142857142857,1.852680443431,0.771807162289,0.124458426840,0.142857142857,36000,594CD7F4248F791DBA87451D25906D7475267543AAC355896815814CB12EC7F8,IN_PROGRESS
13,run_013__alpha_0p1_seed_123__TEA_FL__CLEAN,alpha_0p1_seed_123,0.1,123,TEA_FL,CLEAN,RUNNER_V6R1_CONTEXT_BRIDGE_ACCEPTED,38F2047D95802F625FE9C597EAC46407F26A3A2874902D6BC3515F798D850CA1,D9BE0D1FF33073102A32B2092E8A5ACD0FDD3A36FEBB9142D88DEAF81E64D611,1,2.166535188158,0.771807162289,0.124458426840,0.142857142857,2.166705906416,0.771807162289,0.124458426840,0.142857142857,36000,D5488870163B62CF9BD0CB00C83974C9896C5B5C1805BBD033A077F2F499DB82,IN_PROGRESS
14,run_014__alpha_0p1_seed_123__TEA_FL__SIGNFLIP_MU0P2,alpha_0p1_seed_123,0.1,123,TEA_FL,SIGNFLIP_MU0P2,RUNNER_V6R1_CONTEXT_BRIDGE_ACCEPTED,38F2047D95802F625FE9C597EAC46407F26A3A2874902D6BC3515F798D850CA1,D9BE0D1FF33073102A32B2092E8A5ACD0FDD3A36FEBB9142D88DEAF81E64D611,1,2.166535188158,0.771807162289,0.124458426840,0.142857142857,2.166705906416,0.771807162289,0.124458426840,0.142857142857,36000,CFA5C9271DB145C534FC420DBF0FE6394DF25B8998BEEBB19D3492CFE930B33F,IN_PROGRESS
15,run_015__alpha_0p1_seed_123__TEA_FL__SIGNFLIP_MU0P4,alpha_0p1_seed_123,0.1,123,TEA_FL,SIGNFLIP_MU0P4,RUNNER_V6R1_CONTEXT_BRIDGE_ACCEPTED,38F2047D95802F625FE9C597EAC46407F26A3A2874902D6BC3515F798D850CA1,D9BE0D1FF33073102A32B2092E8A5ACD0FDD3A36FEBB9142D88DEAF81E64D611,1,2.166535188158,0.771807162289,0.124458426840,0.142857142857,2.166705906416,0.771807162289,0.124458426840,0.142857142857,36000,9B15DD4E32CFF55E0C9DE130CD3080277C893A0D11D8245A397EFA6B4C4FAB02,IN_PROGRESS
16,run_016__alpha_0p1_seed_123__ARL_FL__CLEAN,alpha_0p1_seed_123,0.1,123,ARL_FL,CLEAN,RUNNER_V6R1_CONTEXT_BRIDGE_ACCEPTED,38F2047D95802F625FE9C597EAC46407F26A3A2874902D6BC3515F798D850CA1,D9BE0D1FF33073102A32B2092E8A5ACD0FDD3A36FEBB9142D88DEAF81E64D611,17,0.234911335480,0.905492467821,0.397198861760,0.450723498128,0.234859353864,0.905372103770,0.397026303190,0.450483329594,36000,01747F5E94CA1EBC3DD7F955080C047679E64D52B5BCCC700F6EA16C5EE3F1E0,IN_PROGRESS
17,run_017__alpha_0p1_seed_123__ARL_FL__SIGNFLIP_MU0P2,alpha_0p1_seed_123,0.1,123,ARL_FL,SIGNFLIP_MU0P2,RUNNER_V6R1_CONTEXT_BRIDGE_ACCEPTED,38F2047D95802F625FE9C597EAC46407F26A3A2874902D6BC3515F798D850CA1,D9BE0D1FF33073102A32B2092E8A5ACD0FDD3A36FEBB9142D88DEAF81E64D611,1,2.210684149131,0.771807162289,0.124458426840,0.142857142857,2.210858973205,0.771807162289,0.124458426840,0.142857142857,36000,E022C35EB93D0EB8A9B8AE07FE5A78D6A30E38B9BAB2AE21D2F2B9CA5878C16A,IN_PROGRESS
18,run_018__alpha_0p1_seed_123__ARL_FL__SIGNFLIP_MU0P4,alpha_0p1_seed_123,0.1,123,ARL_FL,SIGNFLIP_MU0P4,RUNNER_V6R1_CONTEXT_BRIDGE_ACCEPTED,38F2047D95802F625FE9C597EAC46407F26A3A2874902D6BC3515F798D850CA1,D9BE0D1FF33073102A32B2092E8A5ACD0FDD3A36FEBB9142D88DEAF81E64D611,1,2.210684149131,0.771807162289,0.124458426840,0.142857142857,2.210858973205,0.771807162289,0.124458426840,0.142857142857,36000,7060F17E4AF957A898E9A868B10F986980CCB936253506A971447986BF4FF9DF,IN_PROGRESS
19,run_019__alpha_0p1_seed_42__FEDAVG__CLEAN,alpha_0p1_seed_42,0.1,42,FEDAVG,CLEAN,RUNNER_V4_INITIAL_ACCEPTED,F0D3CE89AA9A9B14FF3084E913A5301732CD8DE0854A95E1F3E865B9FD2BC688,333EDF80A9B1272CC745B76F70F8DCB47D005332028E2581BD24994810EEFF52,11,0.928672678135,0.878483064923,0.311709657339,0.361140833473,0.928980219813,0.878270856818,0.311461768709,0.360678045927,36000,A418529C146FE19712F63305BAF002A79963EC34CCCD083F9EE36E28BBC1EE34,IN_PROGRESS
20,run_020__alpha_0p1_seed_42__FEDAVG__SIGNFLIP_MU0P2,alpha_0p1_seed_42,0.1,42,FEDAVG,SIGNFLIP_MU0P2,RUNNER_V6R1_CONTEXT_BRIDGE_ACCEPTED,38F2047D95802F625FE9C597EAC46407F26A3A2874902D6BC3515F798D850CA1,D9BE0D1FF33073102A32B2092E8A5ACD0FDD3A36FEBB9142D88DEAF81E64D611,19,5.798012867798,0.772465539144,0.149876682453,0.168140652341,5.797655594097,0.772207409012,0.149627223741,0.167854327381,36000,EC595598F1187B144C2CB9D0CAFC1F363E6F25FA22C2410950CF178DFDB1397F,IN_PROGRESS
21,run_021__alpha_0p1_seed_42__FEDAVG__SIGNFLIP_MU0P4,alpha_0p1_seed_42,0.1,42,FEDAVG,SIGNFLIP_MU0P4,RUNNER_V6R1_CONTEXT_BRIDGE_ACCEPTED,38F2047D95802F625FE9C597EAC46407F26A3A2874902D6BC3515F798D850CA1,D9BE0D1FF33073102A32B2092E8A5ACD0FDD3A36FEBB9142D88DEAF81E64D611,1,1.141934577142,0.771807162289,0.124458426840,0.142857142857,1.142047224294,0.771807162289,0.124458426840,0.142857142857,36000,380606EBF4BC29D797A6133C8156CDBB17B26423E5D8C667A6EEAE41DA682390,IN_PROGRESS
22,run_022__alpha_0p1_seed_42__FEDPROX__CLEAN,alpha_0p1_seed_42,0.1,42,FEDPROX,CLEAN,RUNNER_V6R1_CONTEXT_BRIDGE_ACCEPTED,38F2047D95802F625FE9C597EAC46407F26A3A2874902D6BC3515F798D850CA1,D9BE0D1FF33073102A32B2092E8A5ACD0FDD3A36FEBB9142D88DEAF81E64D611,19,0.353645464667,0.875516985349,0.377779851625,0.393996838895,0.353985545971,0.875626231435,0.378077818749,0.394478821392,36000,26778F193A6D6287F156AD738603F638A22EAAB3FD67F05A79C11751F1212F6A,IN_PROGRESS
23,run_023__alpha_0p1_seed_42__FEDPROX__SIGNFLIP_MU0P2,alpha_0p1_seed_42,0.1,42,FEDPROX,SIGNFLIP_MU0P2,RUNNER_V6R1_CONTEXT_BRIDGE_ACCEPTED,38F2047D95802F625FE9C597EAC46407F26A3A2874902D6BC3515F798D850CA1,D9BE0D1FF33073102A32B2092E8A5ACD0FDD3A36FEBB9142D88DEAF81E64D611,9,1.140656505907,0.776172171832,0.153300874882,0.171308841137,1.140740814968,0.776153803021,0.153201468586,0.171198294818,36000,6F41CED96B129B949B7C4D0CDDA732C91A2D738E26D8AE43D43774B93A272C52,IN_PROGRESS
24,run_024__alpha_0p1_seed_42__FEDPROX__SIGNFLIP_MU0P4,alpha_0p1_seed_42,0.1,42,FEDPROX,SIGNFLIP_MU0P4,RUNNER_V6R1_CONTEXT_BRIDGE_ACCEPTED,38F2047D95802F625FE9C597EAC46407F26A3A2874902D6BC3515F798D850CA1,D9BE0D1FF33073102A32B2092E8A5ACD0FDD3A36FEBB9142D88DEAF81E64D611,1,0.846148017259,0.771807162289,0.124458426840,0.142857142857,0.846209723959,0.771807162289,0.124458426840,0.142857142857,36000,812EBA838763DD9B950F78D64DCBA23653A9C04224AFDFD584D924FE23D3C953,IN_PROGRESS
25,run_025__alpha_0p1_seed_42__RANDOM_TRIMMED_MEAN__CLEAN,alpha_0p1_seed_42,0.1,42,RANDOM_TRIMMED_MEAN,CLEAN,RUNNER_V6R1_CONTEXT_BRIDGE_ACCEPTED,38F2047D95802F625FE9C597EAC46407F26A3A2874902D6BC3515F798D850CA1,D9BE0D1FF33073102A32B2092E8A5ACD0FDD3A36FEBB9142D88DEAF81E64D611,11,1.069769105951,0.880039096564,0.315550452982,0.373287989835,1.069928873184,0.879876194214,0.315410432014,0.373139509632,36000,F5515072E2D93810E6E588F92541D06AFAAECD1995B357795CEFC0DEDDDD27C1,IN_PROGRESS
26,run_026__alpha_0p1_seed_42__RANDOM_TRIMMED_MEAN__SIGNFLIP_MU0P2,alpha_0p1_seed_42,0.1,42,RANDOM_TRIMMED_MEAN,SIGNFLIP_MU0P2,RUNNER_V6R1_CONTEXT_BRIDGE_ACCEPTED,38F2047D95802F625FE9C597EAC46407F26A3A2874902D6BC3515F798D850CA1,D9BE0D1FF33073102A32B2092E8A5ACD0FDD3A36FEBB9142D88DEAF81E64D611,14,0.456570248659,0.861301942647,0.311702878125,0.400915536812,0.456650349451,0.861380735178,0.311667590437,0.400731183152,36000,142BC67EC1435B9A8E37226AC1C2816564E17A8C348637E62EBC795F6E00553E,IN_PROGRESS
27,run_027__alpha_0p1_seed_42__RANDOM_TRIMMED_MEAN__SIGNFLIP_MU0P4,alpha_0p1_seed_42,0.1,42,RANDOM_TRIMMED_MEAN,SIGNFLIP_MU0P4,RUNNER_V6R1_CONTEXT_BRIDGE_ACCEPTED,38F2047D95802F625FE9C597EAC46407F26A3A2874902D6BC3515F798D850CA1,D9BE0D1FF33073102A32B2092E8A5ACD0FDD3A36FEBB9142D88DEAF81E64D611,1,1.735003840771,0.771807162289,0.124458426840,0.142857142857,1.735129697764,0.771807162289,0.124458426840,0.142857142857,36000,D02FFBD7A18CA573C0DF22E002CDA0DCD76DF6698D4B98C61CD80AFBCF96581A,IN_PROGRESS
28,run_028__alpha_0p1_seed_42__FEDLE_ADAPTED__CLEAN,alpha_0p1_seed_42,0.1,42,FEDLE_ADAPTED,CLEAN,RUNNER_V6R1_CONTEXT_BRIDGE_ACCEPTED,38F2047D95802F625FE9C597EAC46407F26A3A2874902D6BC3515F798D850CA1,D9BE0D1FF33073102A32B2092E8A5ACD0FDD3A36FEBB9142D88DEAF81E64D611,11,0.927383048816,0.878588443891,0.311878161539,0.361573639135,0.927685352712,0.878397021546,0.311662533561,0.361190804434,36000,03B5FDC58DBEC578AFCE7A039FBF51D86969D203C0503014EB008B13EBFD5E85,IN_PROGRESS
29,run_029__alpha_0p1_seed_42__FEDLE_ADAPTED__SIGNFLIP_MU0P2,alpha_0p1_seed_42,0.1,42,FEDLE_ADAPTED,SIGNFLIP_MU0P2,RUNNER_V6R1_CONTEXT_BRIDGE_ACCEPTED,38F2047D95802F625FE9C597EAC46407F26A3A2874902D6BC3515F798D850CA1,D9BE0D1FF33073102A32B2092E8A5ACD0FDD3A36FEBB9142D88DEAF81E64D611,19,7.130737152946,0.771808129069,0.124471233204,0.142863444451,7.130281663764,0.771807162289,0.124458630571,0.142857142857,36000,505F3F2FFA4DF9DF20B660D67AAD0CE834E13D146A6924F758CCD023AE5EA2F0,IN_PROGRESS
30,run_030__alpha_0p1_seed_42__FEDLE_ADAPTED__SIGNFLIP_MU0P4,alpha_0p1_seed_42,0.1,42,FEDLE_ADAPTED,SIGNFLIP_MU0P4,RUNNER_V6R1_CONTEXT_BRIDGE_ACCEPTED,38F2047D95802F625FE9C597EAC46407F26A3A2874902D6BC3515F798D850CA1,D9BE0D1FF33073102A32B2092E8A5ACD0FDD3A36FEBB9142D88DEAF81E64D611,1,1.141934579031,0.771807162289,0.124458426840,0.142857142857,1.142047224294,0.771807162289,0.124458426840,0.142857142857,36000,F2EB3CCC25F38612CE25011D2726E35B7D4A07FE5F12CED71D9584438D3A490C,IN_PROGRESS
31,run_031__alpha_0p1_seed_42__TEA_FL__CLEAN,alpha_0p1_seed_42,0.1,42,TEA_FL,CLEAN,RUNNER_V6R1_CONTEXT_BRIDGE_ACCEPTED,38F2047D95802F625FE9C597EAC46407F26A3A2874902D6BC3515F798D850CA1,D9BE0D1FF33073102A32B2092E8A5ACD0FDD3A36FEBB9142D88DEAF81E64D611,14,1.524010330223,0.826857038445,0.226108518357,0.212727116124,1.525024590586,0.826801448622,0.226075826781,0.212677838986,36000,F8095372C1791056FDEA4088D4324E90CE53250FB0DEEB6535280A72168885AC,IN_PROGRESS
32,run_032__alpha_0p1_seed_42__TEA_FL__SIGNFLIP_MU0P2,alpha_0p1_seed_42,0.1,42,TEA_FL,SIGNFLIP_MU0P2,RUNNER_V6R1_CONTEXT_BRIDGE_ACCEPTED,38F2047D95802F625FE9C597EAC46407F26A3A2874902D6BC3515F798D850CA1,D9BE0D1FF33073102A32B2092E8A5ACD0FDD3A36FEBB9142D88DEAF81E64D611,15,0.580211035923,0.867842206114,0.313435613824,0.396584243909,0.580560427314,0.867936950507,0.313438782210,0.396461054530,36000,0725FB77EE5D25E6C2B25E42373CDBF8AE3425B974D3CDCB816FFB2D8D9BC385,IN_PROGRESS
33,run_033__alpha_0p1_seed_42__TEA_FL__SIGNFLIP_MU0P4,alpha_0p1_seed_42,0.1,42,TEA_FL,SIGNFLIP_MU0P4,RUNNER_V6R1_CONTEXT_BRIDGE_ACCEPTED,38F2047D95802F625FE9C597EAC46407F26A3A2874902D6BC3515F798D850CA1,D9BE0D1FF33073102A32B2092E8A5ACD0FDD3A36FEBB9142D88DEAF81E64D611,1,1.661204588702,0.771807162289,0.124458426840,0.142857142857,1.661328806723,0.771807162289,0.124458426840,0.142857142857,36000,8C35229D8C18AD29F6FA05A8C9A5C03262E0A999DC2B1CBDF24778480464C8F2,IN_PROGRESS
34,run_034__alpha_0p1_seed_42__ARL_FL__CLEAN,alpha_0p1_seed_42,0.1,42,ARL_FL,CLEAN,RUNNER_V6R1_CONTEXT_BRIDGE_ACCEPTED,38F2047D95802F625FE9C597EAC46407F26A3A2874902D6BC3515F798D850CA1,D9BE0D1FF33073102A32B2092E8A5ACD0FDD3A36FEBB9142D88DEAF81E64D611,11,1.040161731310,0.880774332390,0.315786264607,0.372166618571,1.040353200433,0.880662185966,0.315698221933,0.372084345609,36000,F9B803FFB67366252E1D5DD624D44B3D801C1B27EA1E15A849368A8033DABABA,IN_PROGRESS
35,run_035__alpha_0p1_seed_42__ARL_FL__SIGNFLIP_MU0P2,alpha_0p1_seed_42,0.1,42,ARL_FL,SIGNFLIP_MU0P2,RUNNER_V6R1_CONTEXT_BRIDGE_ACCEPTED,38F2047D95802F625FE9C597EAC46407F26A3A2874902D6BC3515F798D850CA1,D9BE0D1FF33073102A32B2092E8A5ACD0FDD3A36FEBB9142D88DEAF81E64D611,18,0.457431233511,0.804490110812,0.198965837428,0.285446467912,0.457452547208,0.804488177253,0.198987154331,0.285478149002,36000,0DF27C14ECCE454A3A358441D512572B244EFC14579469862050F8A1708B918B,IN_PROGRESS
36,run_036__alpha_0p1_seed_42__ARL_FL__SIGNFLIP_MU0P4,alpha_0p1_seed_42,0.1,42,ARL_FL,SIGNFLIP_MU0P4,RUNNER_V6R1_CONTEXT_BRIDGE_ACCEPTED,38F2047D95802F625FE9C597EAC46407F26A3A2874902D6BC3515F798D850CA1,D9BE0D1FF33073102A32B2092E8A5ACD0FDD3A36FEBB9142D88DEAF81E64D611,1,1.430073183479,0.771807162289,0.124458426840,0.142857142857,1.430191741282,0.771807162289,0.124458426840,0.142857142857,36000,CCEB342B5ADCEDB145777CC4C6DA13F7419404A1E05E42F6CA5D65E231F1E1BE,IN_PROGRESS
37,run_037__alpha_0p1_seed_456__FEDAVG__CLEAN,alpha_0p1_seed_456,0.1,456,FEDAVG,CLEAN,RUNNER_V6R1_CONTEXT_BRIDGE_ACCEPTED,38F2047D95802F625FE9C597EAC46407F26A3A2874902D6BC3515F798D850CA1,D9BE0D1FF33073102A32B2092E8A5ACD0FDD3A36FEBB9142D88DEAF81E64D611,15,0.540037585591,0.902516720452,0.352140945951,0.378589911792,0.540246448974,0.902392972673,0.352080898708,0.378456437910,36000,09A51E7FA87A838882D19D8C7AF9D3DA9B9F76E8201C6F9EA4D4E359454A8ED9,IN_PROGRESS
38,run_038__alpha_0p1_seed_456__FEDAVG__SIGNFLIP_MU0P2,alpha_0p1_seed_456,0.1,456,FEDAVG,SIGNFLIP_MU0P2,RUNNER_V6R1_CONTEXT_BRIDGE_ACCEPTED,38F2047D95802F625FE9C597EAC46407F26A3A2874902D6BC3515F798D850CA1,D9BE0D1FF33073102A32B2092E8A5ACD0FDD3A36FEBB9142D88DEAF81E64D611,6,1.418614710994,0.818690168432,0.234065577092,0.269666288734,1.419261060252,0.818647146744,0.234097358057,0.269551162672,36000,48DC4532484BEC7EE8B0577D13223573DF5669F8A206E837ACA1C205F2FE5913,IN_PROGRESS
39,run_039__alpha_0p1_seed_456__FEDAVG__SIGNFLIP_MU0P4,alpha_0p1_seed_456,0.1,456,FEDAVG,SIGNFLIP_MU0P4,RUNNER_V6R1_CONTEXT_BRIDGE_ACCEPTED,38F2047D95802F625FE9C597EAC46407F26A3A2874902D6BC3515F798D850CA1,D9BE0D1FF33073102A32B2092E8A5ACD0FDD3A36FEBB9142D88DEAF81E64D611,5,2.069532327288,0.800063710771,0.216519422135,0.219273940175,2.070199077964,0.799992169086,0.216401737872,0.219082905070,36000,7F32D4108BC2C473F674C27796B457E50C00D9E67055A00B84B5313F30373D63,IN_PROGRESS
40,run_040__alpha_0p1_seed_456__FEDPROX__CLEAN,alpha_0p1_seed_456,0.1,456,FEDPROX,CLEAN,RUNNER_V6R1_CONTEXT_BRIDGE_ACCEPTED,38F2047D95802F625FE9C597EAC46407F26A3A2874902D6BC3515F798D850CA1,D9BE0D1FF33073102A32B2092E8A5ACD0FDD3A36FEBB9142D88DEAF81E64D611,15,0.308920927433,0.898046815332,0.345704117687,0.377905689137,0.309041728859,0.897906148911,0.345624341862,0.377772872445,36000,1EABBA6A68CBDE1B8146B8E9E59E14653008FCC7C64BD6DD27D0080F6872AB68,IN_PROGRESS
41,run_041__alpha_0p1_seed_456__FEDPROX__SIGNFLIP_MU0P2,alpha_0p1_seed_456,0.1,456,FEDPROX,SIGNFLIP_MU0P2,RUNNER_V6R1_CONTEXT_BRIDGE_ACCEPTED,38F2047D95802F625FE9C597EAC46407F26A3A2874902D6BC3515F798D850CA1,D9BE0D1FF33073102A32B2092E8A5ACD0FDD3A36FEBB9142D88DEAF81E64D611,11,1.059228544777,0.689965408629,0.283859106674,0.369015015483,1.059466560138,0.689935921853,0.283724842058,0.368711904287,36000,C9DFEEFC370CF52E08ABBEC81FB567924A7A1E6A0A98EE2CD1AE15954F1951E7,IN_PROGRESS
42,run_042__alpha_0p1_seed_456__FEDPROX__SIGNFLIP_MU0P4,alpha_0p1_seed_456,0.1,456,FEDPROX,SIGNFLIP_MU0P4,RUNNER_V6R1_CONTEXT_BRIDGE_ACCEPTED,38F2047D95802F625FE9C597EAC46407F26A3A2874902D6BC3515F798D850CA1,D9BE0D1FF33073102A32B2092E8A5ACD0FDD3A36FEBB9142D88DEAF81E64D611,1,1.103697278741,0.771807162289,0.124458426840,0.142857142857,1.103782950353,0.771807162289,0.124458426840,0.142857142857,36000,D23DEBDFAC3CC20BD226A772BA4D3590A44770B8C6AC0E7E64C58ADD63FB9834,IN_PROGRESS
43,run_043__alpha_0p1_seed_456__RANDOM_TRIMMED_MEAN__CLEAN,alpha_0p1_seed_456,0.1,456,RANDOM_TRIMMED_MEAN,CLEAN,RUNNER_V6R1_CONTEXT_BRIDGE_ACCEPTED,38F2047D95802F625FE9C597EAC46407F26A3A2874902D6BC3515F798D850CA1,D9BE0D1FF33073102A32B2092E8A5ACD0FDD3A36FEBB9142D88DEAF81E64D611,15,0.458920566867,0.921992977314,0.367925659468,0.416567784436,0.459068217399,0.921878413940,0.367841705203,0.416594029008,36000,0A3F8849BF53702E7F1A07E770BB0C8354C3BC6D4614A68158A39659AF9123CB,IN_PROGRESS
44,run_044__alpha_0p1_seed_456__RANDOM_TRIMMED_MEAN__SIGNFLIP_MU0P2,alpha_0p1_seed_456,0.1,456,RANDOM_TRIMMED_MEAN,SIGNFLIP_MU0P2,RUNNER_V6R1_CONTEXT_BRIDGE_ACCEPTED,38F2047D95802F625FE9C597EAC46407F26A3A2874902D6BC3515F798D850CA1,D9BE0D1FF33073102A32B2092E8A5ACD0FDD3A36FEBB9142D88DEAF81E64D611,7,0.779764633179,0.880349432790,0.340180167526,0.369273234962,0.780314285109,0.880120789433,0.340041995623,0.369105104393,36000,E78E1E985119E36DF7EEB0B6A32F6A578E68430D9CD31D0DA720C06D2EE15ADD,IN_PROGRESS
45,run_045__alpha_0p1_seed_456__RANDOM_TRIMMED_MEAN__SIGNFLIP_MU0P4,alpha_0p1_seed_456,0.1,456,RANDOM_TRIMMED_MEAN,SIGNFLIP_MU0P4,RUNNER_V6R1_CONTEXT_BRIDGE_ACCEPTED,38F2047D95802F625FE9C597EAC46407F26A3A2874902D6BC3515F798D850CA1,D9BE0D1FF33073102A32B2092E8A5ACD0FDD3A36FEBB9142D88DEAF81E64D611,5,1.123670915489,0.779922309598,0.161991439390,0.164802986768,1.124213568639,0.779961464168,0.162148239672,0.164910090481,36000,756559E448B6C9C37093014403AC3F8B5F80D46A5BE0AED7C675D5D9B37DB4E2,IN_PROGRESS
46,run_046__alpha_0p1_seed_456__FEDLE_ADAPTED__CLEAN,alpha_0p1_seed_456,0.1,456,FEDLE_ADAPTED,CLEAN,RUNNER_V6R1_CONTEXT_BRIDGE_ACCEPTED,38F2047D95802F625FE9C597EAC46407F26A3A2874902D6BC3515F798D850CA1,D9BE0D1FF33073102A32B2092E8A5ACD0FDD3A36FEBB9142D88DEAF81E64D611,15,0.549301772570,0.902436961141,0.352250556434,0.378406853927,0.549518327634,0.902319980819,0.352186543779,0.378285386889,36000,61B1E6598E87C584D0A67E5F4CF046121AFD6BDFFE33720F6D4330DABCC5DE97,IN_PROGRESS
47,run_047__alpha_0p1_seed_456__FEDLE_ADAPTED__SIGNFLIP_MU0P2,alpha_0p1_seed_456,0.1,456,FEDLE_ADAPTED,SIGNFLIP_MU0P2,RUNNER_V6R1_CONTEXT_BRIDGE_ACCEPTED,38F2047D95802F625FE9C597EAC46407F26A3A2874902D6BC3515F798D850CA1,D9BE0D1FF33073102A32B2092E8A5ACD0FDD3A36FEBB9142D88DEAF81E64D611,6,1.417472989919,0.818676633519,0.234066652328,0.269629686183,1.418119799170,0.818632161661,0.234094169200,0.269510638419,36000,D21B5FA70C18A4C3D4C80033141E7B22D6F087AA630D886EDFE70981B7A15D25,IN_PROGRESS
48,run_048__alpha_0p1_seed_456__FEDLE_ADAPTED__SIGNFLIP_MU0P4,alpha_0p1_seed_456,0.1,456,FEDLE_ADAPTED,SIGNFLIP_MU0P4,RUNNER_V6R1_CONTEXT_BRIDGE_ACCEPTED,38F2047D95802F625FE9C597EAC46407F26A3A2874902D6BC3515F798D850CA1,D9BE0D1FF33073102A32B2092E8A5ACD0FDD3A36FEBB9142D88DEAF81E64D611,5,2.069317386312,0.800053559586,0.216500597176,0.219246488262,2.069984087955,0.799979117562,0.216375900429,0.219047609752,36000,410FFE5A6C9A7D2C7B8295AD452F0A64AB75D6AA2717B7450D2F7A4D4DFCD003,IN_PROGRESS
49,run_049__alpha_0p1_seed_456__TEA_FL__CLEAN,alpha_0p1_seed_456,0.1,456,TEA_FL,CLEAN,RUNNER_V6R1_CONTEXT_BRIDGE_ACCEPTED,38F2047D95802F625FE9C597EAC46407F26A3A2874902D6BC3515F798D850CA1,D9BE0D1FF33073102A32B2092E8A5ACD0FDD3A36FEBB9142D88DEAF81E64D611,15,0.906726050863,0.820073629928,0.233512305784,0.273408810122,0.907357173480,0.820062995354,0.233502002360,0.273387357542,36000,F2A57E5C5954481156147C8484F4AA702903AD6E03C7B5CC01FC96918A2B41A4,IN_PROGRESS
50,run_050__alpha_0p1_seed_456__TEA_FL__SIGNFLIP_MU0P2,alpha_0p1_seed_456,0.1,456,TEA_FL,SIGNFLIP_MU0P2,RUNNER_V6R1_CONTEXT_BRIDGE_ACCEPTED,38F2047D95802F625FE9C597EAC46407F26A3A2874902D6BC3515F798D850CA1,D9BE0D1FF33073102A32B2092E8A5ACD0FDD3A36FEBB9142D88DEAF81E64D611,18,0.880680567751,0.895669021097,0.344299531559,0.375496584501,0.881238120969,0.895567509247,0.344249185366,0.375436758214,36000,156C4B7570149D346D5F8970D1D1B6375222A23A347CDE50367A1335BE17337F,IN_PROGRESS
51,run_051__alpha_0p1_seed_456__TEA_FL__SIGNFLIP_MU0P4,alpha_0p1_seed_456,0.1,456,TEA_FL,SIGNFLIP_MU0P4,RUNNER_V6R1_CONTEXT_BRIDGE_ACCEPTED,38F2047D95802F625FE9C597EAC46407F26A3A2874902D6BC3515F798D850CA1,D9BE0D1FF33073102A32B2092E8A5ACD0FDD3A36FEBB9142D88DEAF81E64D611,1,1.757846147800,0.771807162289,0.124458426840,0.142857142857,1.758055976526,0.771807162289,0.124458426840,0.142857142857,36000,B712D7F66525CE45DEFFBFBA60F28705BA6B6A1AC795FF02D8F345EE022D2819,IN_PROGRESS
52,run_052__alpha_0p1_seed_456__ARL_FL__CLEAN,alpha_0p1_seed_456,0.1,456,ARL_FL,CLEAN,RUNNER_V6R1_CONTEXT_BRIDGE_ACCEPTED,38F2047D95802F625FE9C597EAC46407F26A3A2874902D6BC3515F798D850CA1,D9BE0D1FF33073102A32B2092E8A5ACD0FDD3A36FEBB9142D88DEAF81E64D611,15,0.447209265429,0.909468831995,0.359329526047,0.398288831524,0.447334684589,0.909287560835,0.359216686998,0.398192787968,36000,23C58401F6F2A45AFD4601CEB9B77420A8C5E87DED9492C42D0CA412A2C2A759,IN_PROGRESS
53,run_053__alpha_0p1_seed_456__ARL_FL__SIGNFLIP_MU0P2,alpha_0p1_seed_456,0.1,456,ARL_FL,SIGNFLIP_MU0P2,RUNNER_V6R1_CONTEXT_BRIDGE_ACCEPTED,38F2047D95802F625FE9C597EAC46407F26A3A2874902D6BC3515F798D850CA1,D9BE0D1FF33073102A32B2092E8A5ACD0FDD3A36FEBB9142D88DEAF81E64D611,18,1.301824387316,0.911984392311,0.359724811463,0.406122145139,1.302528364961,0.911865961820,0.359638412738,0.406097447725,36000,8BF462BA2551D67FAFFBEEBDF1A4E1461D4B2A130940CFE62683354541C3C038,IN_PROGRESS
54,run_054__alpha_0p1_seed_456__ARL_FL__SIGNFLIP_MU0P4,alpha_0p1_seed_456,0.1,456,ARL_FL,SIGNFLIP_MU0P4,RUNNER_V6R1_CONTEXT_BRIDGE_ACCEPTED,38F2047D95802F625FE9C597EAC46407F26A3A2874902D6BC3515F798D850CA1,D9BE0D1FF33073102A32B2092E8A5ACD0FDD3A36FEBB9142D88DEAF81E64D611,5,1.070103707825,0.774470639873,0.138242997722,0.150060002039,1.070598818248,0.774596321211,0.138858249525,0.150401100633,36000,020C2BABFBFAAB175B465DEEF377B3793A7AE80C28BCC35A95F89CAE2A6C4F0A,IN_PROGRESS
55,run_055__alpha_0p1_seed_789__FEDAVG__CLEAN,alpha_0p1_seed_789,0.1,789,FEDAVG,CLEAN,RUNNER_V6R1_CONTEXT_BRIDGE_ACCEPTED,38F2047D95802F625FE9C597EAC46407F26A3A2874902D6BC3515F798D850CA1,D9BE0D1FF33073102A32B2092E8A5ACD0FDD3A36FEBB9142D88DEAF81E64D611,16,0.227119489164,0.940751400380,0.379662341460,0.425471585781,0.226977440481,0.940772186140,0.379747009048,0.425502440578,36000,A4F057AB2B741FA1E3EB4E423674E2A072F69E0641A8AF3525910230F7F238AE,IN_PROGRESS
56,run_056__alpha_0p1_seed_789__FEDAVG__SIGNFLIP_MU0P2,alpha_0p1_seed_789,0.1,789,FEDAVG,SIGNFLIP_MU0P2,RUNNER_V6R1_CONTEXT_BRIDGE_ACCEPTED,38F2047D95802F625FE9C597EAC46407F26A3A2874902D6BC3515F798D850CA1,D9BE0D1FF33073102A32B2092E8A5ACD0FDD3A36FEBB9142D88DEAF81E64D611,5,0.745923626075,0.822965750869,0.230462739333,0.283340371234,0.746354513476,0.822925629518,0.230450952292,0.283387744256,36000,435EC4BF048E5C0CC853688F2F8B54E1FECBF17EB63E35198D515BDE6B378C62,IN_PROGRESS
57,run_057__alpha_0p1_seed_789__FEDAVG__SIGNFLIP_MU0P4,alpha_0p1_seed_789,0.1,789,FEDAVG,SIGNFLIP_MU0P4,RUNNER_V6R1_CONTEXT_BRIDGE_ACCEPTED,38F2047D95802F625FE9C597EAC46407F26A3A2874902D6BC3515F798D850CA1,D9BE0D1FF33073102A32B2092E8A5ACD0FDD3A36FEBB9142D88DEAF81E64D611,3,0.930447241612,0.772087044961,0.125150454502,0.143194118123,0.930982641912,0.772064809032,0.125095590271,0.143167346340,36000,56EBDD2EDEF3440869568E881BB34E4A2237324233D9B7F03A2544EC6FDBDDA3,IN_PROGRESS
58,run_058__alpha_0p1_seed_789__FEDPROX__CLEAN,alpha_0p1_seed_789,0.1,789,FEDPROX,CLEAN,RUNNER_V6R1_CONTEXT_BRIDGE_ACCEPTED,38F2047D95802F625FE9C597EAC46407F26A3A2874902D6BC3515F798D850CA1,D9BE0D1FF33073102A32B2092E8A5ACD0FDD3A36FEBB9142D88DEAF81E64D611,16,0.199954682639,0.922957339887,0.371224604495,0.405790446075,0.199914498279,0.922905617182,0.371547576290,0.405864415367,36000,016CBD6473FFE7B71057160187EA360BDC536FF73D9DB54A56F9EC8CC5BA8482,IN_PROGRESS
59,run_059__alpha_0p1_seed_789__FEDPROX__SIGNFLIP_MU0P2,alpha_0p1_seed_789,0.1,789,FEDPROX,SIGNFLIP_MU0P2,RUNNER_V6R1_CONTEXT_BRIDGE_ACCEPTED,38F2047D95802F625FE9C597EAC46407F26A3A2874902D6BC3515F798D850CA1,D9BE0D1FF33073102A32B2092E8A5ACD0FDD3A36FEBB9142D88DEAF81E64D611,5,0.753556743591,0.820854787782,0.233164616352,0.276946080893,0.753895623995,0.820801614909,0.233143263956,0.276863173219,36000,2395F613894A52620F8687E109209474B5A33C35C69B9986C68FECEA1DBBFDCF,IN_PROGRESS
60,run_060__alpha_0p1_seed_789__FEDPROX__SIGNFLIP_MU0P4,alpha_0p1_seed_789,0.1,789,FEDPROX,SIGNFLIP_MU0P4,RUNNER_V6R1_CONTEXT_BRIDGE_ACCEPTED,38F2047D95802F625FE9C597EAC46407F26A3A2874902D6BC3515F798D850CA1,D9BE0D1FF33073102A32B2092E8A5ACD0FDD3A36FEBB9142D88DEAF81E64D611,4,0.544783771219,0.793587254752,0.201252550439,0.201709837763,0.545215153440,0.793607557122,0.201320428176,0.201769585545,36000,D41DBDB783E356FAE44796B01A366EB0FC2C4D4A8F7E76E167C25D34AD16ED0E,IN_PROGRESS
61,run_061__alpha_0p1_seed_789__RANDOM_TRIMMED_MEAN__CLEAN,alpha_0p1_seed_789,0.1,789,RANDOM_TRIMMED_MEAN,CLEAN,RUNNER_V6R1_CONTEXT_BRIDGE_ACCEPTED,38F2047D95802F625FE9C597EAC46407F26A3A2874902D6BC3515F798D850CA1,D9BE0D1FF33073102A32B2092E8A5ACD0FDD3A36FEBB9142D88DEAF81E64D611,16,0.260947641949,0.939673924603,0.379097172939,0.424246215505,0.260973905375,0.939678275111,0.379129963799,0.424265546985,36000,D873108407A226EFE1F2C47B5FEA5AD6F038F258EF86BA55F125425C9D3FA686,IN_PROGRESS
62,run_062__alpha_0p1_seed_789__RANDOM_TRIMMED_MEAN__SIGNFLIP_MU0P2,alpha_0p1_seed_789,0.1,789,RANDOM_TRIMMED_MEAN,SIGNFLIP_MU0P2,RUNNER_V6R1_CONTEXT_BRIDGE_ACCEPTED,38F2047D95802F625FE9C597EAC46407F26A3A2874902D6BC3515F798D850CA1,D9BE0D1FF33073102A32B2092E8A5ACD0FDD3A36FEBB9142D88DEAF81E64D611,15,0.342274667332,0.933481701764,0.374582940057,0.416781866237,0.342286694947,0.933503454303,0.374639494198,0.416813857934,36000,96343F3D2ADE4B2BDF63ED902DEA1AE742A55298B78E869DCD5D24484C75AE7B,IN_PROGRESS
63,run_063__alpha_0p1_seed_789__RANDOM_TRIMMED_MEAN__SIGNFLIP_MU0P4,alpha_0p1_seed_789,0.1,789,RANDOM_TRIMMED_MEAN,SIGNFLIP_MU0P4,RUNNER_V6R1_CONTEXT_BRIDGE_ACCEPTED,38F2047D95802F625FE9C597EAC46407F26A3A2874902D6BC3515F798D850CA1,D9BE0D1FF33073102A32B2092E8A5ACD0FDD3A36FEBB9142D88DEAF81E64D611,8,0.778680384789,0.849710739567,0.243114667629,0.236670799662,0.779343966997,0.849598109753,0.243004322767,0.236541597556,36000,CE19C1DA05E87A42D5B30C016719A9B1E1EE52F1BF5A43C18ED5A6C0C0E7CBEC,IN_PROGRESS
64,run_064__alpha_0p1_seed_789__FEDLE_ADAPTED__CLEAN,alpha_0p1_seed_789,0.1,789,FEDLE_ADAPTED,CLEAN,RUNNER_V6R1_CONTEXT_BRIDGE_ACCEPTED,38F2047D95802F625FE9C597EAC46407F26A3A2874902D6BC3515F798D850CA1,D9BE0D1FF33073102A32B2092E8A5ACD0FDD3A36FEBB9142D88DEAF81E64D611,16,0.223413100457,0.940422695343,0.379398159978,0.425076034618,0.223253881254,0.940452665508,0.379489962024,0.425121833325,36000,DC250E3F65F66CCA5396617F9FF10E68D94661C04A430AF160C9B434B9A43EC9,IN_PROGRESS
65,run_065__alpha_0p1_seed_789__FEDLE_ADAPTED__SIGNFLIP_MU0P2,alpha_0p1_seed_789,0.1,789,FEDLE_ADAPTED,SIGNFLIP_MU0P2,RUNNER_V6R1_CONTEXT_BRIDGE_ACCEPTED,38F2047D95802F625FE9C597EAC46407F26A3A2874902D6BC3515F798D850CA1,D9BE0D1FF33073102A32B2092E8A5ACD0FDD3A36FEBB9142D88DEAF81E64D611,5,0.746675536668,0.822968651207,0.230448908158,0.283351867922,0.747107459564,0.822927079688,0.230433247755,0.283397754764,36000,383F72418213F814533BEDBAFB117892FCF8B98EF5F63341E0522A76EA26039E,IN_PROGRESS
66,run_066__alpha_0p1_seed_789__FEDLE_ADAPTED__SIGNFLIP_MU0P4,alpha_0p1_seed_789,0.1,789,FEDLE_ADAPTED,SIGNFLIP_MU0P4,RUNNER_V6R1_CONTEXT_BRIDGE_ACCEPTED,38F2047D95802F625FE9C597EAC46407F26A3A2874902D6BC3515F798D850CA1,D9BE0D1FF33073102A32B2092E8A5ACD0FDD3A36FEBB9142D88DEAF81E64D611,8,1.649580672936,0.422763500593,0.163411057605,0.249946249106,1.649302431547,0.423009062591,0.163614068656,0.250103185299,36000,62C193E0BAE84DFC8410D483506C721A7E127F20554A7AD57192DADA69E24F53,IN_PROGRESS
67,run_067__alpha_0p1_seed_789__TEA_FL__CLEAN,alpha_0p1_seed_789,0.1,789,TEA_FL,CLEAN,RUNNER_V6R1_CONTEXT_BRIDGE_ACCEPTED,38F2047D95802F625FE9C597EAC46407F26A3A2874902D6BC3515F798D850CA1,D9BE0D1FF33073102A32B2092E8A5ACD0FDD3A36FEBB9142D88DEAF81E64D611,15,0.850717717168,0.882472964011,0.343150939006,0.338338912184,0.852471344933,0.882314412169,0.343051410406,0.338101164115,36000,EFFF749CF464564B133D705644B540AAA7FF5BE5B8E77345F3F9060D143BBECB,IN_PROGRESS
68,run_068__alpha_0p1_seed_789__TEA_FL__SIGNFLIP_MU0P2,alpha_0p1_seed_789,0.1,789,TEA_FL,SIGNFLIP_MU0P2,RUNNER_V6R1_CONTEXT_BRIDGE_ACCEPTED,38F2047D95802F625FE9C597EAC46407F26A3A2874902D6BC3515F798D850CA1,D9BE0D1FF33073102A32B2092E8A5ACD0FDD3A36FEBB9142D88DEAF81E64D611,15,0.336392688768,0.919783402716,0.364244609343,0.400229754104,0.336493478506,0.919771317972,0.364258201560,0.400227641641,36000,6214AED3E64B7FEB0934318E53E1C8D7F5AFEB5A32F08F4C8BD85FA259C47005,IN_PROGRESS
69,run_069__alpha_0p1_seed_789__TEA_FL__SIGNFLIP_MU0P4,alpha_0p1_seed_789,0.1,789,TEA_FL,SIGNFLIP_MU0P4,RUNNER_V6R1_CONTEXT_BRIDGE_ACCEPTED,38F2047D95802F625FE9C597EAC46407F26A3A2874902D6BC3515F798D850CA1,D9BE0D1FF33073102A32B2092E8A5ACD0FDD3A36FEBB9142D88DEAF81E64D611,8,0.459890745214,0.877225284765,0.255605637444,0.282668811804,0.460001655871,0.877130056982,0.255477160511,0.282642439732,36000,80129BC31C506720DC7E39249F127C81DCA065EF222B7E6B4CC3C5BED0D832BF,IN_PROGRESS
70,run_070__alpha_0p1_seed_789__ARL_FL__CLEAN,alpha_0p1_seed_789,0.1,789,ARL_FL,CLEAN,RUNNER_V6R1_CONTEXT_BRIDGE_ACCEPTED,38F2047D95802F625FE9C597EAC46407F26A3A2874902D6BC3515F798D850CA1,D9BE0D1FF33073102A32B2092E8A5ACD0FDD3A36FEBB9142D88DEAF81E64D611,16,0.212632170053,0.940419795004,0.379430657390,0.425136315670,0.212529168630,0.940457016016,0.379497625426,0.425187450829,36000,AFC019A3B16542BABB62478CEFF06C219A44EB8F75A9177F0DEB30335DF10D1E,IN_PROGRESS
71,run_071__alpha_0p1_seed_789__ARL_FL__SIGNFLIP_MU0P2,alpha_0p1_seed_789,0.1,789,ARL_FL,SIGNFLIP_MU0P2,RUNNER_V6R1_CONTEXT_BRIDGE_ACCEPTED,38F2047D95802F625FE9C597EAC46407F26A3A2874902D6BC3515F798D850CA1,D9BE0D1FF33073102A32B2092E8A5ACD0FDD3A36FEBB9142D88DEAF81E64D611,16,0.446845669151,0.929937004646,0.370062050585,0.425223925261,0.446748662013,0.929809873139,0.369960937272,0.425219807943,36000,D3777B981D97FC6B80C5F92EB355AD74A986079340A6D674A69DB16AE67B5D0D,IN_PROGRESS
72,run_072__alpha_0p1_seed_789__ARL_FL__SIGNFLIP_MU0P4,alpha_0p1_seed_789,0.1,789,ARL_FL,SIGNFLIP_MU0P4,RUNNER_V6R1_CONTEXT_BRIDGE_ACCEPTED,38F2047D95802F625FE9C597EAC46407F26A3A2874902D6BC3515F798D850CA1,D9BE0D1FF33073102A32B2092E8A5ACD0FDD3A36FEBB9142D88DEAF81E64D611,8,0.596738496683,0.851492997616,0.254717081883,0.244451418589,0.597152717373,0.851338312892,0.254300634747,0.244166260742,36000,2681D85C504B2C61114C5CBB5D46C62658F8733EAFD99D85A549504E30E57625,IN_PROGRESS
73,run_073__alpha_0p1_seed_999__FEDAVG__CLEAN,alpha_0p1_seed_999,0.1,999,FEDAVG,CLEAN,RUNNER_V6R1_CONTEXT_BRIDGE_ACCEPTED,38F2047D95802F625FE9C597EAC46407F26A3A2874902D6BC3515F798D850CA1,D9BE0D1FF33073102A32B2092E8A5ACD0FDD3A36FEBB9142D88DEAF81E64D611,15,0.323205298050,0.894519036856,0.400261955624,0.420019982763,0.323162376454,0.894273958247,0.399818632650,0.419649209041,36000,80AC3C3288309DB8EE25205820B11CFE0FEF52A967EE3630683D166FCB62AE1C,IN_PROGRESS
74,run_074__alpha_0p1_seed_999__FEDAVG__SIGNFLIP_MU0P2,alpha_0p1_seed_999,0.1,999,FEDAVG,SIGNFLIP_MU0P2,RUNNER_V6R1_CONTEXT_BRIDGE_ACCEPTED,38F2047D95802F625FE9C597EAC46407F26A3A2874902D6BC3515F798D850CA1,D9BE0D1FF33073102A32B2092E8A5ACD0FDD3A36FEBB9142D88DEAF81E64D611,1,1.195547948915,0.771807162289,0.124458426840,0.142857142857,1.195597031614,0.771807162289,0.124458426840,0.142857142857,36000,4C3C3C037AB3CCB9C61690A97142AD8D03BC30D872CAC849B0B07EBFB9C0025C,IN_PROGRESS
75,run_075__alpha_0p1_seed_999__FEDAVG__SIGNFLIP_MU0P4,alpha_0p1_seed_999,0.1,999,FEDAVG,SIGNFLIP_MU0P4,RUNNER_V6R1_CONTEXT_BRIDGE_ACCEPTED,38F2047D95802F625FE9C597EAC46407F26A3A2874902D6BC3515F798D850CA1,D9BE0D1FF33073102A32B2092E8A5ACD0FDD3A36FEBB9142D88DEAF81E64D611,1,1.195547948915,0.771807162289,0.124458426840,0.142857142857,1.195597031614,0.771807162289,0.124458426840,0.142857142857,36000,2687F8728509D852ABCF0D06EC960AA4BC358E212EA173947F19E773A34FCFBA,IN_PROGRESS
76,run_076__alpha_0p1_seed_999__FEDPROX__CLEAN,alpha_0p1_seed_999,0.1,999,FEDPROX,CLEAN,RUNNER_V6R1_CONTEXT_BRIDGE_ACCEPTED,38F2047D95802F625FE9C597EAC46407F26A3A2874902D6BC3515F798D850CA1,D9BE0D1FF33073102A32B2092E8A5ACD0FDD3A36FEBB9142D88DEAF81E64D611,20,0.260726357204,0.883218351022,0.397213433755,0.413978243425,0.260815055752,0.883005659527,0.399029979790,0.415026125188,36000,75B062015208F2929C31DB51A0ED80A861AA2D069980B149B1C4A6A8719ABE0B,IN_PROGRESS
77,run_077__alpha_0p1_seed_999__FEDPROX__SIGNFLIP_MU0P2,alpha_0p1_seed_999,0.1,999,FEDPROX,SIGNFLIP_MU0P2,RUNNER_V6R1_CONTEXT_BRIDGE_ACCEPTED,38F2047D95802F625FE9C597EAC46407F26A3A2874902D6BC3515F798D850CA1,D9BE0D1FF33073102A32B2092E8A5ACD0FDD3A36FEBB9142D88DEAF81E64D611,1,0.915784272153,0.771807162289,0.124458426840,0.142857142857,0.915819466651,0.771807162289,0.124458426840,0.142857142857,36000,D96227286B61156E0CAE38F6C833E22E1503DA6990C09056E598CB6A49CF0FA4,IN_PROGRESS
78,run_078__alpha_0p1_seed_999__FEDPROX__SIGNFLIP_MU0P4,alpha_0p1_seed_999,0.1,999,FEDPROX,SIGNFLIP_MU0P4,RUNNER_V6R1_CONTEXT_BRIDGE_ACCEPTED,38F2047D95802F625FE9C597EAC46407F26A3A2874902D6BC3515F798D850CA1,D9BE0D1FF33073102A32B2092E8A5ACD0FDD3A36FEBB9142D88DEAF81E64D611,1,0.915784272153,0.771807162289,0.124458426840,0.142857142857,0.915819466651,0.771807162289,0.124458426840,0.142857142857,36000,4062D0BC079BD17687DA329FFED247375CC2A338CD92E8E4C42C897207689249,IN_PROGRESS
79,run_079__alpha_0p1_seed_999__RANDOM_TRIMMED_MEAN__CLEAN,alpha_0p1_seed_999,0.1,999,RANDOM_TRIMMED_MEAN,CLEAN,RUNNER_V6R1_CONTEXT_BRIDGE_ACCEPTED,38F2047D95802F625FE9C597EAC46407F26A3A2874902D6BC3515F798D850CA1,D9BE0D1FF33073102A32B2092E8A5ACD0FDD3A36FEBB9142D88DEAF81E64D611,15,0.334088084207,0.868329946382,0.298066410341,0.374888814578,0.334147340240,0.868170911151,0.297925438881,0.374662002960,36000,BF0D912D86A49731161594DB9C29B433046823BE57B28AD29155728DE792070B,IN_PROGRESS
80,run_080__alpha_0p1_seed_999__RANDOM_TRIMMED_MEAN__SIGNFLIP_MU0P2,alpha_0p1_seed_999,0.1,999,RANDOM_TRIMMED_MEAN,SIGNFLIP_MU0P2,RUNNER_V6R1_CONTEXT_BRIDGE_ACCEPTED,38F2047D95802F625FE9C597EAC46407F26A3A2874902D6BC3515F798D850CA1,D9BE0D1FF33073102A32B2092E8A5ACD0FDD3A36FEBB9142D88DEAF81E64D611,15,0.554545926423,0.812720304884,0.231425309003,0.253525602472,0.555347216863,0.812537583554,0.231128868228,0.253036339076,36000,182D285B7A4B7A2985EFBBFF7E91706646FE96DEC397A46556C3F5A4BC4F439C,IN_PROGRESS
81,run_081__alpha_0p1_seed_999__RANDOM_TRIMMED_MEAN__SIGNFLIP_MU0P4,alpha_0p1_seed_999,0.1,999,RANDOM_TRIMMED_MEAN,SIGNFLIP_MU0P4,RUNNER_V6R1_CONTEXT_BRIDGE_ACCEPTED,38F2047D95802F625FE9C597EAC46407F26A3A2874902D6BC3515F798D850CA1,D9BE0D1FF33073102A32B2092E8A5ACD0FDD3A36FEBB9142D88DEAF81E64D611,1,1.908376449637,0.771807162289,0.124458426840,0.142857142857,1.908422089456,0.771807162289,0.124458426840,0.142857142857,36000,CBA8C94377216E9975541BE1893423DF28120CD00039CCABB4B94DB521BB09BA,IN_PROGRESS
82,run_082__alpha_0p1_seed_999__FEDLE_ADAPTED__CLEAN,alpha_0p1_seed_999,0.1,999,FEDLE_ADAPTED,CLEAN,RUNNER_V6R1_CONTEXT_BRIDGE_ACCEPTED,38F2047D95802F625FE9C597EAC46407F26A3A2874902D6BC3515F798D850CA1,D9BE0D1FF33073102A32B2092E8A5ACD0FDD3A36FEBB9142D88DEAF81E64D611,15,0.315972957297,0.891449995263,0.392493499693,0.415801643961,0.315945435911,0.891237787158,0.392124508997,0.415478483978,36000,FDEBC642ED07A13684EF96E030AC68DC4D038731453414E3C54EA1E8295A18A9,IN_PROGRESS
83,run_083__alpha_0p1_seed_999__FEDLE_ADAPTED__SIGNFLIP_MU0P2,alpha_0p1_seed_999,0.1,999,FEDLE_ADAPTED,SIGNFLIP_MU0P2,RUNNER_V6R1_CONTEXT_BRIDGE_ACCEPTED,38F2047D95802F625FE9C597EAC46407F26A3A2874902D6BC3515F798D850CA1,D9BE0D1FF33073102A32B2092E8A5ACD0FDD3A36FEBB9142D88DEAF81E64D611,1,1.195547948443,0.771807162289,0.124458426840,0.142857142857,1.195597031616,0.771807162289,0.124458426840,0.142857142857,36000,00C0BF20BD1C1652175FDCE75EA0E72CC6C0FC957AC1563903DE033988EF2BD1,IN_PROGRESS
84,run_084__alpha_0p1_seed_999__FEDLE_ADAPTED__SIGNFLIP_MU0P4,alpha_0p1_seed_999,0.1,999,FEDLE_ADAPTED,SIGNFLIP_MU0P4,RUNNER_V6R1_CONTEXT_BRIDGE_ACCEPTED,38F2047D95802F625FE9C597EAC46407F26A3A2874902D6BC3515F798D850CA1,D9BE0D1FF33073102A32B2092E8A5ACD0FDD3A36FEBB9142D88DEAF81E64D611,1,1.195547948443,0.771807162289,0.124458426840,0.142857142857,1.195597031616,0.771807162289,0.124458426840,0.142857142857,36000,3CBF06112B95AA98601EA8EDC2468837E56183E097EC8F42A971A9F9FF555B7B,IN_PROGRESS
85,run_085__alpha_0p1_seed_999__TEA_FL__CLEAN,alpha_0p1_seed_999,0.1,999,TEA_FL,CLEAN,RUNNER_V6R1_CONTEXT_BRIDGE_ACCEPTED,38F2047D95802F625FE9C597EAC46407F26A3A2874902D6BC3515F798D850CA1,D9BE0D1FF33073102A32B2092E8A5ACD0FDD3A36FEBB9142D88DEAF81E64D611,15,0.708311546439,0.793065193810,0.181651522800,0.285295385937,0.708655300540,0.792996069074,0.181615949891,0.285251978095,36000,EBCF8712E07EBABB97019AC797EF6744019C00E449D58418F126C878819C6274,IN_PROGRESS
86,run_086__alpha_0p1_seed_999__TEA_FL__SIGNFLIP_MU0P2,alpha_0p1_seed_999,0.1,999,TEA_FL,SIGNFLIP_MU0P2,RUNNER_V6R1_CONTEXT_BRIDGE_ACCEPTED,38F2047D95802F625FE9C597EAC46407F26A3A2874902D6BC3515F798D850CA1,D9BE0D1FF33073102A32B2092E8A5ACD0FDD3A36FEBB9142D88DEAF81E64D611,15,0.556325347828,0.817733056705,0.233812942572,0.267814711033,0.557494396206,0.817630094686,0.233678868902,0.267623949008,36000,E3107875C1C90CA03C6460E3B1EF88C92B319A1389985652596C4E981D639D1A,IN_PROGRESS
87,run_087__alpha_0p1_seed_999__TEA_FL__SIGNFLIP_MU0P4,alpha_0p1_seed_999,0.1,999,TEA_FL,SIGNFLIP_MU0P4,RUNNER_V6R1_CONTEXT_BRIDGE_ACCEPTED,38F2047D95802F625FE9C597EAC46407F26A3A2874902D6BC3515F798D850CA1,D9BE0D1FF33073102A32B2092E8A5ACD0FDD3A36FEBB9142D88DEAF81E64D611,1,1.560416401381,0.771807162289,0.124458426840,0.142857142857,1.560455009506,0.771807162289,0.124458426840,0.142857142857,36000,CB887683996D644A6732A6111DC9126AB3A90A9819058739A660F3C1D86FC90F,IN_PROGRESS
88,run_088__alpha_0p1_seed_999__ARL_FL__CLEAN,alpha_0p1_seed_999,0.1,999,ARL_FL,CLEAN,RUNNER_V6R1_CONTEXT_BRIDGE_ACCEPTED,38F2047D95802F625FE9C597EAC46407F26A3A2874902D6BC3515F798D850CA1,D9BE0D1FF33073102A32B2092E8A5ACD0FDD3A36FEBB9142D88DEAF81E64D611,15,0.318192403781,0.903918067369,0.407037531445,0.419132876943,0.318210030633,0.903787068744,0.407159377699,0.419143913229,36000,25715933BA7E411D5D5E720228C84D64006597D2357BA829F946D4651DD04AFC,IN_PROGRESS
89,run_089__alpha_0p1_seed_999__ARL_FL__SIGNFLIP_MU0P2,alpha_0p1_seed_999,0.1,999,ARL_FL,SIGNFLIP_MU0P2,RUNNER_V6R1_CONTEXT_BRIDGE_ACCEPTED,38F2047D95802F625FE9C597EAC46407F26A3A2874902D6BC3515F798D850CA1,D9BE0D1FF33073102A32B2092E8A5ACD0FDD3A36FEBB9142D88DEAF81E64D611,15,0.569403119734,0.817528582837,0.233609111037,0.267541836153,0.570337709249,0.817387916416,0.233447613726,0.267283207193,36000,8D716782DAAF8FD46141F39362DC31D391DFB23E665F158BED9DBCDA9BE8F57A,IN_PROGRESS
90,run_090__alpha_0p1_seed_999__ARL_FL__SIGNFLIP_MU0P4,alpha_0p1_seed_999,0.1,999,ARL_FL,SIGNFLIP_MU0P4,RUNNER_V6R1_CONTEXT_BRIDGE_ACCEPTED,38F2047D95802F625FE9C597EAC46407F26A3A2874902D6BC3515F798D850CA1,D9BE0D1FF33073102A32B2092E8A5ACD0FDD3A36FEBB9142D88DEAF81E64D611,1,1.518422107528,0.771807162289,0.124458426840,0.142857142857,1.518465022125,0.771807162289,0.124458426840,0.142857142857,36000,E15184CD2AA983CB294DED2CDE5B04C25CCCC6EBE3F540A6B91E2DD08321C44B,IN_PROGRESS
91,run_091__alpha_1p0_seed_123__FEDAVG__CLEAN,alpha_1p0_seed_123,1.0,123,FEDAVG,CLEAN,RUNNER_V6R1_CONTEXT_BRIDGE_ACCEPTED,38F2047D95802F625FE9C597EAC46407F26A3A2874902D6BC3515F798D850CA1,D9BE0D1FF33073102A32B2092E8A5ACD0FDD3A36FEBB9142D88DEAF81E64D611,18,0.102035546481,0.963723048604,0.612751202912,0.605676073124,0.102071327089,0.963831327910,0.615533336231,0.609082521160,36000,17407D2D31D57AA955C2ABF9A3C4E0DC781A486B11D66A3A0A4A2DA7218FEE1B,IN_PROGRESS
92,run_092__alpha_1p0_seed_123__FEDAVG__SIGNFLIP_MU0P2,alpha_1p0_seed_123,1.0,123,FEDAVG,SIGNFLIP_MU0P2,RUNNER_V6R1_CONTEXT_BRIDGE_ACCEPTED,38F2047D95802F625FE9C597EAC46407F26A3A2874902D6BC3515F798D850CA1,D9BE0D1FF33073102A32B2092E8A5ACD0FDD3A36FEBB9142D88DEAF81E64D611,4,0.109023222652,0.962674576212,0.563413089660,0.565637170576,0.108982412248,0.962682310448,0.563630878712,0.565982191927,36000,9B0C2FD306ECBF805C35415B1A72DCECF4AD4E93292EE5C7EDA946F347C6B137,IN_PROGRESS
93,run_093__alpha_1p0_seed_123__FEDAVG__SIGNFLIP_MU0P4,alpha_1p0_seed_123,1.0,123,FEDAVG,SIGNFLIP_MU0P4,RUNNER_V6R1_CONTEXT_BRIDGE_ACCEPTED,38F2047D95802F625FE9C597EAC46407F26A3A2874902D6BC3515F798D850CA1,D9BE0D1FF33073102A32B2092E8A5ACD0FDD3A36FEBB9142D88DEAF81E64D611,4,0.109023222652,0.962674576212,0.563413089660,0.565637170576,0.108982412248,0.962682310448,0.563630878712,0.565982191927,36000,94FCF934569349E71D1CA28A5A9FEAA9015170C58B7E388BD1A7012A306474A0,IN_PROGRESS
94,run_094__alpha_1p0_seed_123__FEDPROX__CLEAN,alpha_1p0_seed_123,1.0,123,FEDPROX,CLEAN,RUNNER_V6R1_CONTEXT_BRIDGE_ACCEPTED,38F2047D95802F625FE9C597EAC46407F26A3A2874902D6BC3515F798D850CA1,D9BE0D1FF33073102A32B2092E8A5ACD0FDD3A36FEBB9142D88DEAF81E64D611,20,0.096754381254,0.964546744757,0.617527368828,0.605025950407,0.096796689867,0.964612485764,0.619490208703,0.607737242610,36000,671E86F576F29065E34F25627A79E9789F59C3D0D5CBCB2AB0B437995A0DBDE0,IN_PROGRESS
95,run_095__alpha_1p0_seed_123__FEDPROX__SIGNFLIP_MU0P2,alpha_1p0_seed_123,1.0,123,FEDPROX,SIGNFLIP_MU0P2,RUNNER_V6R1_CONTEXT_BRIDGE_ACCEPTED,38F2047D95802F625FE9C597EAC46407F26A3A2874902D6BC3515F798D850CA1,D9BE0D1FF33073102A32B2092E8A5ACD0FDD3A36FEBB9142D88DEAF81E64D611,4,0.137183870971,0.949863297376,0.545142689091,0.550728325845,0.137237839324,0.949460150315,0.544002269285,0.549740704788,36000,B6BE69489C87B5442C62D9D8DA477B56B327DF76CD29D1BA03FB087D3C1B0983,IN_PROGRESS
96,run_096__alpha_1p0_seed_123__FEDPROX__SIGNFLIP_MU0P4,alpha_1p0_seed_123,1.0,123,FEDPROX,SIGNFLIP_MU0P4,RUNNER_V6R1_CONTEXT_BRIDGE_ACCEPTED,38F2047D95802F625FE9C597EAC46407F26A3A2874902D6BC3515F798D850CA1,D9BE0D1FF33073102A32B2092E8A5ACD0FDD3A36FEBB9142D88DEAF81E64D611,4,0.137183870971,0.949863297376,0.545142689091,0.550728325845,0.137237839324,0.949460150315,0.544002269285,0.549740704788,36000,AA5BBBA569EA7F6F3EF1517598FA4FEC4B05F16E635AAC8ABC828EEDC538CE90,IN_PROGRESS
97,run_097__alpha_1p0_seed_123__RANDOM_TRIMMED_MEAN__CLEAN,alpha_1p0_seed_123,1.0,123,RANDOM_TRIMMED_MEAN,CLEAN,RUNNER_V6R1_CONTEXT_BRIDGE_ACCEPTED,38F2047D95802F625FE9C597EAC46407F26A3A2874902D6BC3515F798D850CA1,D9BE0D1FF33073102A32B2092E8A5ACD0FDD3A36FEBB9142D88DEAF81E64D611,18,0.099663634587,0.964903486400,0.617259396614,0.608461417766,0.099700189793,0.964943124361,0.619840849163,0.611458956162,36000,C9DCC05BB592109F958BFC3FA0D60BE7E49DDC50FAB9A04CF203FEC4B1B78E4E,IN_PROGRESS
98,run_098__alpha_1p0_seed_123__RANDOM_TRIMMED_MEAN__SIGNFLIP_MU0P2,alpha_1p0_seed_123,1.0,123,RANDOM_TRIMMED_MEAN,SIGNFLIP_MU0P2,RUNNER_V6R1_CONTEXT_BRIDGE_ACCEPTED,38F2047D95802F625FE9C597EAC46407F26A3A2874902D6BC3515F798D850CA1,D9BE0D1FF33073102A32B2092E8A5ACD0FDD3A36FEBB9142D88DEAF81E64D611,11,0.099659371034,0.964685477618,0.568813929946,0.568188140061,0.099661975700,0.964624087118,0.569109582087,0.568487308427,36000,D2B8BBF1CDF41567A3FBBEFE73F23D28FD08860304F6CAD908C8FDD17D324374,IN_PROGRESS
99,run_099__alpha_1p0_seed_123__RANDOM_TRIMMED_MEAN__SIGNFLIP_MU0P4,alpha_1p0_seed_123,1.0,123,RANDOM_TRIMMED_MEAN,SIGNFLIP_MU0P4,RUNNER_V6R1_CONTEXT_BRIDGE_ACCEPTED,38F2047D95802F625FE9C597EAC46407F26A3A2874902D6BC3515F798D850CA1,D9BE0D1FF33073102A32B2092E8A5ACD0FDD3A36FEBB9142D88DEAF81E64D611,4,0.107311258046,0.963184069020,0.560963308020,0.558622233222,0.107264169147,0.963234824945,0.561458615677,0.559192661524,36000,2ABE5658890A9A173A26A9EA9AD308F80241DE9DC3F0974B26C34D0D72C26072,IN_PROGRESS
100,run_100__alpha_1p0_seed_123__FEDLE_ADAPTED__CLEAN,alpha_1p0_seed_123,1.0,123,FEDLE_ADAPTED,CLEAN,RUNNER_V6R1_CONTEXT_BRIDGE_ACCEPTED,38F2047D95802F625FE9C597EAC46407F26A3A2874902D6BC3515F798D850CA1,D9BE0D1FF33073102A32B2092E8A5ACD0FDD3A36FEBB9142D88DEAF81E64D611,14,0.097449201658,0.965805491694,0.613115019164,0.593115418004,0.097464009106,0.965757636108,0.613285556351,0.593452179895,36000,C657E11EC0635852CBC93E249767E45ADD2134FBB29A336771E74B32F82D699A,IN_PROGRESS
101,run_101__alpha_1p0_seed_123__FEDLE_ADAPTED__SIGNFLIP_MU0P2,alpha_1p0_seed_123,1.0,123,FEDLE_ADAPTED,SIGNFLIP_MU0P2,RUNNER_V6R1_CONTEXT_BRIDGE_ACCEPTED,38F2047D95802F625FE9C597EAC46407F26A3A2874902D6BC3515F798D850CA1,D9BE0D1FF33073102A32B2092E8A5ACD0FDD3A36FEBB9142D88DEAF81E64D611,4,0.109003740586,0.962719048070,0.563457122651,0.565531315265,0.108963453944,0.962700679259,0.563586313383,0.565794242480,36000,2929721CD5468550BABCB509A052521CD57EFE15A5E8E7AA980005AA519D79E4,IN_PROGRESS
102,run_102__alpha_1p0_seed_123__FEDLE_ADAPTED__SIGNFLIP_MU0P4,alpha_1p0_seed_123,1.0,123,FEDLE_ADAPTED,SIGNFLIP_MU0P4,RUNNER_V6R1_CONTEXT_BRIDGE_ACCEPTED,38F2047D95802F625FE9C597EAC46407F26A3A2874902D6BC3515F798D850CA1,D9BE0D1FF33073102A32B2092E8A5ACD0FDD3A36FEBB9142D88DEAF81E64D611,4,0.109003740586,0.962719048070,0.563457122651,0.565531315265,0.108963453944,0.962700679259,0.563586313383,0.565794242480,36000,E0733942468BC5510B9FAADC5F68E92517C6A7F25ECDB50EDBD6DAAC7E853E09,IN_PROGRESS
103,run_103__alpha_1p0_seed_123__TEA_FL__CLEAN,alpha_1p0_seed_123,1.0,123,TEA_FL,CLEAN,RUNNER_V6R1_CONTEXT_BRIDGE_ACCEPTED,38F2047D95802F625FE9C597EAC46407F26A3A2874902D6BC3515F798D850CA1,D9BE0D1FF33073102A32B2092E8A5ACD0FDD3A36FEBB9142D88DEAF81E64D611,20,0.106531035398,0.962896935502,0.612046679792,0.602235930051,0.106617904551,0.962945757868,0.614519323248,0.605155794901,36000,C238F95E11B15C90748365B9E09AFC0E90B8E13FAC83E359F68F1D3B73349F5B,IN_PROGRESS
104,run_104__alpha_1p0_seed_123__TEA_FL__SIGNFLIP_MU0P2,alpha_1p0_seed_123,1.0,123,TEA_FL,SIGNFLIP_MU0P2,RUNNER_V6R1_CONTEXT_BRIDGE_ACCEPTED,38F2047D95802F625FE9C597EAC46407F26A3A2874902D6BC3515F798D850CA1,D9BE0D1FF33073102A32B2092E8A5ACD0FDD3A36FEBB9142D88DEAF81E64D611,10,0.106404918818,0.962528592504,0.562792034185,0.566774492232,0.106405709988,0.962462368107,0.562931375366,0.566972723822,36000,662A13BE77257F7CFCD0E98FF2CAAFB599D1EABA2A5D7DD4F92CCB97A873C12D,IN_PROGRESS
105,run_105__alpha_1p0_seed_123__TEA_FL__SIGNFLIP_MU0P4,alpha_1p0_seed_123,1.0,123,TEA_FL,SIGNFLIP_MU0P4,RUNNER_V6R1_CONTEXT_BRIDGE_ACCEPTED,38F2047D95802F625FE9C597EAC46407F26A3A2874902D6BC3515F798D850CA1,D9BE0D1FF33073102A32B2092E8A5ACD0FDD3A36FEBB9142D88DEAF81E64D611,4,0.108679526588,0.962236625089,0.562466848848,0.565713953366,0.108636714206,0.962220673227,0.562506313132,0.565896265917,36000,FA92CB4E621F230053E49B51CD813012F82C5C2A1A18E1D737D314150D7CA562,IN_PROGRESS
106,run_106__alpha_1p0_seed_123__ARL_FL__CLEAN,alpha_1p0_seed_123,1.0,123,ARL_FL,CLEAN,RUNNER_V6R1_CONTEXT_BRIDGE_ACCEPTED,38F2047D95802F625FE9C597EAC46407F26A3A2874902D6BC3515F798D850CA1,D9BE0D1FF33073102A32B2092E8A5ACD0FDD3A36FEBB9142D88DEAF81E64D611,18,0.099965838512,0.964396410541,0.613371576016,0.607141850153,0.100001546628,0.964454900702,0.616020937000,0.610264067369,36000,F621EE6DDDB64C3CD4DA625AE3EE528DB5EA487F4069A0D2BCCAEB4BF8551523,IN_PROGRESS
107,run_107__alpha_1p0_seed_123__ARL_FL__SIGNFLIP_MU0P2,alpha_1p0_seed_123,1.0,123,ARL_FL,SIGNFLIP_MU0P2,RUNNER_V6R1_CONTEXT_BRIDGE_ACCEPTED,38F2047D95802F625FE9C597EAC46407F26A3A2874902D6BC3515F798D850CA1,D9BE0D1FF33073102A32B2092E8A5ACD0FDD3A36FEBB9142D88DEAF81E64D611,11,0.100593879712,0.963565463542,0.567893345169,0.569197244182,0.100615034166,0.963502139483,0.568147114417,0.569482878294,36000,9FF529037702CC19B6CEAC25F07480F52FC04966C50E3C4D5414823EF715AC7A,IN_PROGRESS
108,run_108__alpha_1p0_seed_123__ARL_FL__SIGNFLIP_MU0P4,alpha_1p0_seed_123,1.0,123,ARL_FL,SIGNFLIP_MU0P4,RUNNER_V6R1_CONTEXT_BRIDGE_ACCEPTED,38F2047D95802F625FE9C597EAC46407F26A3A2874902D6BC3515F798D850CA1,D9BE0D1FF33073102A32B2092E8A5ACD0FDD3A36FEBB9142D88DEAF81E64D611,4,0.107856316936,0.963168117158,0.562608800233,0.562108908255,0.107819595857,0.963200504272,0.563005458740,0.562609307334,36000,6DCA37745128F1D8DE24B8EB4B8BB194A7D3E142323E1E11599202B9902DF07F,IN_PROGRESS
109,run_109__alpha_1p0_seed_42__FEDAVG__CLEAN,alpha_1p0_seed_42,1.0,42,FEDAVG,CLEAN,RUNNER_V6R1_CONTEXT_BRIDGE_ACCEPTED,38F2047D95802F625FE9C597EAC46407F26A3A2874902D6BC3515F798D850CA1,D9BE0D1FF33073102A32B2092E8A5ACD0FDD3A36FEBB9142D88DEAF81E64D611,18,0.097498257212,0.965788573053,0.620437445985,0.591971869149,0.097499206234,0.965801624576,0.620284942972,0.592396616386,36000,1E10B8D4D29A310E4A8EDC55BA7C1BA19D6CABBBA9B4ABC87616A4A07B765B9B,IN_PROGRESS
110,run_110__alpha_1p0_seed_42__FEDAVG__SIGNFLIP_MU0P2,alpha_1p0_seed_42,1.0,42,FEDAVG,SIGNFLIP_MU0P2,RUNNER_V6R1_CONTEXT_BRIDGE_ACCEPTED,38F2047D95802F625FE9C597EAC46407F26A3A2874902D6BC3515F798D850CA1,D9BE0D1FF33073102A32B2092E8A5ACD0FDD3A36FEBB9142D88DEAF81E64D611,3,0.119662033395,0.961520241463,0.551363255739,0.550383675979,0.119644667603,0.961556012305,0.551739659039,0.550770493133,36000,BDB1359559AC4A36918DF8FC10A77446DE4406460D7723AF5B22551155DF980A,IN_PROGRESS
111,run_111__alpha_1p0_seed_42__FEDAVG__SIGNFLIP_MU0P4,alpha_1p0_seed_42,1.0,42,FEDAVG,SIGNFLIP_MU0P4,RUNNER_V6R1_CONTEXT_BRIDGE_ACCEPTED,38F2047D95802F625FE9C597EAC46407F26A3A2874902D6BC3515F798D850CA1,D9BE0D1FF33073102A32B2092E8A5ACD0FDD3A36FEBB9142D88DEAF81E64D611,3,0.119662033395,0.961520241463,0.551363255739,0.550383675979,0.119644667603,0.961556012305,0.551739659039,0.550770493133,36000,2B260C032F7EE829ABBFA20F1C21B029375B9B12F20E4C7BF91E254C471567DE,IN_PROGRESS
112,run_112__alpha_1p0_seed_42__FEDPROX__CLEAN,alpha_1p0_seed_42,1.0,42,FEDPROX,CLEAN,RUNNER_V6R1_CONTEXT_BRIDGE_ACCEPTED,38F2047D95802F625FE9C597EAC46407F26A3A2874902D6BC3515F798D850CA1,D9BE0D1FF33073102A32B2092E8A5ACD0FDD3A36FEBB9142D88DEAF81E64D611,19,0.096934930589,0.966520425151,0.622915615202,0.606903241002,0.096950007608,0.966515107864,0.624458834371,0.608932247907,36000,64AF0EA371D421C8CCEB9DFA1DEDF63BD49601F91DAD05E32FFF829D5F1BD768,IN_PROGRESS
113,run_113__alpha_1p0_seed_42__FEDPROX__SIGNFLIP_MU0P2,alpha_1p0_seed_42,1.0,42,FEDPROX,SIGNFLIP_MU0P2,RUNNER_V6R1_CONTEXT_BRIDGE_ACCEPTED,38F2047D95802F625FE9C597EAC46407F26A3A2874902D6BC3515F798D850CA1,D9BE0D1FF33073102A32B2092E8A5ACD0FDD3A36FEBB9142D88DEAF81E64D611,17,0.156990121993,0.942042534432,0.537536020142,0.535886098178,0.157101446117,0.942141145943,0.538155186289,0.536589708276,36000,71B289EB104144086C2ECA0738CA433F2A838CE8C46D4DF057F37E72B910EC9F,IN_PROGRESS
114,run_114__alpha_1p0_seed_42__FEDPROX__SIGNFLIP_MU0P4,alpha_1p0_seed_42,1.0,42,FEDPROX,SIGNFLIP_MU0P4,RUNNER_V6R1_CONTEXT_BRIDGE_ACCEPTED,38F2047D95802F625FE9C597EAC46407F26A3A2874902D6BC3515F798D850CA1,D9BE0D1FF33073102A32B2092E8A5ACD0FDD3A36FEBB9142D88DEAF81E64D611,4,0.133044146093,0.951448332402,0.533462613527,0.528949040212,0.133061352038,0.951389358851,0.533659842142,0.529210184926,36000,1A981E4E493E30E066594D13E8405E4171C4A17D4BFBA7087297722996009B1E,IN_PROGRESS
115,run_115__alpha_1p0_seed_42__RANDOM_TRIMMED_MEAN__CLEAN,alpha_1p0_seed_42,1.0,42,RANDOM_TRIMMED_MEAN,CLEAN,RUNNER_V6R1_CONTEXT_BRIDGE_ACCEPTED,38F2047D95802F625FE9C597EAC46407F26A3A2874902D6BC3515F798D850CA1,D9BE0D1FF33073102A32B2092E8A5ACD0FDD3A36FEBB9142D88DEAF81E64D611,18,0.096698871373,0.966314984503,0.624121577149,0.597164949442,0.096712688274,0.966306766877,0.624263138228,0.597831993204,36000,E9044705D8772E7E3BD12830C4A62CE511D61C38008A2D1DA9E392ABD6F8F60F,IN_PROGRESS
116,run_116__alpha_1p0_seed_42__RANDOM_TRIMMED_MEAN__SIGNFLIP_MU0P2,alpha_1p0_seed_42,1.0,42,RANDOM_TRIMMED_MEAN,SIGNFLIP_MU0P2,RUNNER_V6R1_CONTEXT_BRIDGE_ACCEPTED,38F2047D95802F625FE9C597EAC46407F26A3A2874902D6BC3515F798D850CA1,D9BE0D1FF33073102A32B2092E8A5ACD0FDD3A36FEBB9142D88DEAF81E64D611,20,0.099877098668,0.965159199584,0.586122020635,0.580205888014,0.099973595284,0.965189169749,0.585625867411,0.580279962729,36000,F762188C9CC820AEC8804F58BD9D288AC92CAF42C72538E5285E8E2F2700A2AB,IN_PROGRESS
117,run_117__alpha_1p0_seed_42__RANDOM_TRIMMED_MEAN__SIGNFLIP_MU0P4,alpha_1p0_seed_42,1.0,42,RANDOM_TRIMMED_MEAN,SIGNFLIP_MU0P4,RUNNER_V6R1_CONTEXT_BRIDGE_ACCEPTED,38F2047D95802F625FE9C597EAC46407F26A3A2874902D6BC3515F798D850CA1,D9BE0D1FF33073102A32B2092E8A5ACD0FDD3A36FEBB9142D88DEAF81E64D611,6,0.109579962104,0.963351321878,0.564615594147,0.565202223615,0.109553709417,0.963446549661,0.565056565563,0.565688850890,36000,79AC9C44C1E8F9159E1DEA645CC6FA6D77D739B8C8DC29272BE4BB7933725422,IN_PROGRESS
118,run_118__alpha_1p0_seed_42__FEDLE_ADAPTED__CLEAN,alpha_1p0_seed_42,1.0,42,FEDLE_ADAPTED,CLEAN,RUNNER_V6R1_CONTEXT_BRIDGE_ACCEPTED,38F2047D95802F625FE9C597EAC46407F26A3A2874902D6BC3515F798D850CA1,D9BE0D1FF33073102A32B2092E8A5ACD0FDD3A36FEBB9142D88DEAF81E64D611,18,0.097601682496,0.965949058453,0.621909564990,0.593940721017,0.097614041812,0.966002714717,0.621963718340,0.594577503983,36000,A28C68C5515BE8F0C53AF0F327FDEA6C7A62A17874EB6193754E3552EBF576C3,IN_PROGRESS
119,run_119__alpha_1p0_seed_42__FEDLE_ADAPTED__SIGNFLIP_MU0P2,alpha_1p0_seed_42,1.0,42,FEDLE_ADAPTED,SIGNFLIP_MU0P2,RUNNER_V6R1_CONTEXT_BRIDGE_ACCEPTED,38F2047D95802F625FE9C597EAC46407F26A3A2874902D6BC3515F798D850CA1,D9BE0D1FF33073102A32B2092E8A5ACD0FDD3A36FEBB9142D88DEAF81E64D611,3,0.119431968516,0.961542477392,0.551620778879,0.550683825125,0.119413785401,0.961568097049,0.551917338914,0.550987927669,36000,94B3E3323779C7028487A98FC7AD6E29CD1CCCBC0F00FB9FEE3ABC42106A17F6,IN_PROGRESS
120,run_120__alpha_1p0_seed_42__FEDLE_ADAPTED__SIGNFLIP_MU0P4,alpha_1p0_seed_42,1.0,42,FEDLE_ADAPTED,SIGNFLIP_MU0P4,RUNNER_V6R1_CONTEXT_BRIDGE_ACCEPTED,38F2047D95802F625FE9C597EAC46407F26A3A2874902D6BC3515F798D850CA1,D9BE0D1FF33073102A32B2092E8A5ACD0FDD3A36FEBB9142D88DEAF81E64D611,3,0.119431968516,0.961542477392,0.551620778879,0.550683825125,0.119413785401,0.961568097049,0.551917338914,0.550987927669,36000,FF5BB14D2DD0E6288DDEACBA12A8AC2FE67B1171BD8E9C74359C9AEF68122E6F,IN_PROGRESS
121,run_121__alpha_1p0_seed_42__TEA_FL__CLEAN,alpha_1p0_seed_42,1.0,42,TEA_FL,CLEAN,RUNNER_V6R1_CONTEXT_BRIDGE_ACCEPTED,38F2047D95802F625FE9C597EAC46407F26A3A2874902D6BC3515F798D850CA1,D9BE0D1FF33073102A32B2092E8A5ACD0FDD3A36FEBB9142D88DEAF81E64D611,17,0.107293917724,0.964717864732,0.613367208273,0.593896703936,0.107325031655,0.964709647106,0.613713931072,0.594523120203,36000,DD62249E56FFEBD4DE3C419F86BEAE55079C10B1026EDBAD0A81E0E42B58EB68,IN_PROGRESS
122,run_122__alpha_1p0_seed_42__TEA_FL__SIGNFLIP_MU0P2,alpha_1p0_seed_42,1.0,42,TEA_FL,SIGNFLIP_MU0P2,RUNNER_V6R1_CONTEXT_BRIDGE_ACCEPTED,38F2047D95802F625FE9C597EAC46407F26A3A2874902D6BC3515F798D850CA1,D9BE0D1FF33073102A32B2092E8A5ACD0FDD3A36FEBB9142D88DEAF81E64D611,20,0.099886165726,0.965913771001,0.608898469555,0.589368605137,0.099951722954,0.965925855745,0.609937425933,0.590448407652,36000,5C139EE5BEB42F836B0D443A1FA34F0FC166F106778357EDF58A52A9056317C6,IN_PROGRESS
123,run_123__alpha_1p0_seed_42__TEA_FL__SIGNFLIP_MU0P4,alpha_1p0_seed_42,1.0,42,TEA_FL,SIGNFLIP_MU0P4,RUNNER_V6R1_CONTEXT_BRIDGE_ACCEPTED,38F2047D95802F625FE9C597EAC46407F26A3A2874902D6BC3515F798D850CA1,D9BE0D1FF33073102A32B2092E8A5ACD0FDD3A36FEBB9142D88DEAF81E64D611,3,0.119838284530,0.961440965542,0.550817077412,0.550349780527,0.119820080050,0.961465135030,0.551062875282,0.550624564757,36000,DD336E985CFCC69092ACC2489AF1DECF709C6DF4C8F647FF78BAE63C148F4FEE,IN_PROGRESS
124,run_124__alpha_1p0_seed_42__ARL_FL__CLEAN,alpha_1p0_seed_42,1.0,42,ARL_FL,CLEAN,RUNNER_V6R1_CONTEXT_BRIDGE_ACCEPTED,38F2047D95802F625FE9C597EAC46407F26A3A2874902D6BC3515F798D850CA1,D9BE0D1FF33073102A32B2092E8A5ACD0FDD3A36FEBB9142D88DEAF81E64D611,18,0.096944538126,0.966176251641,0.622856398450,0.595477953912,0.096955319360,0.966180602149,0.623517702525,0.596559615777,36000,9F2318D5FE56C079F58AB96E59235C592AC48FA39E10504920191C12E0A8F6DA,IN_PROGRESS
125,run_125__alpha_1p0_seed_42__ARL_FL__SIGNFLIP_MU0P2,alpha_1p0_seed_42,1.0,42,ARL_FL,SIGNFLIP_MU0P2,RUNNER_V6R1_CONTEXT_BRIDGE_ACCEPTED,38F2047D95802F625FE9C597EAC46407F26A3A2874902D6BC3515F798D850CA1,D9BE0D1FF33073102A32B2092E8A5ACD0FDD3A36FEBB9142D88DEAF81E64D611,20,0.100131102739,0.965482587334,0.610569638298,0.593667132402,0.100191728612,0.965469052421,0.612408354484,0.595000665977,36000,BF953DF5F2C2D8CD3820C0D3DB0AE09E49894A3F92FC1A26DE190BFF0778C593,IN_PROGRESS
126,run_126__alpha_1p0_seed_42__ARL_FL__SIGNFLIP_MU0P4,alpha_1p0_seed_42,1.0,42,ARL_FL,SIGNFLIP_MU0P4,RUNNER_V6R1_CONTEXT_BRIDGE_ACCEPTED,38F2047D95802F625FE9C597EAC46407F26A3A2874902D6BC3515F798D850CA1,D9BE0D1FF33073102A32B2092E8A5ACD0FDD3A36FEBB9142D88DEAF81E64D611,6,0.106865454736,0.963608485231,0.563451430540,0.562216113027,0.106840817518,0.963624920482,0.563644711990,0.562459301724,36000,26B80E7937C549D07110E29994FF81659B03EEBA3A66D45C27801CA99845DAB7,IN_PROGRESS
127,run_127__alpha_1p0_seed_456__FEDAVG__CLEAN,alpha_1p0_seed_456,1.0,456,FEDAVG,CLEAN,RUNNER_V6R1_CONTEXT_BRIDGE_ACCEPTED,38F2047D95802F625FE9C597EAC46407F26A3A2874902D6BC3515F798D850CA1,D9BE0D1FF33073102A32B2092E8A5ACD0FDD3A36FEBB9142D88DEAF81E64D611,17,0.104289926529,0.965164516871,0.626142340974,0.610079285821,0.104343855005,0.965130679588,0.627495059056,0.612144358572,36000,C9EB31D3776A14FD4BB611ADAE04E8344C2F9302D96276BE5E8F49F023A9C878,IN_PROGRESS
128,run_128__alpha_1p0_seed_456__FEDAVG__SIGNFLIP_MU0P2,alpha_1p0_seed_456,1.0,456,FEDAVG,SIGNFLIP_MU0P2,RUNNER_V6R1_CONTEXT_BRIDGE_ACCEPTED,38F2047D95802F625FE9C597EAC46407F26A3A2874902D6BC3515F798D850CA1,D9BE0D1FF33073102A32B2092E8A5ACD0FDD3A36FEBB9142D88DEAF81E64D611,4,0.108804342857,0.961283380480,0.538745916352,0.531352006996,0.108734565299,0.961244709299,0.538734623006,0.531392043942,36000,C79753361E91F59654BF84461DEB31BE645E6B7E5135C95507EFB571F6FDFD5E,IN_PROGRESS
129,run_129__alpha_1p0_seed_456__FEDAVG__SIGNFLIP_MU0P4,alpha_1p0_seed_456,1.0,456,FEDAVG,SIGNFLIP_MU0P4,RUNNER_V6R1_CONTEXT_BRIDGE_ACCEPTED,38F2047D95802F625FE9C597EAC46407F26A3A2874902D6BC3515F798D850CA1,D9BE0D1FF33073102A32B2092E8A5ACD0FDD3A36FEBB9142D88DEAF81E64D611,4,0.108804342857,0.961283380480,0.538745916352,0.531352006996,0.108734565299,0.961244709299,0.538734623006,0.531392043942,36000,737FF1F8E1C973B9F3708ADA8802708BF6D1760F37661CE6F86DAA3BDB9379FF,IN_PROGRESS
130,run_130__alpha_1p0_seed_456__FEDPROX__CLEAN,alpha_1p0_seed_456,1.0,456,FEDPROX,CLEAN,RUNNER_V6R1_CONTEXT_BRIDGE_ACCEPTED,38F2047D95802F625FE9C597EAC46407F26A3A2874902D6BC3515F798D850CA1,D9BE0D1FF33073102A32B2092E8A5ACD0FDD3A36FEBB9142D88DEAF81E64D611,17,0.101625484197,0.964830011157,0.618258110634,0.604910426701,0.101698631120,0.964792790145,0.618914708767,0.606455433262,36000,8E8A8B55DE5F554B0C5468346C9A6851FB32C7E5102645464902B72DBA8FEF00,IN_PROGRESS
131,run_131__alpha_1p0_seed_456__FEDPROX__SIGNFLIP_MU0P2,alpha_1p0_seed_456,1.0,456,FEDPROX,SIGNFLIP_MU0P2,RUNNER_V6R1_CONTEXT_BRIDGE_ACCEPTED,38F2047D95802F625FE9C597EAC46407F26A3A2874902D6BC3515F798D850CA1,D9BE0D1FF33073102A32B2092E8A5ACD0FDD3A36FEBB9142D88DEAF81E64D611,4,0.136454972215,0.944606917114,0.519167306452,0.518178112399,0.136521467477,0.944445948324,0.519270721738,0.518276797994,36000,01E5E0CD7A7BE4DD4A675B9E9AAF4A3C07BE8912DECC1818F626A6BCC8FE197F,IN_PROGRESS
132,run_132__alpha_1p0_seed_456__FEDPROX__SIGNFLIP_MU0P4,alpha_1p0_seed_456,1.0,456,FEDPROX,SIGNFLIP_MU0P4,RUNNER_V6R1_CONTEXT_BRIDGE_ACCEPTED,38F2047D95802F625FE9C597EAC46407F26A3A2874902D6BC3515F798D850CA1,D9BE0D1FF33073102A32B2092E8A5ACD0FDD3A36FEBB9142D88DEAF81E64D611,4,0.136454972215,0.944606917114,0.519167306452,0.518178112399,0.136521467477,0.944445948324,0.519270721738,0.518276797994,36000,2E9009865B2E0AF6AD428D8DA53B388DEC7FB884466614A4FEFD7355A48ACD01,IN_PROGRESS
133,run_133__alpha_1p0_seed_456__RANDOM_TRIMMED_MEAN__CLEAN,alpha_1p0_seed_456,1.0,456,RANDOM_TRIMMED_MEAN,CLEAN,RUNNER_V6R1_CONTEXT_BRIDGE_ACCEPTED,38F2047D95802F625FE9C597EAC46407F26A3A2874902D6BC3515F798D850CA1,D9BE0D1FF33073102A32B2092E8A5ACD0FDD3A36FEBB9142D88DEAF81E64D611,17,0.100017436407,0.966306766877,0.624011369358,0.608659514542,0.100075803018,0.966320785180,0.625949129744,0.611055833655,36000,1209783E5B96E4E5E5E058237098B1865DABCD027EF4974ED246DDC8CF2E1514,IN_PROGRESS
134,run_134__alpha_1p0_seed_456__RANDOM_TRIMMED_MEAN__SIGNFLIP_MU0P2,alpha_1p0_seed_456,1.0,456,RANDOM_TRIMMED_MEAN,SIGNFLIP_MU0P2,RUNNER_V6R1_CONTEXT_BRIDGE_ACCEPTED,38F2047D95802F625FE9C597EAC46407F26A3A2874902D6BC3515F798D850CA1,D9BE0D1FF33073102A32B2092E8A5ACD0FDD3A36FEBB9142D88DEAF81E64D611,14,0.104706343822,0.964146014645,0.609050093264,0.590567071201,0.104713747213,0.964078823468,0.608791508728,0.590701736923,36000,17A20083E2B1DDAE5C4F813A2084A2D9A94344A29E578F4BBDB134CA07274489,IN_PROGRESS
135,run_135__alpha_1p0_seed_456__RANDOM_TRIMMED_MEAN__SIGNFLIP_MU0P4,alpha_1p0_seed_456,1.0,456,RANDOM_TRIMMED_MEAN,SIGNFLIP_MU0P4,RUNNER_V6R1_CONTEXT_BRIDGE_ACCEPTED,38F2047D95802F625FE9C597EAC46407F26A3A2874902D6BC3515F798D850CA1,D9BE0D1FF33073102A32B2092E8A5ACD0FDD3A36FEBB9142D88DEAF81E64D611,4,0.113969308870,0.954833510899,0.535789624635,0.531447259212,0.113947353049,0.954709279730,0.535632387809,0.531393562812,36000,1B4ED514BFCDA6FE88AF831AAB50144BAC15DB87BF54ABD6A480EBD4000AF9A8,IN_PROGRESS
136,run_136__alpha_1p0_seed_456__FEDLE_ADAPTED__CLEAN,alpha_1p0_seed_456,1.0,456,FEDLE_ADAPTED,CLEAN,RUNNER_V6R1_CONTEXT_BRIDGE_ACCEPTED,38F2047D95802F625FE9C597EAC46407F26A3A2874902D6BC3515F798D850CA1,D9BE0D1FF33073102A32B2092E8A5ACD0FDD3A36FEBB9142D88DEAF81E64D611,17,0.103536313054,0.965345788032,0.626744959459,0.610630798217,0.103595919889,0.965302282953,0.627930285587,0.612634925154,36000,8B2525C129A4135941B0B91662E345509EE98A504522281FED2C730479E08F66,IN_PROGRESS
137,run_137__alpha_1p0_seed_456__FEDLE_ADAPTED__SIGNFLIP_MU0P2,alpha_1p0_seed_456,1.0,456,FEDLE_ADAPTED,SIGNFLIP_MU0P2,RUNNER_V6R1_CONTEXT_BRIDGE_ACCEPTED,38F2047D95802F625FE9C597EAC46407F26A3A2874902D6BC3515F798D850CA1,D9BE0D1FF33073102A32B2092E8A5ACD0FDD3A36FEBB9142D88DEAF81E64D611,4,0.108797300031,0.961304649629,0.538922562555,0.531518166524,0.108727867332,0.961264044890,0.538868867788,0.531525084369,36000,580C8B8875282C3E3AE989A9836DDD59854B619DCB21DFC5848CDA33EE2D874B,IN_PROGRESS
138,run_138__alpha_1p0_seed_456__FEDLE_ADAPTED__SIGNFLIP_MU0P4,alpha_1p0_seed_456,1.0,456,FEDLE_ADAPTED,SIGNFLIP_MU0P4,RUNNER_V6R1_CONTEXT_BRIDGE_ACCEPTED,38F2047D95802F625FE9C597EAC46407F26A3A2874902D6BC3515F798D850CA1,D9BE0D1FF33073102A32B2092E8A5ACD0FDD3A36FEBB9142D88DEAF81E64D611,4,0.108797300031,0.961304649629,0.538922562555,0.531518166524,0.108727867332,0.961264044890,0.538868867788,0.531525084369,36000,D1C3F18B13A65A3C733C0DF7B1CCFF6C3F8A364EA124B6692895EB9793FE5995,IN_PROGRESS
139,run_139__alpha_1p0_seed_456__TEA_FL__CLEAN,alpha_1p0_seed_456,1.0,456,TEA_FL,CLEAN,RUNNER_V6R1_CONTEXT_BRIDGE_ACCEPTED,38F2047D95802F625FE9C597EAC46407F26A3A2874902D6BC3515F798D850CA1,D9BE0D1FF33073102A32B2092E8A5ACD0FDD3A36FEBB9142D88DEAF81E64D611,17,0.098677952125,0.966170450964,0.619874827971,0.591737365465,0.098691565558,0.966178185200,0.619966958144,0.592289629361,36000,E80DDD0AF503BDE83F46C205F48F004FAB42CC45DAB50D00C13F61A4115AD0F5,IN_PROGRESS
140,run_140__alpha_1p0_seed_456__TEA_FL__SIGNFLIP_MU0P2,alpha_1p0_seed_456,1.0,456,TEA_FL,SIGNFLIP_MU0P2,RUNNER_V6R1_CONTEXT_BRIDGE_ACCEPTED,38F2047D95802F625FE9C597EAC46407F26A3A2874902D6BC3515F798D850CA1,D9BE0D1FF33073102A32B2092E8A5ACD0FDD3A36FEBB9142D88DEAF81E64D611,18,0.103170604196,0.964305049876,0.607579132680,0.590189613156,0.103168369031,0.964296832250,0.609184335952,0.592181801722,36000,4FE246C4C90E28915BAE1D9007263E2C56E471D21950E938ECCC462BB1C8646B,IN_PROGRESS
141,run_141__alpha_1p0_seed_456__TEA_FL__SIGNFLIP_MU0P4,alpha_1p0_seed_456,1.0,456,TEA_FL,SIGNFLIP_MU0P4,RUNNER_V6R1_CONTEXT_BRIDGE_ACCEPTED,38F2047D95802F625FE9C597EAC46407F26A3A2874902D6BC3515F798D850CA1,D9BE0D1FF33073102A32B2092E8A5ACD0FDD3A36FEBB9142D88DEAF81E64D611,20,0.114637084230,0.962254027120,0.579931772184,0.560648769234,0.114595110345,0.962224056955,0.579544828329,0.560683019927,36000,DC4E587DABDB14C41C3FF0EE94488E9735BCB6A40A1FEB8D5DA4772D8FB498BD,IN_PROGRESS
142,run_142__alpha_1p0_seed_456__ARL_FL__CLEAN,alpha_1p0_seed_456,1.0,456,ARL_FL,CLEAN,RUNNER_V6R1_CONTEXT_BRIDGE_ACCEPTED,38F2047D95802F625FE9C597EAC46407F26A3A2874902D6BC3515F798D850CA1,D9BE0D1FF33073102A32B2092E8A5ACD0FDD3A36FEBB9142D88DEAF81E64D611,17,0.101405406580,0.965968877434,0.628529819617,0.612528183795,0.101486683078,0.965929722863,0.629756846105,0.614547146552,36000,24BA8E3CBF25EB5841E9DAEA4E29E1430A93AE55310484462D8C6AA024DCDF78,IN_PROGRESS
143,run_143__alpha_1p0_seed_456__ARL_FL__SIGNFLIP_MU0P2,alpha_1p0_seed_456,1.0,456,ARL_FL,SIGNFLIP_MU0P2,RUNNER_V6R1_CONTEXT_BRIDGE_ACCEPTED,38F2047D95802F625FE9C597EAC46407F26A3A2874902D6BC3515F798D850CA1,D9BE0D1FF33073102A32B2092E8A5ACD0FDD3A36FEBB9142D88DEAF81E64D611,14,0.102576556188,0.964763303370,0.608010101272,0.589091967898,0.102590621453,0.964739617271,0.608134360542,0.589451236682,36000,8E1A4120E6D21FB0C6F6433B70FC4D887D644131AA056A69C289848C6D86882D,IN_PROGRESS
144,run_144__alpha_1p0_seed_456__ARL_FL__SIGNFLIP_MU0P4,alpha_1p0_seed_456,1.0,456,ARL_FL,SIGNFLIP_MU0P4,RUNNER_V6R1_CONTEXT_BRIDGE_ACCEPTED,38F2047D95802F625FE9C597EAC46407F26A3A2874902D6BC3515F798D850CA1,D9BE0D1FF33073102A32B2092E8A5ACD0FDD3A36FEBB9142D88DEAF81E64D611,4,0.111511468930,0.959534476325,0.538605337313,0.532113212546,0.111469912380,0.959439248542,0.538496842480,0.532089190891,36000,BB38B67A6C3DA6342AFB27B5F660E59B402B474D8BE235F43862A474A89F6241,IN_PROGRESS
145,run_145__alpha_1p0_seed_789__FEDAVG__CLEAN,alpha_1p0_seed_789,1.0,789,FEDAVG,CLEAN,RUNNER_V6R1_CONTEXT_BRIDGE_ACCEPTED,38F2047D95802F625FE9C597EAC46407F26A3A2874902D6BC3515F798D850CA1,D9BE0D1FF33073102A32B2092E8A5ACD0FDD3A36FEBB9142D88DEAF81E64D611,19,0.105332700056,0.964022750256,0.594568266551,0.577453983809,0.105388218279,0.963955075689,0.593392056055,0.576903677374,36000,A1102C1B7CD4189323C77F7CE1833228CD40C4149238E1C6270D8FF529B190EE,IN_PROGRESS
146,run_146__alpha_1p0_seed_789__FEDAVG__SIGNFLIP_MU0P2,alpha_1p0_seed_789,1.0,789,FEDAVG,SIGNFLIP_MU0P2,RUNNER_V6R1_CONTEXT_BRIDGE_ACCEPTED,38F2047D95802F625FE9C597EAC46407F26A3A2874902D6BC3515F798D850CA1,D9BE0D1FF33073102A32B2092E8A5ACD0FDD3A36FEBB9142D88DEAF81E64D611,4,0.108841082112,0.961660424494,0.540953443971,0.536412558428,0.108823755104,0.961616436025,0.541138824027,0.536600997249,36000,D329178B61CD0521B4C8B1BD3F31CF31FDA22B1D4883E9A26899AD087612292E,IN_PROGRESS
147,run_147__alpha_1p0_seed_789__FEDAVG__SIGNFLIP_MU0P4,alpha_1p0_seed_789,1.0,789,FEDAVG,SIGNFLIP_MU0P4,RUNNER_V6R1_CONTEXT_BRIDGE_ACCEPTED,38F2047D95802F625FE9C597EAC46407F26A3A2874902D6BC3515F798D850CA1,D9BE0D1FF33073102A32B2092E8A5ACD0FDD3A36FEBB9142D88DEAF81E64D611,4,0.108841082112,0.961660424494,0.540953443971,0.536412558428,0.108823755104,0.961616436025,0.541138824027,0.536600997249,36000,E6CA6FE77F501D80EFEDA4E830797A7CA1BD5822A2A7B1E811201AD332B0195F,IN_PROGRESS
148,run_148__alpha_1p0_seed_789__FEDPROX__CLEAN,alpha_1p0_seed_789,1.0,789,FEDPROX,CLEAN,RUNNER_V6R1_CONTEXT_BRIDGE_ACCEPTED,38F2047D95802F625FE9C597EAC46407F26A3A2874902D6BC3515F798D850CA1,D9BE0D1FF33073102A32B2092E8A5ACD0FDD3A36FEBB9142D88DEAF81E64D611,19,0.095540757184,0.965299866004,0.607777553834,0.585664694093,0.095551286153,0.965268445670,0.609223450212,0.586789458869,36000,087628C9492429036DBED616D90979CBDE7A338D75C2D3FAD66570E4EBE4358A,IN_PROGRESS
149,run_149__alpha_1p0_seed_789__FEDPROX__SIGNFLIP_MU0P2,alpha_1p0_seed_789,1.0,789,FEDPROX,SIGNFLIP_MU0P2,RUNNER_V6R1_CONTEXT_BRIDGE_ACCEPTED,38F2047D95802F625FE9C597EAC46407F26A3A2874902D6BC3515F798D850CA1,D9BE0D1FF33073102A32B2092E8A5ACD0FDD3A36FEBB9142D88DEAF81E64D611,4,0.139963264731,0.947013714734,0.524036833886,0.528593934639,0.140075713289,0.946943139829,0.524384775214,0.528956931874,36000,0635D9E151D9DAB9608342A0EC7BD7243F3E7679B7B020219438167B9E17DB57,IN_PROGRESS
150,run_150__alpha_1p0_seed_789__FEDPROX__SIGNFLIP_MU0P4,alpha_1p0_seed_789,1.0,789,FEDPROX,SIGNFLIP_MU0P4,RUNNER_V6R1_CONTEXT_BRIDGE_ACCEPTED,38F2047D95802F625FE9C597EAC46407F26A3A2874902D6BC3515F798D850CA1,D9BE0D1FF33073102A32B2092E8A5ACD0FDD3A36FEBB9142D88DEAF81E64D611,4,0.139963264731,0.947013714734,0.524036833886,0.528593934639,0.140075713289,0.946943139829,0.524384775214,0.528956931874,36000,196C7F6E47FFB59A81E2ABA2A8BCC0DA8EB7B4CB49543E64BFBE3BCC309C2910,IN_PROGRESS
151,run_151__alpha_1p0_seed_789__RANDOM_TRIMMED_MEAN__CLEAN,alpha_1p0_seed_789,1.0,789,RANDOM_TRIMMED_MEAN,CLEAN,RUNNER_V6R1_CONTEXT_BRIDGE_ACCEPTED,38F2047D95802F625FE9C597EAC46407F26A3A2874902D6BC3515F798D850CA1,D9BE0D1FF33073102A32B2092E8A5ACD0FDD3A36FEBB9142D88DEAF81E64D611,19,0.105127674946,0.964000030937,0.579137202054,0.566878905544,0.105175632291,0.964076406519,0.577317967803,0.566199544606,36000,116DF3517250E549F1DDAD11434A8965B3FB930D3D5AC06365A4E3D89FA1970D,IN_PROGRESS
152,run_152__alpha_1p0_seed_789__RANDOM_TRIMMED_MEAN__SIGNFLIP_MU0P2,alpha_1p0_seed_789,1.0,789,RANDOM_TRIMMED_MEAN,SIGNFLIP_MU0P2,RUNNER_V6R1_CONTEXT_BRIDGE_ACCEPTED,38F2047D95802F625FE9C597EAC46407F26A3A2874902D6BC3515F798D850CA1,D9BE0D1FF33073102A32B2092E8A5ACD0FDD3A36FEBB9142D88DEAF81E64D611,17,0.105607433076,0.962402911166,0.565722375736,0.571952568776,0.105641288751,0.962361339647,0.566043262144,0.572449960692,36000,CF2070AC87540CAE34F1C5EB5B9F84B634464A8BC17EE81A198E04A0D88C8C38,IN_PROGRESS
153,run_153__alpha_1p0_seed_789__RANDOM_TRIMMED_MEAN__SIGNFLIP_MU0P4,alpha_1p0_seed_789,1.0,789,RANDOM_TRIMMED_MEAN,SIGNFLIP_MU0P4,RUNNER_V6R1_CONTEXT_BRIDGE_ACCEPTED,38F2047D95802F625FE9C597EAC46407F26A3A2874902D6BC3515F798D850CA1,D9BE0D1FF33073102A32B2092E8A5ACD0FDD3A36FEBB9142D88DEAF81E64D611,4,0.108877083970,0.961231657776,0.536345050259,0.531675256421,0.108832466003,0.961288697767,0.536879984711,0.532126695341,36000,4B984A3B612CAA3D0C0D1F259612310A91A41B5F07D8945EAF36A7855C673052,IN_PROGRESS
154,run_154__alpha_1p0_seed_789__FEDLE_ADAPTED__CLEAN,alpha_1p0_seed_789,1.0,789,FEDLE_ADAPTED,CLEAN,RUNNER_V6R1_CONTEXT_BRIDGE_ACCEPTED,38F2047D95802F625FE9C597EAC46407F26A3A2874902D6BC3515F798D850CA1,D9BE0D1FF33073102A32B2092E8A5ACD0FDD3A36FEBB9142D88DEAF81E64D611,19,0.105047026311,0.964038218728,0.595031130489,0.578426098923,0.105104909537,0.964010182122,0.593987820806,0.578002757220,36000,4764DE94B15C0CF84C1D8624C24956B309F7B9395F361C3390CA6A2BE1B1EE9A,IN_PROGRESS
155,run_155__alpha_1p0_seed_789__FEDLE_ADAPTED__SIGNFLIP_MU0P2,alpha_1p0_seed_789,1.0,789,FEDLE_ADAPTED,SIGNFLIP_MU0P2,RUNNER_V6R1_CONTEXT_BRIDGE_ACCEPTED,38F2047D95802F625FE9C597EAC46407F26A3A2874902D6BC3515F798D850CA1,D9BE0D1FF33073102A32B2092E8A5ACD0FDD3A36FEBB9142D88DEAF81E64D611,4,0.108908477867,0.961673959407,0.541504065346,0.536887848091,0.108893473854,0.961640605513,0.541725953587,0.537124129697,36000,BD4BA0FD33B2E364628F0073F00CD0F5F631D0EFC98F7B1E1B82EBE9690029B2,IN_PROGRESS
156,run_156__alpha_1p0_seed_789__FEDLE_ADAPTED__SIGNFLIP_MU0P4,alpha_1p0_seed_789,1.0,789,FEDLE_ADAPTED,SIGNFLIP_MU0P4,RUNNER_V6R1_CONTEXT_BRIDGE_ACCEPTED,38F2047D95802F625FE9C597EAC46407F26A3A2874902D6BC3515F798D850CA1,D9BE0D1FF33073102A32B2092E8A5ACD0FDD3A36FEBB9142D88DEAF81E64D611,4,0.108908477867,0.961673959407,0.541504065346,0.536887848091,0.108893473854,0.961640605513,0.541725953587,0.537124129697,36000,25B91E70B3AF2F16BABF8EFED52195016D63C867ED60BF17CF4398C31ECDA58B,IN_PROGRESS
157,run_157__alpha_1p0_seed_789__TEA_FL__CLEAN,alpha_1p0_seed_789,1.0,789,TEA_FL,CLEAN,RUNNER_V6R1_CONTEXT_BRIDGE_ACCEPTED,38F2047D95802F625FE9C597EAC46407F26A3A2874902D6BC3515F798D850CA1,D9BE0D1FF33073102A32B2092E8A5ACD0FDD3A36FEBB9142D88DEAF81E64D611,12,0.102470102136,0.963868065532,0.564187965013,0.565129130929,0.102476244218,0.963846796383,0.564508484978,0.565416179987,36000,F8A2CF956A7E8059B8F9FE57AFED85EA36B79FC3F75FD9BE5134E702C8EE1874,IN_PROGRESS
158,run_158__alpha_1p0_seed_789__TEA_FL__SIGNFLIP_MU0P2,alpha_1p0_seed_789,1.0,789,TEA_FL,SIGNFLIP_MU0P2,RUNNER_V6R1_CONTEXT_BRIDGE_ACCEPTED,38F2047D95802F625FE9C597EAC46407F26A3A2874902D6BC3515F798D850CA1,D9BE0D1FF33073102A32B2092E8A5ACD0FDD3A36FEBB9142D88DEAF81E64D611,18,0.108120082153,0.964624087118,0.565894183232,0.562064275738,0.108091594584,0.964704813209,0.566680113859,0.562895343711,36000,A3E20D35E670A79AA4974955F6838C26F58602919A5B58926725A689C5542BC0,IN_PROGRESS
159,run_159__alpha_1p0_seed_789__TEA_FL__SIGNFLIP_MU0P4,alpha_1p0_seed_789,1.0,789,TEA_FL,SIGNFLIP_MU0P4,RUNNER_V6R1_CONTEXT_BRIDGE_ACCEPTED,38F2047D95802F625FE9C597EAC46407F26A3A2874902D6BC3515F798D850CA1,D9BE0D1FF33073102A32B2092E8A5ACD0FDD3A36FEBB9142D88DEAF81E64D611,4,0.108033159301,0.961432747916,0.536915576486,0.534282025058,0.107989927524,0.961433714696,0.537093428289,0.534458267217,36000,8B7EF3110B6CBB0776268D5C71C5630C1F133FD36A52A655F01ADE71EC4AAE60,IN_PROGRESS
160,run_160__alpha_1p0_seed_789__ARL_FL__CLEAN,alpha_1p0_seed_789,1.0,789,ARL_FL,CLEAN,RUNNER_V6R1_CONTEXT_BRIDGE_ACCEPTED,38F2047D95802F625FE9C597EAC46407F26A3A2874902D6BC3515F798D850CA1,D9BE0D1FF33073102A32B2092E8A5ACD0FDD3A36FEBB9142D88DEAF81E64D611,19,0.104813817755,0.964515807812,0.590871118004,0.575804730130,0.104848726183,0.964485837647,0.588985529348,0.574841263176,36000,A799F8FCD1A3BE30C59D7C51C679DC560BEE72305E6DBCCFB0A4FAB19FADC511,IN_PROGRESS
161,run_161__alpha_1p0_seed_789__ARL_FL__SIGNFLIP_MU0P2,alpha_1p0_seed_789,1.0,789,ARL_FL,SIGNFLIP_MU0P2,RUNNER_V6R1_CONTEXT_BRIDGE_ACCEPTED,38F2047D95802F625FE9C597EAC46407F26A3A2874902D6BC3515F798D850CA1,D9BE0D1FF33073102A32B2092E8A5ACD0FDD3A36FEBB9142D88DEAF81E64D611,17,0.105089133287,0.961835411587,0.565302038191,0.573643207843,0.105107518505,0.961703446182,0.565154213513,0.573696201077,36000,7D995FF458E6A42990E0D46E736579EA3EBFC32ABB3C05DCE1CAE4FB8F84B5FA,IN_PROGRESS
162,run_162__alpha_1p0_seed_789__ARL_FL__SIGNFLIP_MU0P4,alpha_1p0_seed_789,1.0,789,ARL_FL,SIGNFLIP_MU0P4,RUNNER_V6R1_CONTEXT_BRIDGE_ACCEPTED,38F2047D95802F625FE9C597EAC46407F26A3A2874902D6BC3515F798D850CA1,D9BE0D1FF33073102A32B2092E8A5ACD0FDD3A36FEBB9142D88DEAF81E64D611,4,0.108915678824,0.961194920154,0.537311695247,0.532603522994,0.108877357814,0.961215705913,0.537657596033,0.532904596806,36000,552E50F8D81114A8A16C0A61BF297A742965A0B2F4F9BE21D8E848741F649A01,IN_PROGRESS
163,run_163__alpha_1p0_seed_999__FEDAVG__CLEAN,alpha_1p0_seed_999,1.0,999,FEDAVG,CLEAN,RUNNER_V6R1_CONTEXT_BRIDGE_ACCEPTED,38F2047D95802F625FE9C597EAC46407F26A3A2874902D6BC3515F798D850CA1,D9BE0D1FF33073102A32B2092E8A5ACD0FDD3A36FEBB9142D88DEAF81E64D611,20,0.095138140177,0.966264711967,0.618270142999,0.600351823659,0.095121616162,0.966301932979,0.619563360632,0.602126535596,36000,C09AD1C9967FBEBADACC9DC4151A7BCBB17837355279031CCDA79BDF90BD639E,IN_PROGRESS
164,run_164__alpha_1p0_seed_999__FEDAVG__SIGNFLIP_MU0P2,alpha_1p0_seed_999,1.0,999,FEDAVG,SIGNFLIP_MU0P2,RUNNER_V6R1_CONTEXT_BRIDGE_ACCEPTED,38F2047D95802F625FE9C597EAC46407F26A3A2874902D6BC3515F798D850CA1,D9BE0D1FF33073102A32B2092E8A5ACD0FDD3A36FEBB9142D88DEAF81E64D611,7,0.114381835975,0.962095475278,0.551802677222,0.547792739960,0.114303679303,0.962136563408,0.552085588804,0.548107424563,36000,DC2979AD92F7591A5E61DC9905A49DCC3B2B895B583950797B5FC7334611BA09,IN_PROGRESS
165,run_165__alpha_1p0_seed_999__FEDAVG__SIGNFLIP_MU0P4,alpha_1p0_seed_999,1.0,999,FEDAVG,SIGNFLIP_MU0P4,RUNNER_V6R1_CONTEXT_BRIDGE_ACCEPTED,38F2047D95802F625FE9C597EAC46407F26A3A2874902D6BC3515F798D850CA1,D9BE0D1FF33073102A32B2092E8A5ACD0FDD3A36FEBB9142D88DEAF81E64D611,4,0.104129289390,0.961757102446,0.549737127410,0.551412366536,0.104061633850,0.961764836682,0.550145300941,0.551714975951,36000,A5998DB0EEF1C7544496A15CC44A57226B35D76051E3FD5BF31EDECA82AE5B8C,IN_PROGRESS
166,run_166__alpha_1p0_seed_999__FEDPROX__CLEAN,alpha_1p0_seed_999,1.0,999,FEDPROX,CLEAN,RUNNER_V6R1_CONTEXT_BRIDGE_ACCEPTED,38F2047D95802F625FE9C597EAC46407F26A3A2874902D6BC3515F798D850CA1,D9BE0D1FF33073102A32B2092E8A5ACD0FDD3A36FEBB9142D88DEAF81E64D611,20,0.091695083134,0.966882967472,0.621602252965,0.600547081955,0.091649736392,0.966866532220,0.622778155223,0.601874422285,36000,D6A8F7B0D6DB59E613494BB64B7A782D830FC6AF2B3AB5FBDA0CAA7590A0993C,IN_PROGRESS
167,run_167__alpha_1p0_seed_999__FEDPROX__SIGNFLIP_MU0P2,alpha_1p0_seed_999,1.0,999,FEDPROX,SIGNFLIP_MU0P2,RUNNER_V6R1_CONTEXT_BRIDGE_ACCEPTED,38F2047D95802F625FE9C597EAC46407F26A3A2874902D6BC3515F798D850CA1,D9BE0D1FF33073102A32B2092E8A5ACD0FDD3A36FEBB9142D88DEAF81E64D611,4,0.132865834696,0.946656489701,0.531119312753,0.538256449950,0.132928484991,0.946648272075,0.531825685440,0.538928645979,36000,187148DA2801884D281288307079BD2672AACA7F2B6EEB295DB233160BD4CA3B,IN_PROGRESS
168,run_168__alpha_1p0_seed_999__FEDPROX__SIGNFLIP_MU0P4,alpha_1p0_seed_999,1.0,999,FEDPROX,SIGNFLIP_MU0P4,RUNNER_V6R1_CONTEXT_BRIDGE_ACCEPTED,38F2047D95802F625FE9C597EAC46407F26A3A2874902D6BC3515F798D850CA1,D9BE0D1FF33073102A32B2092E8A5ACD0FDD3A36FEBB9142D88DEAF81E64D611,4,0.132865834696,0.946656489701,0.531119312753,0.538256449950,0.132928484991,0.946648272075,0.531825685440,0.538928645979,36000,8C9C286F3272C88850D7E78442FF8B9C3369CD201E873D88D6AFC8F77EC71A0F,IN_PROGRESS
169,run_169__alpha_1p0_seed_999__RANDOM_TRIMMED_MEAN__CLEAN,alpha_1p0_seed_999,1.0,999,RANDOM_TRIMMED_MEAN,CLEAN,RUNNER_V6R1_CONTEXT_BRIDGE_ACCEPTED,38F2047D95802F625FE9C597EAC46407F26A3A2874902D6BC3515F798D850CA1,D9BE0D1FF33073102A32B2092E8A5ACD0FDD3A36FEBB9142D88DEAF81E64D611,20,0.095630823633,0.966642239371,0.621056518287,0.602734580483,0.095611054518,0.966667859028,0.622816112334,0.604533089321,36000,A78E13C116FFA94225BE25CAAF932C8CAE44EC2020A30EF0D5F780A5F2FD813A,IN_PROGRESS
170,run_170__alpha_1p0_seed_999__RANDOM_TRIMMED_MEAN__SIGNFLIP_MU0P2,alpha_1p0_seed_999,1.0,999,RANDOM_TRIMMED_MEAN,SIGNFLIP_MU0P2,RUNNER_V6R1_CONTEXT_BRIDGE_ACCEPTED,38F2047D95802F625FE9C597EAC46407F26A3A2874902D6BC3515F798D850CA1,D9BE0D1FF33073102A32B2092E8A5ACD0FDD3A36FEBB9142D88DEAF81E64D611,15,0.095725265310,0.964797140653,0.574461526251,0.580063711612,0.095797170487,0.964570914245,0.573806206999,0.579504520137,36000,2025546E395CED5D58D1E3AD2FCDF5DA6F1FECE43748AE0D8F3D1C5DF3270D82,IN_PROGRESS
171,run_171__alpha_1p0_seed_999__RANDOM_TRIMMED_MEAN__SIGNFLIP_MU0P4,alpha_1p0_seed_999,1.0,999,RANDOM_TRIMMED_MEAN,SIGNFLIP_MU0P4,RUNNER_V6R1_CONTEXT_BRIDGE_ACCEPTED,38F2047D95802F625FE9C597EAC46407F26A3A2874902D6BC3515F798D850CA1,D9BE0D1FF33073102A32B2092E8A5ACD0FDD3A36FEBB9142D88DEAF81E64D611,4,0.105428249617,0.961068755426,0.545972738917,0.548699511270,0.105342088544,0.961080356780,0.546243208891,0.548900024736,36000,D43E980BDAD9F6A32DDA4D8CFE16E5572DEC93C60CF7CBB198BDF799FE1FBDB8,IN_PROGRESS
172,run_172__alpha_1p0_seed_999__FEDLE_ADAPTED__CLEAN,alpha_1p0_seed_999,1.0,999,FEDLE_ADAPTED,CLEAN,RUNNER_V6R1_CONTEXT_BRIDGE_ACCEPTED,38F2047D95802F625FE9C597EAC46407F26A3A2874902D6BC3515F798D850CA1,D9BE0D1FF33073102A32B2092E8A5ACD0FDD3A36FEBB9142D88DEAF81E64D611,20,0.095020838845,0.966515591253,0.619372618018,0.600244502991,0.095004486392,0.966570697686,0.620656141279,0.601900515026,36000,E5B0B28CFE473D1EAE03CC5D2535B52A777961F5F00B64162DD2C52A0BB24187,IN_PROGRESS
173,run_173__alpha_1p0_seed_999__FEDLE_ADAPTED__SIGNFLIP_MU0P2,alpha_1p0_seed_999,1.0,999,FEDLE_ADAPTED,SIGNFLIP_MU0P2,RUNNER_V6R1_CONTEXT_BRIDGE_ACCEPTED,38F2047D95802F625FE9C597EAC46407F26A3A2874902D6BC3515F798D850CA1,D9BE0D1FF33073102A32B2092E8A5ACD0FDD3A36FEBB9142D88DEAF81E64D611,7,0.113718188817,0.962378741678,0.552615624621,0.548820714527,0.113648258216,0.962404361336,0.552830079227,0.549110322522,36000,A51D272B4E7AF47D71A8EB75C85B6ED4B550FD5A9792665B279F110C658385ED,IN_PROGRESS
174,run_174__alpha_1p0_seed_999__FEDLE_ADAPTED__SIGNFLIP_MU0P4,alpha_1p0_seed_999,1.0,999,FEDLE_ADAPTED,SIGNFLIP_MU0P4,RUNNER_V6R1_CONTEXT_BRIDGE_ACCEPTED,38F2047D95802F625FE9C597EAC46407F26A3A2874902D6BC3515F798D850CA1,D9BE0D1FF33073102A32B2092E8A5ACD0FDD3A36FEBB9142D88DEAF81E64D611,4,0.104213798306,0.961671059068,0.549426260943,0.551179299593,0.104146255971,0.961706829911,0.549960914670,0.551597355621,36000,DA0E76CEACCA7B5CAEE9D38A7CB294DD1256C296BB39E76EDBF3B7AB29205C7F,IN_PROGRESS
175,run_175__alpha_1p0_seed_999__TEA_FL__CLEAN,alpha_1p0_seed_999,1.0,999,TEA_FL,CLEAN,RUNNER_V6R1_CONTEXT_BRIDGE_ACCEPTED,38F2047D95802F625FE9C597EAC46407F26A3A2874902D6BC3515F798D850CA1,D9BE0D1FF33073102A32B2092E8A5ACD0FDD3A36FEBB9142D88DEAF81E64D611,17,0.102710577007,0.962268528813,0.581123371363,0.560634190865,0.102741358320,0.962156382388,0.581379747860,0.560851433505,36000,592B409901800EA9859A16BC73C9C11513A3134539B470B225DA2F0CD42F0C13,IN_PROGRESS
176,run_176__alpha_1p0_seed_999__TEA_FL__SIGNFLIP_MU0P2,alpha_1p0_seed_999,1.0,999,TEA_FL,SIGNFLIP_MU0P2,RUNNER_V6R1_CONTEXT_BRIDGE_ACCEPTED,38F2047D95802F625FE9C597EAC46407F26A3A2874902D6BC3515F798D850CA1,D9BE0D1FF33073102A32B2092E8A5ACD0FDD3A36FEBB9142D88DEAF81E64D611,15,0.095514301139,0.965271346008,0.575300563946,0.578903884128,0.095576584231,0.965068805699,0.574679302636,0.578363106080,36000,407F00104087BB60AC9582254F8F7659B926D45904E73087FC820E679E1A0CC8,IN_PROGRESS
177,run_177__alpha_1p0_seed_999__TEA_FL__SIGNFLIP_MU0P4,alpha_1p0_seed_999,1.0,999,TEA_FL,SIGNFLIP_MU0P4,RUNNER_V6R1_CONTEXT_BRIDGE_ACCEPTED,38F2047D95802F625FE9C597EAC46407F26A3A2874902D6BC3515F798D850CA1,D9BE0D1FF33073102A32B2092E8A5ACD0FDD3A36FEBB9142D88DEAF81E64D611,4,0.104709593630,0.960570380582,0.545957199290,0.549319360006,0.104648367092,0.960607118204,0.546400703173,0.549667710879,36000,0DD1999EC4BD7A9C65E36AC0CFF62F12B68A570AB2E55154E927FF6BCAC2BC69,IN_PROGRESS
178,run_178__alpha_1p0_seed_999__ARL_FL__CLEAN,alpha_1p0_seed_999,1.0,999,ARL_FL,CLEAN,RUNNER_V6R1_CONTEXT_BRIDGE_ACCEPTED,38F2047D95802F625FE9C597EAC46407F26A3A2874902D6BC3515F798D850CA1,D9BE0D1FF33073102A32B2092E8A5ACD0FDD3A36FEBB9142D88DEAF81E64D611,20,0.095459914991,0.966686711229,0.617999095197,0.602286892642,0.095441860367,0.966677526823,0.620808056774,0.605066808325,36000,467DA2FA8E99D04AD2421C9E7D8482ECFD7D2293558AEEFBDD18AE1AD56370B7,IN_PROGRESS
179,run_179__alpha_1p0_seed_999__ARL_FL__SIGNFLIP_MU0P2,alpha_1p0_seed_999,1.0,999,ARL_FL,SIGNFLIP_MU0P2,RUNNER_V6R1_CONTEXT_BRIDGE_ACCEPTED,38F2047D95802F625FE9C597EAC46407F26A3A2874902D6BC3515F798D850CA1,D9BE0D1FF33073102A32B2092E8A5ACD0FDD3A36FEBB9142D88DEAF81E64D611,19,0.096210166777,0.965835461860,0.574067209268,0.572116277867,0.096234906711,0.965892018462,0.574727901494,0.572862624269,36000,A12A0DD3C9BA74C09F4D84E0C8581315E26A4CCD34FA259600ADE821D10BA6EF,IN_PROGRESS
180,run_180__alpha_1p0_seed_999__ARL_FL__SIGNFLIP_MU0P4,alpha_1p0_seed_999,1.0,999,ARL_FL,SIGNFLIP_MU0P4,RUNNER_V6R1_CONTEXT_BRIDGE_ACCEPTED,38F2047D95802F625FE9C597EAC46407F26A3A2874902D6BC3515F798D850CA1,D9BE0D1FF33073102A32B2092E8A5ACD0FDD3A36FEBB9142D88DEAF81E64D611,4,0.104891023411,0.961059087631,0.546253608301,0.549075787522,0.104820416631,0.961041202210,0.546481342257,0.549218688058,36000,E44EE188616A30BD918DC93BA10B633CFE741C26FE2989497C10B3258937C441,IN_PROGRESS
