FileID,RelativePath,OriginalFineClass,effective_observations_train,effective_observations_validation,effective_observations_test,effective_observation_file_associations,percent_train_within_source_file,percent_validation_within_source_file,percent_test_within_source_file,partitions_present,partition_presence_mask
0,Backdoor_Malware/Backdoor_Malware.pcap.csv,Backdoor_Malware,2558,305,330,3193,80.11274663326026,9.552145317882868,10.335108048856874,3,7
1,Benign_Final/BenignTraffic.pcap.csv,Benign_Final,288083,36041,36068,360192,79.98039934257285,10.006052327647478,10.013548329779674,3,7
2,Benign_Final/BenignTraffic1.pcap.csv,Benign_Final,235822,29276,29376,294474,80.08245210103439,9.941794521757439,9.975753377208175,3,7
3,Benign_Final/BenignTraffic2.pcap.csv,Benign_Final,247752,30993,31043,309788,79.97469237026611,10.00458377987527,10.020723849858612,3,7
4,Benign_Final/BenignTraffic3.pcap.csv,Benign_Final,103657,13104,12902,129663,79.94339171544696,10.106198375789546,9.950409908763486,3,7
5,BrowserHijacking/BrowserHijacking.pcap.csv,BrowserHijacking,4530,560,612,5702,79.44580848824974,9.821115398105928,10.733076113644335,3,7
6,CommandInjection/CommandInjection.pcap.csv,CommandInjection,4355,502,526,5383,80.9028422812558,9.325654839308935,9.771502879435259,3,7
7,DDoS-ACK_Fragmentation/DDoS-ACK_Fragmentation.pcap.csv,DDoS-ACK_Fragmentation,20052,2482,2551,25085,79.93621686266694,9.894359178792106,10.16942395854096,3,7
8,DDoS-ACK_Fragmentation/DDoS-ACK_Fragmentation1.pcap.csv,DDoS-ACK_Fragmentation,17997,2174,2234,22405,80.3258201294354,9.703191251952688,9.970988618611917,3,7
9,DDoS-ACK_Fragmentation/DDoS-ACK_Fragmentation10.pcap.csv,DDoS-ACK_Fragmentation,18129,2331,2279,22739,79.72646114604863,10.251110427019658,10.022428426931704,3,7
10,DDoS-ACK_Fragmentation/DDoS-ACK_Fragmentation11.pcap.csv,DDoS-ACK_Fragmentation,18105,2353,2289,22747,79.59291335121115,10.344221215984525,10.062865432804326,3,7
11,DDoS-ACK_Fragmentation/DDoS-ACK_Fragmentation12.pcap.csv,DDoS-ACK_Fragmentation,7580,952,949,9481,79.94937242906866,10.04113490138171,10.009492669549626,3,7
12,DDoS-ACK_Fragmentation/DDoS-ACK_Fragmentation2.pcap.csv,DDoS-ACK_Fragmentation,18064,2343,2137,22544,80.1277501774308,10.393009226401704,9.479240596167495,3,7
13,DDoS-ACK_Fragmentation/DDoS-ACK_Fragmentation3.pcap.csv,DDoS-ACK_Fragmentation,18243,2295,2272,22810,79.97807978956598,10.061376589215257,9.960543621218763,3,7
14,DDoS-ACK_Fragmentation/DDoS-ACK_Fragmentation4.pcap.csv,DDoS-ACK_Fragmentation,17963,2254,2252,22469,79.94570296853442,10.031599092082425,10.02269793938315,3,7
15,DDoS-ACK_Fragmentation/DDoS-ACK_Fragmentation5.pcap.csv,DDoS-ACK_Fragmentation,17526,2209,2202,21937,79.89241920043762,10.069745179377307,10.037835620185076,3,7
16,DDoS-ACK_Fragmentation/DDoS-ACK_Fragmentation6.pcap.csv,DDoS-ACK_Fragmentation,17673,2247,2199,22119,79.89963379899633,10.158687101586871,9.941679099416792,3,7
17,DDoS-ACK_Fragmentation/DDoS-ACK_Fragmentation7.pcap.csv,DDoS-ACK_Fragmentation,17756,2276,2204,22236,79.85249145529771,10.235653894585358,9.911854650116927,3,7
18,DDoS-ACK_Fragmentation/DDoS-ACK_Fragmentation8.pcap.csv,DDoS-ACK_Fragmentation,17891,2273,2286,22450,79.69265033407572,10.124721603563474,10.182628062360802,3,7
19,DDoS-ACK_Fragmentation/DDoS-ACK_Fragmentation9.pcap.csv,DDoS-ACK_Fragmentation,20642,2585,2652,25879,79.76351481896518,9.98879400285946,10.247691178175355,3,7
20,DDoS-HTTP_Flood/DDoS-HTTP_Flood-.pcap.csv,DDoS-HTTP_Flood,23023,2894,2873,28790,79.96873914553665,10.052101424105592,9.979159430357763,3,7
21,DDoS-ICMP_Flood/DDoS-ICMP_Flood.pcap.csv,DDoS-ICMP_Flood,106311,13315,13162,132788,80.0606982558665,10.02726149953309,9.912040244600416,3,7
22,DDoS-ICMP_Flood/DDoS-ICMP_Flood1.pcap.csv,DDoS-ICMP_Flood,99155,12508,12392,124055,79.92825762766515,10.082624642295755,9.989117730039096,3,7
23,DDoS-ICMP_Flood/DDoS-ICMP_Flood10.pcap.csv,DDoS-ICMP_Flood,119380,15033,14736,149149,80.04076460452299,10.07918256240404,9.880052833072968,3,7
24,DDoS-ICMP_Flood/DDoS-ICMP_Flood11.pcap.csv,DDoS-ICMP_Flood,118988,14846,14916,148750,79.99193277310924,9.980504201680672,10.027563025210084,3,7
25,DDoS-ICMP_Flood/DDoS-ICMP_Flood12.pcap.csv,DDoS-ICMP_Flood,115789,14817,14512,145118,79.78955057263744,10.21031160848413,10.00013781887843,3,7
26,DDoS-ICMP_Flood/DDoS-ICMP_Flood13.pcap.csv,DDoS-ICMP_Flood,109991,13870,13756,137617,79.92544525749,10.078696672649455,9.995858069860555,3,7
27,DDoS-ICMP_Flood/DDoS-ICMP_Flood14.pcap.csv,DDoS-ICMP_Flood,114365,14253,14186,142804,80.085291728523,9.980812862384807,9.933895409092182,3,7
28,DDoS-ICMP_Flood/DDoS-ICMP_Flood15.pcap.csv,DDoS-ICMP_Flood,107084,13352,13288,133724,80.07837037480184,9.984744698034758,9.936884927163412,3,7
29,DDoS-ICMP_Flood/DDoS-ICMP_Flood16.pcap.csv,DDoS-ICMP_Flood,100699,12619,12712,126030,79.90081726573038,10.012695389986511,10.086487344283107,3,7
30,DDoS-ICMP_Flood/DDoS-ICMP_Flood17.pcap.csv,DDoS-ICMP_Flood,101398,12741,12588,126727,80.0129412043211,10.053895381410433,9.933163414268467,3,7
31,DDoS-ICMP_Flood/DDoS-ICMP_Flood18.pcap.csv,DDoS-ICMP_Flood,102168,12814,12802,127784,79.95367182119827,10.027859512928066,10.018468665873662,3,7
32,DDoS-ICMP_Flood/DDoS-ICMP_Flood19.pcap.csv,DDoS-ICMP_Flood,112521,13951,14094,140566,80.04851813383037,9.92487514761749,10.02660671855214,3,7
33,DDoS-ICMP_Flood/DDoS-ICMP_Flood2.pcap.csv,DDoS-ICMP_Flood,104981,13142,12906,131029,80.1204313548909,10.029840722282854,9.849727922826245,3,7
34,DDoS-ICMP_Flood/DDoS-ICMP_Flood20.pcap.csv,DDoS-ICMP_Flood,103207,13123,12888,129218,79.87045148508722,10.155705861412496,9.973842653500286,3,7
35,DDoS-ICMP_Flood/DDoS-ICMP_Flood21.pcap.csv,DDoS-ICMP_Flood,114783,14331,14366,143480,79.99930303875105,9.988151658767773,10.012545302481183,3,7
36,DDoS-ICMP_Flood/DDoS-ICMP_Flood22.pcap.csv,DDoS-ICMP_Flood,101884,12776,12817,127477,79.92343716905795,10.022200083152255,10.054362747789797,3,7
37,DDoS-ICMP_Flood/DDoS-ICMP_Flood23.pcap.csv,DDoS-ICMP_Flood,97403,12191,12082,121676,80.0511193661856,10.01923140142674,9.929649232387652,3,7
38,DDoS-ICMP_Flood/DDoS-ICMP_Flood24.pcap.csv,DDoS-ICMP_Flood,83841,10546,10481,104868,79.94907884197276,10.056451920509593,9.994469237517642,3,7
39,DDoS-ICMP_Flood/DDoS-ICMP_Flood25.pcap.csv,DDoS-ICMP_Flood,113405,14095,14046,141546,80.1188306274992,9.957893546974129,9.923275825526684,3,7
40,DDoS-ICMP_Flood/DDoS-ICMP_Flood26.pcap.csv,DDoS-ICMP_Flood,95690,11845,11804,119339,80.1833432490636,9.925506330704966,9.891150420231442,3,7
41,DDoS-ICMP_Flood/DDoS-ICMP_Flood3.pcap.csv,DDoS-ICMP_Flood,110969,13930,13609,138508,80.1173939411442,10.05718081266064,9.825425246195165,3,7
42,DDoS-ICMP_Flood/DDoS-ICMP_Flood4.pcap.csv,DDoS-ICMP_Flood,108897,13560,13509,135966,80.09134636600326,9.973081505670535,9.9355721283262,3,7
43,DDoS-ICMP_Flood/DDoS-ICMP_Flood5.pcap.csv,DDoS-ICMP_Flood,99786,12607,12401,124794,79.96057502764556,10.102248505537125,9.937176466817315,3,7
44,DDoS-ICMP_Flood/DDoS-ICMP_Flood6.pcap.csv,DDoS-ICMP_Flood,90252,11453,11268,112973,79.88811485930266,10.137820541191259,9.974064599506077,3,7
45,DDoS-ICMP_Flood/DDoS-ICMP_Flood7.pcap.csv,DDoS-ICMP_Flood,89446,11323,11274,112043,79.83185027177066,10.105941468900333,10.062208259329008,3,7
46,DDoS-ICMP_Flood/DDoS-ICMP_Flood8.pcap.csv,DDoS-ICMP_Flood,116917,14623,14711,146251,79.9427012464872,9.998564112382137,10.058734641130659,3,7
47,DDoS-ICMP_Flood/DDoS-ICMP_Flood9.pcap.csv,DDoS-ICMP_Flood,114036,14297,14218,142551,79.99663278405623,10.029392989175804,9.973974226767965,3,7
48,DDoS-ICMP_Fragmentation/DDoS-ICMP_Fragmentation.pcap.csv,DDoS-ICMP_Fragmentation,16567,2054,2071,20692,80.06475932727624,9.926541658612024,10.008699014111734,3,7
49,DDoS-ICMP_Fragmentation/DDoS-ICMP_Fragmentation1.pcap.csv,DDoS-ICMP_Fragmentation,18081,2275,2165,22521,80.28506727054749,10.101682873762266,9.613249855690245,3,7
50,DDoS-ICMP_Fragmentation/DDoS-ICMP_Fragmentation10.pcap.csv,DDoS-ICMP_Fragmentation,18176,2295,2264,22735,79.9472179458984,10.094567846932042,9.958214207169563,3,7
51,DDoS-ICMP_Fragmentation/DDoS-ICMP_Fragmentation11.pcap.csv,DDoS-ICMP_Fragmentation,18035,2196,2288,22519,80.08792575158755,9.751765176073539,10.160309072338913,3,7
52,DDoS-ICMP_Fragmentation/DDoS-ICMP_Fragmentation12.pcap.csv,DDoS-ICMP_Fragmentation,18320,2283,2321,22924,79.91624498342348,9.958994939801082,10.124760076775432,3,7
53,DDoS-ICMP_Fragmentation/DDoS-ICMP_Fragmentation13.pcap.csv,DDoS-ICMP_Fragmentation,18017,2255,2290,22562,79.85550926336317,9.994681322577785,10.149809414059037,3,7
54,DDoS-ICMP_Fragmentation/DDoS-ICMP_Fragmentation14.pcap.csv,DDoS-ICMP_Fragmentation,18092,2310,2310,22712,79.65833039802747,10.170834800986263,10.170834800986263,3,7
55,DDoS-ICMP_Fragmentation/DDoS-ICMP_Fragmentation15.pcap.csv,DDoS-ICMP_Fragmentation,17757,2190,2308,22255,79.78881150303303,9.840485284205796,10.370703212761176,3,7
56,DDoS-ICMP_Fragmentation/DDoS-ICMP_Fragmentation16.pcap.csv,DDoS-ICMP_Fragmentation,18352,2322,2367,23041,79.64932077600798,10.077687600364568,10.272991623627446,3,7
57,DDoS-ICMP_Fragmentation/DDoS-ICMP_Fragmentation17.pcap.csv,DDoS-ICMP_Fragmentation,20066,2538,2525,25129,79.85196386644913,10.099884595487286,10.048151538063593,3,7
58,DDoS-ICMP_Fragmentation/DDoS-ICMP_Fragmentation18.pcap.csv,DDoS-ICMP_Fragmentation,17930,2280,2296,22506,79.66764418377322,10.130631831511597,10.201723984715187,3,7
59,DDoS-ICMP_Fragmentation/DDoS-ICMP_Fragmentation19.pcap.csv,DDoS-ICMP_Fragmentation,15881,2001,1976,19858,79.9728069291973,10.076543458555745,9.950649612246954,3,7
60,DDoS-ICMP_Fragmentation/DDoS-ICMP_Fragmentation2.pcap.csv,DDoS-ICMP_Fragmentation,18161,2249,2200,22610,80.32286598850067,9.946926138876604,9.730207872622733,3,7
61,DDoS-ICMP_Fragmentation/DDoS-ICMP_Fragmentation3.pcap.csv,DDoS-ICMP_Fragmentation,18744,2329,2302,23375,80.18823529411765,9.963636363636363,9.848128342245989,3,7
62,DDoS-ICMP_Fragmentation/DDoS-ICMP_Fragmentation4.pcap.csv,DDoS-ICMP_Fragmentation,18883,2274,2404,23561,80.145155129239,9.651542803785917,10.203302066975086,3,7
63,DDoS-ICMP_Fragmentation/DDoS-ICMP_Fragmentation5.pcap.csv,DDoS-ICMP_Fragmentation,17965,2235,2212,22412,80.15795109762627,9.972336248438337,9.869712653935391,3,7
64,DDoS-ICMP_Fragmentation/DDoS-ICMP_Fragmentation6.pcap.csv,DDoS-ICMP_Fragmentation,17827,2196,2293,22316,79.88438788313317,9.84047320308299,10.275138913783833,3,7
65,DDoS-ICMP_Fragmentation/DDoS-ICMP_Fragmentation7.pcap.csv,DDoS-ICMP_Fragmentation,18104,2424,2233,22761,79.53956328808049,10.649795703176487,9.810641008743024,3,7
66,DDoS-ICMP_Fragmentation/DDoS-ICMP_Fragmentation8.pcap.csv,DDoS-ICMP_Fragmentation,17976,2247,2297,22520,79.82238010657194,9.977797513321493,10.199822380106571,3,7
67,DDoS-ICMP_Fragmentation/DDoS-ICMP_Fragmentation9.pcap.csv,DDoS-ICMP_Fragmentation,18706,2306,2269,23281,80.34878226880289,9.905072806150939,9.746144925046176,3,7
68,DDoS-PSHACK_FLOOD/DDoS-PSHACK_Flood.pcap.csv,DDoS-PSHACK_FLOOD,109004,13556,13689,136249,80.00352296163642,9.949430821510617,10.047046216852968,3,7
69,DDoS-PSHACK_FLOOD/DDoS-PSHACK_Flood1.pcap.csv,DDoS-PSHACK_FLOOD,111865,13955,13992,139812,80.01101479129116,9.981260549881268,10.007724658827568,3,7
70,DDoS-PSHACK_FLOOD/DDoS-PSHACK_Flood10.pcap.csv,DDoS-PSHACK_FLOOD,111351,13768,14096,139215,79.98491541859714,9.88973889307905,10.125345688323815,3,7
71,DDoS-PSHACK_FLOOD/DDoS-PSHACK_Flood11.pcap.csv,DDoS-PSHACK_FLOOD,114679,14384,14428,143491,79.9206918900837,10.024322082918092,10.05498602699821,3,7
72,DDoS-PSHACK_FLOOD/DDoS-PSHACK_Flood12.pcap.csv,DDoS-PSHACK_FLOOD,117346,14648,14573,146567,80.06304284047569,9.99406414813703,9.942893011387284,3,7
73,DDoS-PSHACK_FLOOD/DDoS-PSHACK_Flood13.pcap.csv,DDoS-PSHACK_FLOOD,108554,13622,13588,135764,79.95786806517192,10.033587696296514,10.00854423853157,3,7
74,DDoS-PSHACK_FLOOD/DDoS-PSHACK_Flood14.pcap.csv,DDoS-PSHACK_FLOOD,132857,16337,16839,166033,80.01843007113044,9.839610197972693,10.14195973089687,3,7
75,DDoS-PSHACK_FLOOD/DDoS-PSHACK_Flood15.pcap.csv,DDoS-PSHACK_FLOOD,42655,5339,5473,53467,79.77818093403408,9.985598593524978,10.236220472440944,3,7
76,DDoS-PSHACK_FLOOD/DDoS-PSHACK_Flood2.pcap.csv,DDoS-PSHACK_FLOOD,151874,19032,19068,189974,79.94462400117911,10.018213018623602,10.03716298019729,3,7
77,DDoS-PSHACK_FLOOD/DDoS-PSHACK_Flood3.pcap.csv,DDoS-PSHACK_FLOOD,123802,15330,15418,154550,80.10482044645745,9.919120025881591,9.97605952766095,3,7
78,DDoS-PSHACK_FLOOD/DDoS-PSHACK_Flood4.pcap.csv,DDoS-PSHACK_FLOOD,122365,15238,15162,152765,80.10015383104769,9.974797892187347,9.925048276764965,3,7
79,DDoS-PSHACK_FLOOD/DDoS-PSHACK_Flood5.pcap.csv,DDoS-PSHACK_FLOOD,120820,15021,15204,151045,79.9894071303254,9.94471846138568,10.06587440828892,3,7
80,DDoS-PSHACK_FLOOD/DDoS-PSHACK_Flood6.pcap.csv,DDoS-PSHACK_FLOOD,174179,21997,21575,217751,79.98998856492048,10.101905387346097,9.90810604773342,3,7
81,DDoS-PSHACK_FLOOD/DDoS-PSHACK_Flood7.pcap.csv,DDoS-PSHACK_FLOOD,122735,15241,15518,153494,79.96078022593717,9.929378347036366,10.109841427026463,3,7
82,DDoS-PSHACK_FLOOD/DDoS-PSHACK_Flood8.pcap.csv,DDoS-PSHACK_FLOOD,112923,13920,14125,140968,80.10541399466545,9.874581465297089,10.020004540037455,3,7
83,DDoS-PSHACK_FLOOD/DDoS-PSHACK_Flood9.pcap.csv,DDoS-PSHACK_FLOOD,117906,14944,14686,147536,79.91676607743194,10.129053248020822,9.95418067454723,3,7
84,DDoS-RSTFINFLOOD/DDoS-RSTFINFlood.pcap.csv,DDoS-RSTFINFLOOD,120523,14855,14938,150316,80.17975465020358,9.882514170148221,9.937731179648209,3,7
85,DDoS-RSTFINFLOOD/DDoS-RSTFINFlood1.pcap.csv,DDoS-RSTFINFLOOD,99475,12565,12461,124501,79.89895663488646,10.092288415354094,10.008754949759439,3,7
86,DDoS-RSTFINFLOOD/DDoS-RSTFINFlood10.pcap.csv,DDoS-RSTFINFLOOD,115928,14449,14197,144574,80.18592554677882,9.994189826663161,9.819884626558025,3,7
87,DDoS-RSTFINFLOOD/DDoS-RSTFINFlood11.pcap.csv,DDoS-RSTFINFLOOD,103749,12935,12854,129538,80.09155614568698,9.985486884157545,9.922956970155475,3,7
88,DDoS-RSTFINFLOOD/DDoS-RSTFINFlood12.pcap.csv,DDoS-RSTFINFLOOD,99838,12390,12599,124827,79.98109383386607,9.925737220312913,10.093168945821017,3,7
89,DDoS-RSTFINFLOOD/DDoS-RSTFINFlood13.pcap.csv,DDoS-RSTFINFLOOD,94126,11856,11543,117525,80.09019357583493,10.08806636885769,9.821740055307382,3,7
90,DDoS-RSTFINFLOOD/DDoS-RSTFINFlood14.pcap.csv,DDoS-RSTFINFLOOD,98789,12325,12282,123396,80.0585108107232,9.988168174008882,9.953321015267917,3,7
91,DDoS-RSTFINFLOOD/DDoS-RSTFINFlood15.pcap.csv,DDoS-RSTFINFLOOD,30287,3717,3698,37702,80.33260834968968,9.858893427404382,9.808498222905946,3,7
92,DDoS-RSTFINFLOOD/DDoS-RSTFINFlood2.pcap.csv,DDoS-RSTFINFLOOD,103593,12761,13039,129393,80.06074517168626,9.862202746670995,10.077052081642748,3,7
93,DDoS-RSTFINFLOOD/DDoS-RSTFINFlood3.pcap.csv,DDoS-RSTFINFLOOD,107492,13492,13321,134305,80.03573954804364,10.045791295930904,9.918469156025465,3,7
94,DDoS-RSTFINFLOOD/DDoS-RSTFINFlood4.pcap.csv,DDoS-RSTFINFLOOD,100946,12569,12478,125993,80.12032414499218,9.97595104489932,9.903724810108498,3,7
95,DDoS-RSTFINFLOOD/DDoS-RSTFINFlood5.pcap.csv,DDoS-RSTFINFLOOD,105807,13139,13144,132090,80.10220304337952,9.94700582935877,9.950791127261715,3,7
96,DDoS-RSTFINFLOOD/DDoS-RSTFINFlood6.pcap.csv,DDoS-RSTFINFLOOD,95747,11688,11950,119385,80.20019265401851,9.790174645055911,10.009632700925577,3,7
97,DDoS-RSTFINFLOOD/DDoS-RSTFINFlood7.pcap.csv,DDoS-RSTFINFLOOD,113772,14166,14078,142016,80.11210004506535,9.974932401982874,9.91296755295178,3,7
98,DDoS-RSTFINFLOOD/DDoS-RSTFINFlood8.pcap.csv,DDoS-RSTFINFLOOD,105740,13312,13297,132349,79.89482353474526,10.058255068039804,10.04692139721494,3,7
99,DDoS-RSTFINFLOOD/DDoS-RSTFINFlood9.pcap.csv,DDoS-RSTFINFLOOD,98382,12084,12222,122688,80.18877151799687,9.849374021909233,9.961854460093896,3,7
100,DDoS-SlowLoris/DDoS-SlowLoris.pcap.csv,DDoS-SlowLoris,18815,2312,2298,23425,80.32017075773746,9.869797225186765,9.810032017075773,3,7
101,DDoS-SYN_Flood/DDoS-SYN_Flood.pcap.csv,DDoS-SYN_Flood,140705,17631,17641,175977,79.95647158435477,10.018922927428017,10.02460548821721,3,7
102,DDoS-SYN_Flood/DDoS-SYN_Flood1.pcap.csv,DDoS-SYN_Flood,134755,16828,16698,168281,80.07737058847998,9.999940575584885,9.922688835935132,3,7
103,DDoS-SYN_Flood/DDoS-SYN_Flood10.pcap.csv,DDoS-SYN_Flood,117676,14835,14617,147128,79.98205644065033,10.083056930020119,9.934886629329563,3,7
104,DDoS-SYN_Flood/DDoS-SYN_Flood11.pcap.csv,DDoS-SYN_Flood,110107,13711,13752,137570,80.03707203605437,9.966562477284292,9.996365486661336,3,7
105,DDoS-SYN_Flood/DDoS-SYN_Flood12.pcap.csv,DDoS-SYN_Flood,134501,16719,16873,168093,80.01582457330169,9.946279738002177,10.037895688696139,3,7
106,DDoS-SYN_Flood/DDoS-SYN_Flood13.pcap.csv,DDoS-SYN_Flood,142321,17922,17872,178115,79.90399461022373,10.062038570586418,10.03396681918985,3,7
107,DDoS-SYN_Flood/DDoS-SYN_Flood14.pcap.csv,DDoS-SYN_Flood,136355,17084,16884,170323,80.05671576944981,10.030354091931214,9.912930138618977,3,7
108,DDoS-SYN_Flood/DDoS-SYN_Flood15.pcap.csv,DDoS-SYN_Flood,71754,9117,9101,89972,79.75147823767394,10.13315253634464,10.115369225981416,3,7
109,DDoS-SYN_Flood/DDoS-SYN_Flood2.pcap.csv,DDoS-SYN_Flood,131287,16359,16473,164119,79.99500362541814,9.96776729080728,10.037229083774578,3,7
110,DDoS-SYN_Flood/DDoS-SYN_Flood3.pcap.csv,DDoS-SYN_Flood,122581,15373,15185,153139,80.04557950620026,10.038592389920268,9.915828103879482,3,7
111,DDoS-SYN_Flood/DDoS-SYN_Flood4.pcap.csv,DDoS-SYN_Flood,120552,15017,15073,150642,80.02549089895248,9.968667436704239,10.005841664343277,3,7
112,DDoS-SYN_Flood/DDoS-SYN_Flood5.pcap.csv,DDoS-SYN_Flood,103403,12697,12843,128943,80.19279836827126,9.846986653017225,9.960214978711523,3,7
113,DDoS-SYN_Flood/DDoS-SYN_Flood6.pcap.csv,DDoS-SYN_Flood,106810,13252,13126,133188,80.19491245457549,9.949845331411238,9.855242214013275,3,7
114,DDoS-SYN_Flood/DDoS-SYN_Flood7.pcap.csv,DDoS-SYN_Flood,120298,14953,14965,150216,80.08334664749428,9.954332427970389,9.962320924535335,3,7
115,DDoS-SYN_Flood/DDoS-SYN_Flood8.pcap.csv,DDoS-SYN_Flood,137091,17237,17156,171484,79.94390147185743,10.051666627790349,10.00443190035222,3,7
116,DDoS-SYN_Flood/DDoS-SYN_Flood9.pcap.csv,DDoS-SYN_Flood,115476,14493,14451,144420,79.95845450768591,10.035313668466971,10.006231823847113,3,7
117,DDoS-SynonymousIP_Flood/DDoS-SynonymousIP_Flood.pcap.csv,DDoS-SynonymousIP_Flood,94391,11735,11822,117948,80.02763929867399,9.949299691389426,10.023061009936582,3,7
118,DDoS-SynonymousIP_Flood/DDoS-SynonymousIP_Flood1.pcap.csv,DDoS-SynonymousIP_Flood,97224,12198,12184,121606,79.95000246698353,10.03075506142789,10.019242471588573,3,7
119,DDoS-SynonymousIP_Flood/DDoS-SynonymousIP_Flood10.pcap.csv,DDoS-SynonymousIP_Flood,104256,13079,13169,130504,79.88720652240545,10.021915037086986,10.09087844050757,3,7
120,DDoS-SynonymousIP_Flood/DDoS-SynonymousIP_Flood11.pcap.csv,DDoS-SynonymousIP_Flood,104925,13252,13114,131291,79.91789231554334,10.093608853615251,9.988498830841413,3,7
121,DDoS-SynonymousIP_Flood/DDoS-SynonymousIP_Flood12.pcap.csv,DDoS-SynonymousIP_Flood,119019,14756,14884,148659,80.06175206344722,9.926072420775062,10.01217551577772,3,7
122,DDoS-SynonymousIP_Flood/DDoS-SynonymousIP_Flood13.pcap.csv,DDoS-SynonymousIP_Flood,55923,6938,6911,69772,80.15106346385369,9.943817003955742,9.905119532190563,3,7
123,DDoS-SynonymousIP_Flood/DDoS-SynonymousIP_Flood2.pcap.csv,DDoS-SynonymousIP_Flood,104039,13001,13023,130063,79.99123501687643,9.995925051705711,10.012839931417851,3,7
124,DDoS-SynonymousIP_Flood/DDoS-SynonymousIP_Flood3.pcap.csv,DDoS-SynonymousIP_Flood,103375,12794,13027,129196,80.01408712344035,9.902783367906126,10.083129508653519,3,7
125,DDoS-SynonymousIP_Flood/DDoS-SynonymousIP_Flood4.pcap.csv,DDoS-SynonymousIP_Flood,104942,13160,13100,131202,79.98506120333532,10.030334903431351,9.984603893233334,3,7
126,DDoS-SynonymousIP_Flood/DDoS-SynonymousIP_Flood5.pcap.csv,DDoS-SynonymousIP_Flood,98903,12355,12490,123748,79.92290784497527,9.983999741409962,10.093092413614766,3,7
127,DDoS-SynonymousIP_Flood/DDoS-SynonymousIP_Flood6.pcap.csv,DDoS-SynonymousIP_Flood,106293,13091,13301,132685,80.10928138071372,9.866224516712515,10.024494102573765,3,7
128,DDoS-SynonymousIP_Flood/DDoS-SynonymousIP_Flood7.pcap.csv,DDoS-SynonymousIP_Flood,129984,16303,16226,162513,79.9837551457422,10.031812839588218,9.984432014669595,3,7
129,DDoS-SynonymousIP_Flood/DDoS-SynonymousIP_Flood8.pcap.csv,DDoS-SynonymousIP_Flood,129051,16100,16034,161185,80.06390172782827,9.988522505195894,9.947575766975834,3,7
130,DDoS-SynonymousIP_Flood/DDoS-SynonymousIP_Flood9.pcap.csv,DDoS-SynonymousIP_Flood,105430,13148,13206,131784,80.00212468888485,9.976931949250288,10.02094336186487,3,7
131,DDoS-TCP_Flood/DDoS-TCP_Flood.pcap.csv,DDoS-TCP_Flood,94125,11786,11770,117681,79.98317485405461,10.015210611738514,10.001614534206881,3,7
132,DDoS-TCP_Flood/DDoS-TCP_Flood1.pcap.csv,DDoS-TCP_Flood,101495,12826,12622,126943,79.95320734502887,10.10374735117336,9.943045303797767,3,7
133,DDoS-TCP_Flood/DDoS-TCP_Flood10.pcap.csv,DDoS-TCP_Flood,104055,13071,13049,130175,79.93470328404071,10.041098521221432,10.024198194737853,3,7
134,DDoS-TCP_Flood/DDoS-TCP_Flood11.pcap.csv,DDoS-TCP_Flood,110139,13777,13709,137625,80.0283378746594,10.010535876475931,9.961126248864668,3,7
135,DDoS-TCP_Flood/DDoS-TCP_Flood12.pcap.csv,DDoS-TCP_Flood,105619,13204,13202,132025,79.99924256769552,10.001136148456732,9.999621283847755,3,7
136,DDoS-TCP_Flood/DDoS-TCP_Flood13.pcap.csv,DDoS-TCP_Flood,101768,12817,12622,127207,80.00188668862563,10.07570338110324,9.922409930271133,3,7
137,DDoS-TCP_Flood/DDoS-TCP_Flood14.pcap.csv,DDoS-TCP_Flood,99771,12560,12616,124947,79.85065667843166,10.052262159155482,10.097081162412863,3,7
138,DDoS-TCP_Flood/DDoS-TCP_Flood15.pcap.csv,DDoS-TCP_Flood,120747,14876,15004,150627,80.16291899858591,9.87605143832115,9.961029563092938,3,7
139,DDoS-TCP_Flood/DDoS-TCP_Flood16.pcap.csv,DDoS-TCP_Flood,118165,14798,14723,147686,80.01096921847704,10.01990710019907,9.96912368132389,3,7
140,DDoS-TCP_Flood/DDoS-TCP_Flood17.pcap.csv,DDoS-TCP_Flood,45381,5792,5701,56874,79.79217217006013,10.183915321588072,10.023912508351795,3,7
141,DDoS-TCP_Flood/DDoS-TCP_Flood2.pcap.csv,DDoS-TCP_Flood,98184,12349,12292,122825,79.9381233462243,10.054142072053734,10.007734581721962,3,7
142,DDoS-TCP_Flood/DDoS-TCP_Flood3.pcap.csv,DDoS-TCP_Flood,120456,14905,15123,150484,80.04571914622153,9.904707477206879,10.049573376571596,3,7
143,DDoS-TCP_Flood/DDoS-TCP_Flood4.pcap.csv,DDoS-TCP_Flood,99353,12280,12374,124007,80.11886425766288,9.90266678493956,9.978468957397567,3,7
144,DDoS-TCP_Flood/DDoS-TCP_Flood5.pcap.csv,DDoS-TCP_Flood,100774,12823,12724,126321,79.77612590147324,10.151122932845686,10.072751165681082,3,7
145,DDoS-TCP_Flood/DDoS-TCP_Flood6.pcap.csv,DDoS-TCP_Flood,106009,13459,13424,132892,79.77079131926678,10.12777292839298,10.101435752340246,3,7
146,DDoS-TCP_Flood/DDoS-TCP_Flood7.pcap.csv,DDoS-TCP_Flood,105096,13198,13225,131519,79.90936670747192,10.035051969677385,10.05558132285069,3,7
147,DDoS-TCP_Flood/DDoS-TCP_Flood8.pcap.csv,DDoS-TCP_Flood,103709,12975,12932,129616,80.01249845698062,10.010338229848166,9.977163313171214,3,7
148,DDoS-TCP_Flood/DDoS-TCP_Flood9.pcap.csv,DDoS-TCP_Flood,120169,15054,15106,150329,79.93733743988186,10.014035881300348,10.048626678817794,3,7
149,DDoS-UDP_Flood/DDoS-UDP_Flood.pcap.csv,DDoS-UDP_Flood,102672,12756,12881,128309,80.01932834017879,9.94162529518584,10.039046364635372,3,7
150,DDoS-UDP_Flood/DDoS-UDP_Flood1.pcap.csv,DDoS-UDP_Flood,101201,12716,12562,126479,80.01407348255442,10.053842930446951,9.932083586998631,3,7
151,DDoS-UDP_Flood/DDoS-UDP_Flood10.pcap.csv,DDoS-UDP_Flood,125160,15504,15691,156355,80.0486073358703,9.915896517540213,10.035496146589493,3,7
152,DDoS-UDP_Flood/DDoS-UDP_Flood11.pcap.csv,DDoS-UDP_Flood,119199,14877,15154,149230,79.87603028881593,9.969175098840715,10.154794612343363,3,7
153,DDoS-UDP_Flood/DDoS-UDP_Flood12.pcap.csv,DDoS-UDP_Flood,117307,14519,14737,146563,80.03861820514045,9.906320149014418,10.055061645845132,3,7
154,DDoS-UDP_Flood/DDoS-UDP_Flood13.pcap.csv,DDoS-UDP_Flood,111934,14065,13877,139876,80.02373530841602,10.05533472504218,9.920929966541793,3,7
155,DDoS-UDP_Flood/DDoS-UDP_Flood14.pcap.csv,DDoS-UDP_Flood,113969,14264,14402,142635,79.90254846285974,10.000350545097627,10.097100992042627,3,7
156,DDoS-UDP_Flood/DDoS-UDP_Flood15.pcap.csv,DDoS-UDP_Flood,110993,13957,14002,138952,79.87866313547124,10.044475790200933,10.076861074327825,3,7
157,DDoS-UDP_Flood/DDoS-UDP_Flood16.pcap.csv,DDoS-UDP_Flood,93947,11850,11880,117677,79.83463208613408,10.06993720098235,10.095430712883571,3,7
158,DDoS-UDP_Flood/DDoS-UDP_Flood17.pcap.csv,DDoS-UDP_Flood,101498,12594,12583,126675,80.12472863627393,9.941977501480165,9.933293862245906,3,7
159,DDoS-UDP_Flood/DDoS-UDP_Flood18.pcap.csv,DDoS-UDP_Flood,103495,12896,13189,129580,79.8695786386788,9.952153110047847,10.178268251273344,3,7
160,DDoS-UDP_Flood/DDoS-UDP_Flood19.pcap.csv,DDoS-UDP_Flood,106672,13414,13305,133391,79.96941322877855,10.056150714815843,9.974436056405604,3,7
161,DDoS-UDP_Flood/DDoS-UDP_Flood2.pcap.csv,DDoS-UDP_Flood,123414,15512,15143,154069,80.10307070208802,10.06821618885045,9.828713109061525,3,7
162,DDoS-UDP_Flood/DDoS-UDP_Flood20.pcap.csv,DDoS-UDP_Flood,38047,4748,4864,47659,79.831721185925,9.962441511571791,10.2058373025032,3,7
163,DDoS-UDP_Flood/DDoS-UDP_Flood3.pcap.csv,DDoS-UDP_Flood,123089,15553,15474,154116,79.86776194554751,10.091749072127488,10.040488982325002,3,7
164,DDoS-UDP_Flood/DDoS-UDP_Flood4.pcap.csv,DDoS-UDP_Flood,111773,13978,14042,139793,79.9560779152032,9.99907005357922,10.044852031217586,3,7
165,DDoS-UDP_Flood/DDoS-UDP_Flood5.pcap.csv,DDoS-UDP_Flood,146415,18368,18526,183309,79.87332864180155,10.020239049910261,10.106432308288191,3,7
166,DDoS-UDP_Flood/DDoS-UDP_Flood6.pcap.csv,DDoS-UDP_Flood,135463,16890,17071,169424,79.9550240815941,9.969071678156578,10.075904240249315,3,7
167,DDoS-UDP_Flood/DDoS-UDP_Flood7.pcap.csv,DDoS-UDP_Flood,130427,16264,16381,163072,79.98123528257457,9.97350863422292,10.045256083202512,3,7
168,DDoS-UDP_Flood/DDoS-UDP_Flood8.pcap.csv,DDoS-UDP_Flood,130668,16255,16222,163145,80.09316865365166,9.963529375708726,9.943301970639615,3,7
169,DDoS-UDP_Flood/DDoS-UDP_Flood9.pcap.csv,DDoS-UDP_Flood,120002,14896,15111,150009,79.99653354132086,9.930070862414922,10.073395596264223,3,7
170,DDoS-UDP_Fragmentation/DDoS-UDP_Fragmentation.pcap.csv,DDoS-UDP_Fragmentation,18028,2218,2283,22529,80.02130587243109,9.845088552532292,10.13360557503662,3,7
171,DDoS-UDP_Fragmentation/DDoS-UDP_Fragmentation1.pcap.csv,DDoS-UDP_Fragmentation,18013,2224,2288,22525,79.96892341842397,9.873473917869035,10.157602663706992,3,7
172,DDoS-UDP_Fragmentation/DDoS-UDP_Fragmentation10.pcap.csv,DDoS-UDP_Fragmentation,17843,2205,2298,22346,79.84874250425132,9.867537814373938,10.283719681374743,3,7
173,DDoS-UDP_Fragmentation/DDoS-UDP_Fragmentation11.pcap.csv,DDoS-UDP_Fragmentation,18232,2305,2355,22892,79.64354359601607,10.069019744889044,10.28743665909488,3,7
174,DDoS-UDP_Fragmentation/DDoS-UDP_Fragmentation12.pcap.csv,DDoS-UDP_Fragmentation,12358,1605,1565,15528,79.58526532715095,10.336166924265843,10.078567748583204,3,7
175,DDoS-UDP_Fragmentation/DDoS-UDP_Fragmentation2.pcap.csv,DDoS-UDP_Fragmentation,17935,2251,2163,22349,80.24967560069801,10.0720390174057,9.678285381896282,3,7
176,DDoS-UDP_Fragmentation/DDoS-UDP_Fragmentation3.pcap.csv,DDoS-UDP_Fragmentation,18514,2359,2287,23160,79.93955094991364,10.18566493955095,9.874784110535407,3,7
177,DDoS-UDP_Fragmentation/DDoS-UDP_Fragmentation4.pcap.csv,DDoS-UDP_Fragmentation,18157,2230,2311,22698,79.99383205568772,9.824654154551062,10.181513789761212,3,7
178,DDoS-UDP_Fragmentation/DDoS-UDP_Fragmentation5.pcap.csv,DDoS-UDP_Fragmentation,18465,2333,2314,23112,79.89356178608514,10.094323295257874,10.012114918656975,3,7
179,DDoS-UDP_Fragmentation/DDoS-UDP_Fragmentation6.pcap.csv,DDoS-UDP_Fragmentation,17783,2249,2204,22236,79.97391617197337,10.114229177909696,9.911854650116927,3,7
180,DDoS-UDP_Fragmentation/DDoS-UDP_Fragmentation7.pcap.csv,DDoS-UDP_Fragmentation,18073,2282,2299,22654,79.7784055795886,10.073276242606163,10.148318177805244,3,7
181,DDoS-UDP_Fragmentation/DDoS-UDP_Fragmentation8.pcap.csv,DDoS-UDP_Fragmentation,18076,2215,2316,22607,79.95753527668421,9.797850223382138,10.244614499933649,3,7
182,DDoS-UDP_Fragmentation/DDoS-UDP_Fragmentation9.pcap.csv,DDoS-UDP_Fragmentation,17734,2188,2175,22097,80.25523826763813,9.901796623976105,9.842965108385753,3,7
183,DictionaryBruteForce/DictionaryBruteForce.pcap.csv,DictionaryBruteForce,10436,1304,1304,13044,80.00613308800982,9.996933455995093,9.996933455995093,3,7
184,DNS_Spoofing/DNS_Spoofing.pcap.csv,DNS_Spoofing,139014,17449,17189,173652,80.05320986801189,10.048257434409049,9.898532697579066,3,7
185,DoS-HTTP_Flood/DoS-HTTP_Flood.pcap.csv,DoS-HTTP_Flood,32484,4114,4062,40660,79.8917855386129,10.118052139695031,9.99016232169208,3,7
186,DoS-HTTP_Flood/DoS-HTTP_Flood1.pcap.csv,DoS-HTTP_Flood,24636,3088,3143,30867,79.81339294392069,10.004211617585124,10.182395438494185,3,7
187,DoS-SYN_Flood/DoS-SYN_Flood.pcap.csv,DoS-SYN_Flood,184367,23373,23162,230902,79.84642835488648,10.122476202025101,10.03109544308841,3,7
188,DoS-SYN_Flood/DoS-SYN_Flood1.pcap.csv,DoS-SYN_Flood,123016,15296,15378,153690,80.04164226690091,9.952501789316155,10.00585594378294,3,7
189,DoS-SYN_Flood/DoS-SYN_Flood2.pcap.csv,DoS-SYN_Flood,151711,18982,18914,189607,80.01339612988971,10.011233762466576,9.975370107643705,3,7
190,DoS-SYN_Flood/DoS-SYN_Flood3.pcap.csv,DoS-SYN_Flood,121224,15248,15208,151680,79.92088607594937,10.052742616033756,10.026371308016877,3,7
191,DoS-SYN_Flood/DoS-SYN_Flood4.pcap.csv,DoS-SYN_Flood,139317,17321,17388,174026,80.055279096227,9.953110454759633,9.991610449013367,3,7
192,DoS-SYN_Flood/DoS-SYN_Flood5.pcap.csv,DoS-SYN_Flood,135627,17031,17020,169678,79.93198882589375,10.037247020827685,10.030764153278563,3,7
193,DoS-SYN_Flood/DoS-SYN_Flood6.pcap.csv,DoS-SYN_Flood,126096,15813,15801,157710,79.95434658550504,10.026631158455393,10.019022256039566,3,7
194,DoS-SYN_Flood/DoS-SYN_Flood7.pcap.csv,DoS-SYN_Flood,123155,15449,15297,153901,80.02222207782926,10.038271356261493,9.939506565909253,3,7
195,DoS-TCP_Flood/DoS-TCP_Flood.pcap.csv,DoS-TCP_Flood,103898,12950,13025,129873,79.99969200680665,9.971279634720073,10.029028358473278,3,7
196,DoS-TCP_Flood/DoS-TCP_Flood1.pcap.csv,DoS-TCP_Flood,128069,15941,16084,160094,79.9961272752258,9.957275100878235,10.046597623895961,3,7
197,DoS-TCP_Flood/DoS-TCP_Flood10.pcap.csv,DoS-TCP_Flood,41934,5226,5051,52211,80.31640841968168,10.009384995499033,9.674206584819292,3,7
198,DoS-TCP_Flood/DoS-TCP_Flood2.pcap.csv,DoS-TCP_Flood,132116,16558,16491,165165,79.99031271758544,10.025126388762752,9.984560893651803,3,7
199,DoS-TCP_Flood/DoS-TCP_Flood3.pcap.csv,DoS-TCP_Flood,116404,14566,14437,145407,80.05391762432345,10.017399437441114,9.928682938235436,3,7
200,DoS-TCP_Flood/DoS-TCP_Flood4.pcap.csv,DoS-TCP_Flood,112702,14101,13999,140802,80.04289711793867,10.014772517435832,9.942330364625503,3,7
201,DoS-TCP_Flood/DoS-TCP_Flood5.pcap.csv,DoS-TCP_Flood,107400,13492,13501,134393,79.91487651886631,10.039213351885888,10.045910129247803,3,7
202,DoS-TCP_Flood/DoS-TCP_Flood6.pcap.csv,DoS-TCP_Flood,109576,13735,13758,137069,79.94221888246066,10.020500623773428,10.037280493765914,3,7
203,DoS-TCP_Flood/DoS-TCP_Flood7.pcap.csv,DoS-TCP_Flood,106877,13401,13357,133635,79.97680248437909,10.028061510831742,9.995136004789165,3,7
204,DoS-TCP_Flood/DoS-TCP_Flood8.pcap.csv,DoS-TCP_Flood,109436,13752,13702,136890,79.944480970122,10.046022353714662,10.009496676163343,3,7
205,DoS-TCP_Flood/DoS-TCP_Flood9.pcap.csv,DoS-TCP_Flood,109197,13788,13648,136633,79.91993149531957,10.091266385133899,9.988802119546522,3,7
206,DoS-UDP_Flood/DoS-UDP_Flood.pcap.csv,DoS-UDP_Flood,92506,11430,11711,115647,79.98996947607806,9.883524864458222,10.126505659463714,3,7
207,DoS-UDP_Flood/DoS-UDP_Flood1.pcap.csv,DoS-UDP_Flood,77311,9595,9914,96820,79.85023755422434,9.9101425325346,10.239619913241066,3,7
208,DoS-UDP_Flood/DoS-UDP_Flood10.pcap.csv,DoS-UDP_Flood,132941,16671,16877,166489,79.8497198013082,10.013274150244161,10.137006048447645,3,7
209,DoS-UDP_Flood/DoS-UDP_Flood11.pcap.csv,DoS-UDP_Flood,139096,17487,17308,173891,79.99033877543978,10.05629963597886,9.953361588581354,3,7
210,DoS-UDP_Flood/DoS-UDP_Flood12.pcap.csv,DoS-UDP_Flood,122558,15407,15372,153337,79.92721913171641,10.047803204705975,10.02497766357761,3,7
211,DoS-UDP_Flood/DoS-UDP_Flood13.pcap.csv,DoS-UDP_Flood,135838,16870,17036,169744,80.02521444056933,9.938495616929023,10.03628994250165,3,7
212,DoS-UDP_Flood/DoS-UDP_Flood14.pcap.csv,DoS-UDP_Flood,117601,14512,14728,146841,80.087305316635,9.882798400991549,10.029896282373452,3,7
213,DoS-UDP_Flood/DoS-UDP_Flood15.pcap.csv,DoS-UDP_Flood,140303,17455,17217,174975,80.18459779968568,9.975710815830833,9.839691384483498,3,7
214,DoS-UDP_Flood/DoS-UDP_Flood16.pcap.csv,DoS-UDP_Flood,83901,10459,10767,105127,79.80918317844132,9.948918926631597,10.241897894927089,3,7
215,DoS-UDP_Flood/DoS-UDP_Flood2.pcap.csv,DoS-UDP_Flood,59240,7362,7400,74002,80.05189048944624,9.948379773519635,9.999729737034134,3,7
216,DoS-UDP_Flood/DoS-UDP_Flood3.pcap.csv,DoS-UDP_Flood,68058,8582,8506,85146,79.93094214643084,10.0791581518803,9.989899701688865,3,7
217,DoS-UDP_Flood/DoS-UDP_Flood4.pcap.csv,DoS-UDP_Flood,85586,10809,10865,107260,79.79302629125489,10.077382062278575,10.12959164646653,3,7
218,DoS-UDP_Flood/DoS-UDP_Flood5.pcap.csv,DoS-UDP_Flood,63835,8224,7917,79976,79.81769530859258,10.283084925477644,9.899219765929779,3,7
219,DoS-UDP_Flood/DoS-UDP_Flood6.pcap.csv,DoS-UDP_Flood,71796,9053,8863,89712,80.02942750133761,10.091180667023364,9.879391831639023,3,7
220,DoS-UDP_Flood/DoS-UDP_Flood7.pcap.csv,DoS-UDP_Flood,112778,14095,14234,141107,79.92374580991729,9.988873691595739,10.087380498486963,3,7
221,DoS-UDP_Flood/DoS-UDP_Flood8.pcap.csv,DoS-UDP_Flood,98356,12389,12186,122931,80.00911080199461,10.07801124207889,9.912877955926495,3,7
222,DoS-UDP_Flood/DoS-UDP_Flood9.pcap.csv,DoS-UDP_Flood,80635,9956,10183,100774,80.01567864727014,9.87953241907635,10.104788933653522,3,7
223,Mirai-greeth_flood/Mirai-greeth_flood.pcap.csv,Mirai-greeth_flood,26725,3408,3278,33411,79.98862650025441,10.20023345604741,9.811140043698183,3,7
224,Mirai-greeth_flood/Mirai-greeth_flood1.pcap.csv,Mirai-greeth_flood,27172,3385,3434,33991,79.93880733135242,9.958518431349475,10.102674237298109,3,7
225,Mirai-greeth_flood/Mirai-greeth_flood10.pcap.csv,Mirai-greeth_flood,27530,3424,3469,34423,79.97559771083287,9.94683787002876,10.077564419138367,3,7
226,Mirai-greeth_flood/Mirai-greeth_flood11.pcap.csv,Mirai-greeth_flood,27573,3482,3432,34487,79.95186592049178,10.096558123350828,9.951575956157393,3,7
227,Mirai-greeth_flood/Mirai-greeth_flood12.pcap.csv,Mirai-greeth_flood,27411,3399,3373,34183,80.18898282772138,9.94353918614516,9.867477986133459,3,7
228,Mirai-greeth_flood/Mirai-greeth_flood13.pcap.csv,Mirai-greeth_flood,27598,3407,3392,34397,80.23374131464954,9.904933569788064,9.861325115562403,3,7
229,Mirai-greeth_flood/Mirai-greeth_flood14.pcap.csv,Mirai-greeth_flood,27180,3379,3334,33893,80.19355029062048,9.969610244003187,9.83683946537633,3,7
230,Mirai-greeth_flood/Mirai-greeth_flood15.pcap.csv,Mirai-greeth_flood,27211,3395,3403,34009,80.01117351289365,9.98265165103355,10.006174836072804,3,7
231,Mirai-greeth_flood/Mirai-greeth_flood16.pcap.csv,Mirai-greeth_flood,27124,3381,3421,33926,79.95048045746626,9.965807934917173,10.083711607616577,3,7
232,Mirai-greeth_flood/Mirai-greeth_flood17.pcap.csv,Mirai-greeth_flood,27113,3446,3351,33910,79.95576526098496,10.162194043055147,9.882040695959894,3,7
233,Mirai-greeth_flood/Mirai-greeth_flood18.pcap.csv,Mirai-greeth_flood,27129,3467,3378,33974,79.85223994819567,10.20486254194384,9.942897509860481,3,7
234,Mirai-greeth_flood/Mirai-greeth_flood19.pcap.csv,Mirai-greeth_flood,27198,3359,3369,33926,80.16860225196015,9.9009609149325,9.93043683310735,3,7
235,Mirai-greeth_flood/Mirai-greeth_flood2.pcap.csv,Mirai-greeth_flood,27161,3466,3277,33904,80.11149126946673,10.22298253893346,9.665526191599811,3,7
236,Mirai-greeth_flood/Mirai-greeth_flood20.pcap.csv,Mirai-greeth_flood,27336,3448,3309,34093,80.18068225148858,10.11351303786701,9.705804710644413,3,7
237,Mirai-greeth_flood/Mirai-greeth_flood21.pcap.csv,Mirai-greeth_flood,27690,3471,3462,34623,79.97573867082575,10.025127805216187,9.999133523958063,3,7
238,Mirai-greeth_flood/Mirai-greeth_flood22.pcap.csv,Mirai-greeth_flood,27164,3499,3440,34103,79.65281646775944,10.260094419845762,10.087089112394803,3,7
239,Mirai-greeth_flood/Mirai-greeth_flood23.pcap.csv,Mirai-greeth_flood,27414,3313,3545,34272,79.98949579831933,9.666783380018675,10.343720821661998,3,7
240,Mirai-greeth_flood/Mirai-greeth_flood24.pcap.csv,Mirai-greeth_flood,26917,3435,3351,33703,79.86529389075156,10.191971041153607,9.942735068094828,3,7
241,Mirai-greeth_flood/Mirai-greeth_flood25.pcap.csv,Mirai-greeth_flood,27020,3393,3310,33723,80.12335794561575,10.061382439284762,9.815259615099487,3,7
242,Mirai-greeth_flood/Mirai-greeth_flood26.pcap.csv,Mirai-greeth_flood,27480,3466,3464,34410,79.86050566695728,10.07265329845975,10.06684103458297,3,7
243,Mirai-greeth_flood/Mirai-greeth_flood27.pcap.csv,Mirai-greeth_flood,27343,3376,3411,34130,80.11426897157925,9.891590975681218,9.994140052739525,3,7
244,Mirai-greeth_flood/Mirai-greeth_flood28.pcap.csv,Mirai-greeth_flood,27116,3352,3438,33906,79.9740458915826,9.886155842623724,10.139798265793665,3,7
245,Mirai-greeth_flood/Mirai-greeth_flood3.pcap.csv,Mirai-greeth_flood,27045,3358,3480,33883,79.81878818286457,9.910574624442935,10.2706371926925,3,7
246,Mirai-greeth_flood/Mirai-greeth_flood4.pcap.csv,Mirai-greeth_flood,27039,3444,3409,33892,79.77988905936505,10.16169007435383,10.058420866281129,3,7
247,Mirai-greeth_flood/Mirai-greeth_flood5.pcap.csv,Mirai-greeth_flood,26962,3489,3389,33840,79.67494089834516,10.310283687943262,10.014775413711584,3,7
248,Mirai-greeth_flood/Mirai-greeth_flood6.pcap.csv,Mirai-greeth_flood,27229,3420,3372,34021,80.03586020399165,10.052614561594309,9.911525234414038,3,7
249,Mirai-greeth_flood/Mirai-greeth_flood7.pcap.csv,Mirai-greeth_flood,27216,3373,3467,34056,79.9154334038055,9.904275311252055,10.180291284942447,3,7
250,Mirai-greeth_flood/Mirai-greeth_flood8.pcap.csv,Mirai-greeth_flood,27088,3399,3407,33894,79.91974980822565,10.028323597096831,10.051926594677525,3,7
251,Mirai-greeth_flood/Mirai-greeth_flood9.pcap.csv,Mirai-greeth_flood,27703,3459,3478,34640,79.97401847575058,9.985565819861431,10.040415704387991,3,7
252,Mirai-greip_flood/Mirai-greip_flood.pcap.csv,Mirai-greip_flood,28158,3510,3360,35028,80.3871188763275,10.020554984583761,9.59232613908873,3,7
253,Mirai-greip_flood/Mirai-greip_flood1.pcap.csv,Mirai-greip_flood,27890,3531,3625,35046,79.58112195400331,10.075329566854991,10.343548479141699,3,7
254,Mirai-greip_flood/Mirai-greip_flood10.pcap.csv,Mirai-greip_flood,28154,3487,3454,35095,80.22225388231942,9.93588830317709,9.841857814503491,3,7
255,Mirai-greip_flood/Mirai-greip_flood11.pcap.csv,Mirai-greip_flood,27947,3481,3352,34780,80.35365152386429,10.00862564692352,9.63772282921219,3,7
256,Mirai-greip_flood/Mirai-greip_flood12.pcap.csv,Mirai-greip_flood,28181,3454,3461,35096,80.29689993161614,9.841577387736494,9.861522680647367,3,7
257,Mirai-greip_flood/Mirai-greip_flood13.pcap.csv,Mirai-greip_flood,28104,3427,3511,35042,80.20090177501284,9.779692939900691,10.019405285086467,3,7
258,Mirai-greip_flood/Mirai-greip_flood14.pcap.csv,Mirai-greip_flood,28004,3476,3544,35024,79.95660118775697,9.924623115577889,10.118775696665145,3,7
259,Mirai-greip_flood/Mirai-greip_flood15.pcap.csv,Mirai-greip_flood,27812,3610,3574,34996,79.47193965024574,10.315464624528518,10.21259572522574,3,7
260,Mirai-greip_flood/Mirai-greip_flood16.pcap.csv,Mirai-greip_flood,27683,3533,3428,34644,79.90705461263134,10.198014086133242,9.894931301235424,3,7
261,Mirai-greip_flood/Mirai-greip_flood17.pcap.csv,Mirai-greip_flood,28648,3597,3623,35868,79.87063677930189,10.028437604550017,10.100925616148098,3,7
262,Mirai-greip_flood/Mirai-greip_flood18.pcap.csv,Mirai-greip_flood,27133,3396,3389,33918,79.99587239813668,10.012382805589953,9.991744796273364,3,7
263,Mirai-greip_flood/Mirai-greip_flood19.pcap.csv,Mirai-greip_flood,27711,3515,3551,34777,79.68197371826207,10.107254794835667,10.210771486902264,3,7
264,Mirai-greip_flood/Mirai-greip_flood2.pcap.csv,Mirai-greip_flood,27859,3409,3479,34747,80.17670590266786,9.810918928252798,10.012375169079345,3,7
265,Mirai-greip_flood/Mirai-greip_flood20.pcap.csv,Mirai-greip_flood,27955,3491,3552,34998,79.8759929138808,9.974855706040346,10.149151380078862,3,7
266,Mirai-greip_flood/Mirai-greip_flood21.pcap.csv,Mirai-greip_flood,9577,1190,1209,11976,79.96826987307949,9.936539746158985,10.095190380761522,3,7
267,Mirai-greip_flood/Mirai-greip_flood3.pcap.csv,Mirai-greip_flood,28060,3469,3520,35049,80.05934548774573,9.897571970669635,10.043082541584639,3,7
268,Mirai-greip_flood/Mirai-greip_flood4.pcap.csv,Mirai-greip_flood,28468,3610,3637,35715,79.70880582388352,10.10779784404312,10.18339633207336,3,7
269,Mirai-greip_flood/Mirai-greip_flood5.pcap.csv,Mirai-greip_flood,28372,3480,3545,35397,80.15368534056559,9.831341639121959,10.014973020312455,3,7
270,Mirai-greip_flood/Mirai-greip_flood6.pcap.csv,Mirai-greip_flood,28685,3636,3694,36015,79.64736915174232,10.09579341940858,10.25683742884909,3,7
271,Mirai-greip_flood/Mirai-greip_flood7.pcap.csv,Mirai-greip_flood,28431,3519,3471,35421,80.26594393156601,9.934784449902601,9.79927161853138,3,7
272,Mirai-greip_flood/Mirai-greip_flood8.pcap.csv,Mirai-greip_flood,28552,3600,3570,35722,79.92833547953641,10.07782319019092,9.99384133027266,3,7
273,Mirai-greip_flood/Mirai-greip_flood9.pcap.csv,Mirai-greip_flood,27968,3469,3441,34878,80.18808417913871,9.946097826710247,9.86581799415104,3,7
274,Mirai-udpplain/Mirai-udpplain.pcap.csv,Mirai-udpplain,29110,3669,3588,36367,80.04509582863585,10.088816784447438,9.86608738691671,3,7
275,Mirai-udpplain/Mirai-udpplain1.pcap.csv,Mirai-udpplain,28996,3575,3715,36286,79.90960701096841,9.852284627680097,10.238108361351486,3,7
276,Mirai-udpplain/Mirai-udpplain10.pcap.csv,Mirai-udpplain,29121,3636,3569,36326,80.16572152177504,10.009359687276332,9.824918790948631,3,7
277,Mirai-udpplain/Mirai-udpplain11.pcap.csv,Mirai-udpplain,28758,3563,3524,35845,80.22876272841401,9.940019528525596,9.8312177430604,3,7
278,Mirai-udpplain/Mirai-udpplain12.pcap.csv,Mirai-udpplain,28678,3566,3635,35879,79.92976392876055,9.938961509518103,10.13127456172134,3,7
279,Mirai-udpplain/Mirai-udpplain13.pcap.csv,Mirai-udpplain,28863,3514,3607,35984,80.21064917741218,9.765451311694086,10.023899510893731,3,7
280,Mirai-udpplain/Mirai-udpplain14.pcap.csv,Mirai-udpplain,28984,3530,3554,36068,80.35932128202285,9.787068869912387,9.853609848064767,3,7
281,Mirai-udpplain/Mirai-udpplain15.pcap.csv,Mirai-udpplain,28785,3559,3637,35981,80.00055584892026,9.891331536088492,10.108112614991246,3,7
282,Mirai-udpplain/Mirai-udpplain16.pcap.csv,Mirai-udpplain,28677,3522,3714,35913,79.85130732603793,9.807033664689667,10.341659009272409,3,7
283,Mirai-udpplain/Mirai-udpplain17.pcap.csv,Mirai-udpplain,28958,3597,3549,36104,80.2071792599158,9.96288499889209,9.829935741192111,3,7
284,Mirai-udpplain/Mirai-udpplain18.pcap.csv,Mirai-udpplain,28713,3529,3730,35972,79.82041587901702,9.810408095185144,10.369176025797843,3,7
285,Mirai-udpplain/Mirai-udpplain19.pcap.csv,Mirai-udpplain,28844,3533,3696,36073,79.96008094696865,9.79402877498406,10.245890278047293,3,7
286,Mirai-udpplain/Mirai-udpplain2.pcap.csv,Mirai-udpplain,28953,3582,3534,36069,80.27114696831073,9.93096564917242,9.797887382516842,3,7
287,Mirai-udpplain/Mirai-udpplain20.pcap.csv,Mirai-udpplain,28875,3526,3611,36012,80.18160613128957,9.791180717538598,10.027213151171832,3,7
288,Mirai-udpplain/Mirai-udpplain21.pcap.csv,Mirai-udpplain,28837,3694,3636,36167,79.73290568750518,10.213730749025355,10.05336356346946,3,7
289,Mirai-udpplain/Mirai-udpplain22.pcap.csv,Mirai-udpplain,29273,3523,3622,36418,80.38058103135812,9.673787687407327,9.945631281234554,3,7
290,Mirai-udpplain/Mirai-udpplain23.pcap.csv,Mirai-udpplain,29035,3769,3589,36393,79.78182617536339,10.356387217322013,9.861786607314594,3,7
291,Mirai-udpplain/Mirai-udpplain24.pcap.csv,Mirai-udpplain,11937,1516,1547,15000,79.58,10.106666666666667,10.313333333333333,3,7
292,Mirai-udpplain/Mirai-udpplain3.pcap.csv,Mirai-udpplain,29247,3674,3614,36535,80.05200492678254,10.056110578896948,9.891884494320514,3,7
293,Mirai-udpplain/Mirai-udpplain4.pcap.csv,Mirai-udpplain,28175,3444,3610,35229,79.97672372193364,9.776036787873627,10.247239490192738,3,7
294,Mirai-udpplain/Mirai-udpplain5.pcap.csv,Mirai-udpplain,28566,3562,3613,35741,79.9250160879662,9.966145323298173,10.108838588735626,3,7
295,Mirai-udpplain/Mirai-udpplain6.pcap.csv,Mirai-udpplain,28603,3605,3567,35775,79.95248078266947,10.07686932215234,9.970649895178196,3,7
296,Mirai-udpplain/Mirai-udpplain7.pcap.csv,Mirai-udpplain,28834,3615,3608,36057,79.96782871564467,10.025792495215908,10.006378789139418,3,7
297,Mirai-udpplain/Mirai-udpplain8.pcap.csv,Mirai-udpplain,29124,3684,3618,36426,79.95387909734805,10.113655081535168,9.932465821116784,3,7
298,Mirai-udpplain/Mirai-udpplain9.pcap.csv,Mirai-udpplain,29453,3698,3621,36772,80.0962689002502,10.056564777548134,9.847166322201675,3,7
299,MITM-ArpSpoofing/MITM-ArpSpoofing.pcap.csv,MITM-ArpSpoofing,182036,22650,22872,227558,79.99542973659463,9.95350635881841,10.051063904586963,3,7
300,MITM-ArpSpoofing/MITM-ArpSpoofing1.pcap.csv,MITM-ArpSpoofing,42079,5303,5332,52714,79.82509390294798,10.059946124369239,10.11495997268278,3,7
301,Recon-HostDiscovery/Recon-HostDiscovery.pcap.csv,Recon-HostDiscovery,106430,13367,13445,133242,79.87721589288662,10.032122003572447,10.090662103540925,3,7
302,Recon-OSScan/Recon-OSScan.pcap.csv,Recon-OSScan,77221,9714,9422,96357,80.1405191112218,10.08126031321025,9.77822057556794,3,7
303,Recon-PingSweep/Recon-PingSweep.pcap.csv,Recon-PingSweep,1820,217,225,2262,80.45977011494253,9.593280282935455,9.946949602122016,3,7
304,Recon-PortScan/Recon-PortScan.pcap.csv,Recon-PortScan,64123,7998,8049,80170,79.98378445802669,9.97630036173132,10.039915180241985,3,7
305,SqlInjection/SqlInjection.pcap.csv,SqlInjection,4215,526,502,5243,80.3929048254816,10.032424184627121,9.574670989891283,3,7
306,Uploading_Attack/Uploading_Attack.pcap.csv,Uploading_Attack,977,134,141,1252,78.03514376996804,10.702875399361023,11.261980830670927,3,7
307,VulnerabilityScan/VulnerabilityScan.pcap.csv,VulnerabilityScan,297232,37066,37207,371505,80.00753691067415,9.977254680286942,10.015208409038909,3,7
308,XSS/XSS.pcap.csv,XSS,3053,434,350,3837,79.56737034141256,11.310919989575188,9.12170966901225,3,7
