index,class_index,activity_id,activity_name,method,class_f1_mean,class_f1_std,class_f1_median,class_f1_min,class_f1_max,method_label,rank_within_activity
0,0,1,Lying,arl_fl,0.4730660874160055,0.41180898956581397,0.5431034482758621,0.0,0.96986301369863,ARL-FL,2.0
1,0,1,Lying,fedavg,0.3902515413732037,0.42405020832108536,0.0850312543752007,0.0,0.9668508287292816,FedAvg,4.0
2,0,1,Lying,fedle_adapted,0.37856418459546026,0.43049184745217955,0.0054644808743169,0.0,0.967391304347826,FedLE-adapted,5.0
3,0,1,Lying,fedprox,0.4085865498409868,0.4250217932427214,0.2738430814410415,0.0,0.96986301369863,FedProx,3.0
4,0,1,Lying,random_trimmed_mean,0.33831949089391544,0.404807998179837,0.01898588775845085,0.0,0.9675675675675676,Random Trimmed Mean,6.0
5,0,1,Lying,tea_fl,0.487668142357385,0.41349200097141,0.6693735601630338,0.0,0.9696969696969696,TEA-FL,1.0
6,1,2,Sitting,arl_fl,0.24818378612666336,0.24895799960907317,0.1656361408199643,0.0,0.7453416149068323,ARL-FL,2.0
7,1,2,Sitting,fedavg,0.21028497897574783,0.25213445949326424,0.0485324947589098,0.0,0.7836538461538461,FedAvg,4.0
8,1,2,Sitting,fedle_adapted,0.17738765507399354,0.2354672567350577,0.0029411764705882,0.0,0.6613226452905812,FedLE-adapted,6.0
9,1,2,Sitting,fedprox,0.1922784343787841,0.2434691407541648,0.0,0.0,0.8009708737864077,FedProx,5.0
10,1,2,Sitting,random_trimmed_mean,0.24945351360468934,0.2365409046086481,0.25589680589680586,0.0,0.7448275862068966,Random Trimmed Mean,1.0
11,1,2,Sitting,tea_fl,0.22661562058142803,0.23776607763992838,0.13223200464396284,0.0,0.8298368298368298,TEA-FL,3.0
12,2,3,Standing,arl_fl,0.21174918735202636,0.21645617186418173,0.1775624932231239,0.0,0.7300771208226221,ARL-FL,2.0
13,2,3,Standing,fedavg,0.19558911797586906,0.23026349260677903,0.01590377753168445,0.0,0.6694736842105263,FedAvg,6.0
14,2,3,Standing,fedle_adapted,0.20018088021081915,0.2338430176806218,0.0722503525189078,0.0,0.7225130890052356,FedLE-adapted,5.0
15,2,3,Standing,fedprox,0.20138253699778752,0.23001330051360233,0.049427938316827146,0.0,0.6753731343283582,FedProx,4.0
16,2,3,Standing,random_trimmed_mean,0.20217130521629226,0.2121644146560393,0.1739256976545112,0.0,0.69377990430622,Random Trimmed Mean,3.0
17,2,3,Standing,tea_fl,0.2800383734968678,0.19930641139935845,0.30440812880660917,0.0,0.6581352833638026,TEA-FL,1.0
18,3,4,Walking,arl_fl,0.6349615324733905,0.3798418093478135,0.8270421164058399,0.0,0.979591836734694,ARL-FL,2.0
19,3,4,Walking,fedavg,0.48263640156477533,0.4229739584998827,0.5668210194141456,0.0,0.9821882951653944,FedAvg,4.0
20,3,4,Walking,fedle_adapted,0.45584133308072877,0.41640239808253776,0.4837535014005602,0.0,0.979591836734694,FedLE-adapted,6.0
21,3,4,Walking,fedprox,0.47670059291703226,0.43061968458297045,0.5726360218106246,0.0,0.9821882951653944,FedProx,5.0
22,3,4,Walking,random_trimmed_mean,0.5938241566702626,0.3846206987264417,0.7247225526463706,0.0,0.9822784810126582,Random Trimmed Mean,3.0
23,3,4,Walking,tea_fl,0.702994836019197,0.34124564974525695,0.8633652563947145,0.0,0.9795081967213116,TEA-FL,1.0
24,4,5,Running,arl_fl,0.5041753467181751,0.4485828017889916,0.758142948894394,0.0,0.9758713136729222,ARL-FL,3.0
25,4,5,Running,fedavg,0.4430616517305756,0.44248627379809174,0.41861213235294115,0.0,0.9758713136729222,FedAvg,5.0
26,4,5,Running,fedle_adapted,0.425868427606113,0.4436953511546983,0.2004177876547797,0.0,0.9758713136729222,FedLE-adapted,6.0
27,4,5,Running,fedprox,0.45061300713192876,0.44512566185959757,0.32672413793103444,0.0,0.9784172661870504,FedProx,4.0
28,4,5,Running,random_trimmed_mean,0.5421058442068266,0.43504744623648894,0.7913248906609524,0.0,0.9731182795698924,Random Trimmed Mean,2.0
29,4,5,Running,tea_fl,0.6664927063386551,0.36491319314954285,0.8184880636604774,0.0,0.9710144927536232,TEA-FL,1.0
30,5,6,Cycling,arl_fl,0.6184993299300584,0.3717150055452927,0.7860774487471527,0.0,0.9629629629629628,ARL-FL,2.0
31,5,6,Cycling,fedavg,0.5011587352992328,0.42392928502888616,0.6755260243632337,0.0,0.9642857142857144,FedAvg,5.0
32,5,6,Cycling,fedle_adapted,0.4779252815423969,0.42818292596875757,0.5696623214022685,0.0,0.969187675070028,FedLE-adapted,6.0
33,5,6,Cycling,fedprox,0.5045392897168336,0.4259341324961886,0.755997083211174,0.0,0.9642857142857144,FedProx,4.0
34,5,6,Cycling,random_trimmed_mean,0.6107221210154639,0.3806184701821658,0.7997462499598497,0.0,0.960212201591512,Random Trimmed Mean,3.0
35,5,6,Cycling,tea_fl,0.7347851977714036,0.28650920084557746,0.8571763276640055,0.0,0.9637305699481864,TEA-FL,1.0
36,6,7,Nordic walking,arl_fl,0.5379090634083439,0.40060619508683404,0.6560530534267331,0.0,0.9875930521091812,ARL-FL,2.0
37,6,7,Nordic walking,fedavg,0.4350960832932891,0.4271658966796115,0.3500184111203166,0.0,0.9901477832512317,FedAvg,5.0
38,6,7,Nordic walking,fedle_adapted,0.3988701031173925,0.4037727884399571,0.2262292835075605,0.0,0.9852941176470588,FedLE-adapted,6.0
39,6,7,Nordic walking,fedprox,0.44357403979029364,0.4216641909986633,0.4166816983190318,0.0,0.9925925925925926,FedProx,4.0
40,6,7,Nordic walking,random_trimmed_mean,0.5283268108478837,0.38138511810131226,0.6587885154061625,0.0,0.9875930521091812,Random Trimmed Mean,3.0
41,6,7,Nordic walking,tea_fl,0.6531510453140625,0.32375241815610883,0.7580706179066834,0.0,0.9878345498783456,TEA-FL,1.0
42,7,12,Ascending stairs,arl_fl,0.47722840660852606,0.3402745067572898,0.5753662252431735,0.0,0.9282296650717704,ARL-FL,2.0
43,7,12,Ascending stairs,fedavg,0.38124417811512473,0.3664248421913518,0.35433400267737614,0.0,0.9282296650717704,FedAvg,5.0
44,7,12,Ascending stairs,fedle_adapted,0.35962828227821503,0.35400503269306116,0.280748987854251,0.0,0.925925925925926,FedLE-adapted,6.0
45,7,12,Ascending stairs,fedprox,0.39707825793712,0.3639119418255501,0.39838591342626556,0.0,0.9295774647887324,FedProx,4.0
46,7,12,Ascending stairs,random_trimmed_mean,0.4623143561476942,0.32916653814532165,0.5880077369439072,0.0,0.912442396313364,Random Trimmed Mean,3.0
47,7,12,Ascending stairs,tea_fl,0.5026096957085793,0.3471828590253769,0.6382139174929674,0.0,0.9142857142857144,TEA-FL,1.0
48,8,13,Descending stairs,arl_fl,0.42446452350080444,0.3253575804339705,0.4964114832535885,0.0,0.8903225806451613,ARL-FL,3.0
49,8,13,Descending stairs,fedavg,0.3872719577706292,0.36426682856332243,0.44125306942480835,0.0,0.8974358974358975,FedAvg,5.0
50,8,13,Descending stairs,fedle_adapted,0.3590497965581973,0.35679263786471876,0.3460351807901717,0.0,0.8990825688073395,FedLE-adapted,6.0
51,8,13,Descending stairs,fedprox,0.38748224318017566,0.3621367039970541,0.43307757885763,0.0,0.8961038961038961,FedProx,4.0
52,8,13,Descending stairs,random_trimmed_mean,0.42988913489101194,0.321406208361277,0.49519230769230765,0.0,0.8974358974358975,Random Trimmed Mean,2.0
53,8,13,Descending stairs,tea_fl,0.48212151646848583,0.31824467891237773,0.5364635364635364,0.0,0.8819875776397516,TEA-FL,1.0
54,9,16,Vacuum cleaning,arl_fl,0.4850582170905621,0.3346329497139644,0.6249759152215799,0.0,0.9157303370786516,ARL-FL,2.0
55,9,16,Vacuum cleaning,fedavg,0.37659019862037235,0.36154572177630034,0.31062963301912694,0.0,0.9171270718232044,FedAvg,6.0
56,9,16,Vacuum cleaning,fedle_adapted,0.3804099823741325,0.3574187244791041,0.24025644799895324,0.0,0.9261363636363636,FedLE-adapted,5.0
57,9,16,Vacuum cleaning,fedprox,0.3858898495113574,0.36179361310407976,0.3626766282280331,0.0,0.927536231884058,FedProx,4.0
58,9,16,Vacuum cleaning,random_trimmed_mean,0.4535995414064673,0.338634869856152,0.5536710393232599,0.0,0.9014925373134328,Random Trimmed Mean,3.0
59,9,16,Vacuum cleaning,tea_fl,0.5501337582116712,0.286748156179448,0.6633686832168394,0.0,0.9014084507042254,TEA-FL,1.0
60,10,17,Ironing,arl_fl,0.49392740840848653,0.3340773186852276,0.6610524076306645,0.0,0.8705882352941177,ARL-FL,2.0
61,10,17,Ironing,fedavg,0.39106549391490597,0.36520802203072467,0.2882373694833368,0.0,0.8747433264887063,FedAvg,5.0
62,10,17,Ironing,fedle_adapted,0.3889268306712064,0.3451247272135769,0.4773251084598698,0.0,0.888015717092338,FedLE-adapted,6.0
63,10,17,Ironing,fedprox,0.39593547111018695,0.36154238250376725,0.44919004618460057,0.0,0.8839103869653768,FedProx,4.0
64,10,17,Ironing,random_trimmed_mean,0.4374813979547404,0.35495542057866025,0.615198354009303,0.0,0.875,Random Trimmed Mean,3.0
65,10,17,Ironing,tea_fl,0.5934068718270591,0.27003533535073054,0.6886666034575393,0.0,0.9058823529411764,TEA-FL,1.0
66,11,24,Rope jumping,arl_fl,0.14206239555334862,0.29752284211964275,0.0,0.0,0.9649122807017544,ARL-FL,6.0
67,11,24,Rope jumping,fedavg,0.2546330585101536,0.3894451395690737,0.0,0.0,0.9649122807017544,FedAvg,2.0
68,11,24,Rope jumping,fedle_adapted,0.17610122983388712,0.33512842785120506,0.0,0.0,0.9649122807017544,FedLE-adapted,4.0
69,11,24,Rope jumping,fedprox,0.2750206799003999,0.3930985315657567,0.0,0.0,0.9649122807017544,FedProx,1.0
70,11,24,Rope jumping,random_trimmed_mean,0.17652104680224326,0.3178583989357899,0.0,0.0,0.9649122807017544,Random Trimmed Mean,3.0
71,11,24,Rope jumping,tea_fl,0.14698317094217891,0.3037688751282171,0.0,0.0,0.9649122807017544,TEA-FL,5.0
