alpha,scenario,method,macro_f1_mean,macro_f1_std,balanced_accuracy_mean,energy_consumed_mean,final_active_clients_mean,jain_fairness_mean,method_label,macro_f1_rank
0.1,clean,arl_fl,0.5426623533164007,0.08376170376827322,0.5880771729683509,16.670391544506806,22.7,0.8784925506027269,ARL-FL,4.0
0.1,clean,fedavg,0.5975352693509297,0.08512290839668565,0.6335096737121734,17.46344112294742,17.0,0.959574286631274,FedAvg,2.0
0.1,clean,fedle_adapted,0.572878223548105,0.06722305350253799,0.614035803672716,17.678964681695224,19.6,0.9271706222170899,FedLE-adapted,3.0
0.1,clean,fedprox,0.6256097133335425,0.0815327028414494,0.6557705268331521,17.46344112294742,17.0,0.959574286631274,FedProx,1.0
0.1,clean,random_trimmed_mean,0.47941255057028426,0.06504968047291673,0.5281260493679015,17.46344112294742,17.0,0.959574286631274,Random Trimmed Mean,5.0
0.1,clean,tea_fl,0.4043579100502197,0.05549523371482227,0.4704356746488664,14.396488593376265,18.7,0.6376716161839892,TEA-FL,6.0
0.1,labelflip_mu0p2,arl_fl,0.4647308426290236,0.09050423828081386,0.5219395858169865,16.63684584748654,21.2,0.870515752200334,ARL-FL,4.0
0.1,labelflip_mu0p2,fedavg,0.5129528163018444,0.10795083510511971,0.5559269261666284,17.46344112294742,17.0,0.959574286631274,FedAvg,3.0
0.1,labelflip_mu0p2,fedle_adapted,0.527517063733376,0.11481708413398871,0.5721779333075527,17.678964681695224,19.6,0.9271706222170899,FedLE-adapted,2.0
0.1,labelflip_mu0p2,fedprox,0.528334864252194,0.12018992500029577,0.5663290977895272,17.46344112294742,17.0,0.959574286631274,FedProx,1.0
0.1,labelflip_mu0p2,random_trimmed_mean,0.42076350747423963,0.09506498884603476,0.4794713706679755,17.46344112294742,17.0,0.959574286631274,Random Trimmed Mean,5.0
0.1,labelflip_mu0p2,tea_fl,0.37897925449337955,0.07965353103471609,0.46636764724609525,14.464488970390448,18.5,0.6396408804390529,TEA-FL,6.0
0.1,labelflip_mu0p4,arl_fl,0.25916489523175673,0.12565957164191952,0.3442276547907167,16.68796902085163,22.4,0.8736804568005418,ARL-FL,6.0
0.1,labelflip_mu0p4,fedavg,0.3778933526454952,0.09387053070882698,0.43974963127858224,17.46344112294742,17.0,0.959574286631274,FedAvg,2.0
0.1,labelflip_mu0p4,fedle_adapted,0.2885542597961776,0.10780965313184297,0.354641025861698,17.678964681695224,19.6,0.9271706222170899,FedLE-adapted,4.0
0.1,labelflip_mu0p4,fedprox,0.3947880163840897,0.09403037939539731,0.45377971678919715,17.46344112294742,17.0,0.959574286631274,FedProx,1.0
0.1,labelflip_mu0p4,random_trimmed_mean,0.29806435156459543,0.1224180915396914,0.36574508566989195,17.46344112294742,17.0,0.959574286631274,Random Trimmed Mean,3.0
0.1,labelflip_mu0p4,tea_fl,0.27243650489267307,0.09967388081360393,0.3530953279235895,14.397033719403055,18.6,0.6389704833998036,TEA-FL,5.0
0.1,signflip_mu0p2,arl_fl,0.3431286618360251,0.09192715833187493,0.4134998535139025,16.650590914230982,22.3,0.8639456857911704,ARL-FL,2.0
0.1,signflip_mu0p2,fedavg,0.026010148984365572,0.022762293677911015,0.10121283900039739,17.46344112294742,17.0,0.959574286631274,FedAvg,6.0
0.1,signflip_mu0p2,fedle_adapted,0.03374887947601842,0.03190908439017477,0.11124319312979383,17.677582324279882,19.8,0.9282423273953293,FedLE-adapted,4.0
0.1,signflip_mu0p2,fedprox,0.031111229232488817,0.025381872620570536,0.10955080193157254,17.46344112294742,17.0,0.959574286631274,FedProx,5.0
0.1,signflip_mu0p2,random_trimmed_mean,0.2873511584374024,0.12194784757136683,0.3673985841607485,17.46344112294742,17.0,0.959574286631274,Random Trimmed Mean,3.0
0.1,signflip_mu0p2,tea_fl,0.43261029037426874,0.11953327752475991,0.5052664908547024,15.070526938353044,17.1,0.6621029109996921,TEA-FL,1.0
0.1,signflip_mu0p4,arl_fl,0.01941733625319571,0.012397332834064018,0.0907250623286448,16.63627709597189,21.0,0.8636976208508088,ARL-FL,3.0
0.1,signflip_mu0p4,fedavg,0.015319655462552251,0.0018725772238162284,0.0833333333333333,17.46344112294742,17.0,0.959574286631274,FedAvg,4.0
0.1,signflip_mu0p4,fedle_adapted,0.01294778668273536,0.003127425087619362,0.0833333333333333,17.678964681695224,19.6,0.9271706222170899,FedLE-adapted,6.0
0.1,signflip_mu0p4,fedprox,0.014761815816393681,0.002529388646700904,0.0833333333333333,17.46344112294742,17.0,0.959574286631274,FedProx,5.0
0.1,signflip_mu0p4,random_trimmed_mean,0.02453959260473604,0.015629286195575035,0.10502440174639813,17.46344112294742,17.0,0.959574286631274,Random Trimmed Mean,2.0
0.1,signflip_mu0p4,tea_fl,0.33188520794262916,0.11431747105602408,0.4146124511301701,15.53597101457743,14.6,0.7180754925629416,TEA-FL,1.0
1.0,clean,arl_fl,0.7227868413813775,0.06177700345038201,0.736286155332687,16.287707273152687,24.8,0.8464117683264527,ARL-FL,5.0
1.0,clean,fedavg,0.787712564381936,0.03988642521003213,0.7861246665805715,17.359177477174327,19.1,0.9795144310449322,FedAvg,1.0
1.0,clean,fedle_adapted,0.7522868189287886,0.050077751488904705,0.758940477286332,17.33654838719105,21.4,0.9193718020884262,FedLE-adapted,3.0
1.0,clean,fedprox,0.7870632834230393,0.027409034785769962,0.7854107980896062,17.359177477174327,19.1,0.9795144310449322,FedProx,2.0
1.0,clean,random_trimmed_mean,0.737583416950611,0.051856966248647586,0.7479796409353628,17.359177477174327,19.1,0.9795144310449322,Random Trimmed Mean,4.0
1.0,clean,tea_fl,0.660299144576747,0.07040477761170366,0.6878829854028108,15.395998019783315,15.3,0.726126617429487,TEA-FL,6.0
1.0,labelflip_mu0p2,arl_fl,0.7276661149377954,0.05010431631128847,0.7375198843851798,16.32684078665122,24.9,0.8503035399398172,ARL-FL,4.0
1.0,labelflip_mu0p2,fedavg,0.7355379061240309,0.06688288433330054,0.7428702821142903,17.359177477174327,19.1,0.9795144310449322,FedAvg,2.0
1.0,labelflip_mu0p2,fedle_adapted,0.7276407317405451,0.05672554309087065,0.7392335263176996,17.33654838719105,21.4,0.9193718020884262,FedLE-adapted,5.0
1.0,labelflip_mu0p2,fedprox,0.7326352000217633,0.0648024020596446,0.7413606298550954,17.359177477174327,19.1,0.9795144310449322,FedProx,3.0
1.0,labelflip_mu0p2,random_trimmed_mean,0.7413862079733317,0.05283799351273838,0.7460498316954947,17.359177477174327,19.1,0.9795144310449322,Random Trimmed Mean,1.0
1.0,labelflip_mu0p2,tea_fl,0.7124245944197403,0.04381047897847891,0.7336363817243496,15.750529771838519,15.3,0.7386214287419707,TEA-FL,6.0
1.0,labelflip_mu0p4,arl_fl,0.6033272672146193,0.14957274035934617,0.6261056038786018,16.387345708906004,25.4,0.8676078668160976,ARL-FL,2.0
1.0,labelflip_mu0p4,fedavg,0.6010984934438166,0.2048550590486553,0.6159416486911736,17.359177477174327,19.1,0.9795144310449322,FedAvg,3.0
1.0,labelflip_mu0p4,fedle_adapted,0.5329321583621367,0.17718786419841953,0.5606098935647962,17.33654838719105,21.4,0.9193718020884262,FedLE-adapted,6.0
1.0,labelflip_mu0p4,fedprox,0.6010581261962828,0.20970533865627008,0.6153842688036064,17.359177477174327,19.1,0.9795144310449322,FedProx,4.0
1.0,labelflip_mu0p4,random_trimmed_mean,0.5869662425605986,0.17044270175082132,0.6088629167884411,17.359177477174327,19.1,0.9795144310449322,Random Trimmed Mean,5.0
1.0,labelflip_mu0p4,tea_fl,0.6149120333835173,0.1878498402640542,0.6335644329957286,15.755698381636307,14.6,0.7479125234087068,TEA-FL,1.0
1.0,signflip_mu0p2,arl_fl,0.6679049029240931,0.06939531520051731,0.690501915578867,16.40878024192499,24.7,0.8594762160412056,ARL-FL,2.0
1.0,signflip_mu0p2,fedavg,0.03924750143735622,0.06158544220493885,0.11406034377623768,17.359177477174327,19.1,0.9795144310449322,FedAvg,4.0
1.0,signflip_mu0p2,fedle_adapted,0.01981755201826874,0.014194269718053085,0.09107896128492715,17.33654838719105,21.4,0.9193718020884262,FedLE-adapted,6.0
1.0,signflip_mu0p2,fedprox,0.03726325597611104,0.06621044403121575,0.10156625752309864,17.359177477174327,19.1,0.9795144310449322,FedProx,5.0
1.0,signflip_mu0p2,random_trimmed_mean,0.5972474744613734,0.1022993275627089,0.634738502805906,17.359177477174327,19.1,0.9795144310449322,Random Trimmed Mean,3.0
1.0,signflip_mu0p2,tea_fl,0.7103086502344619,0.04754922684013069,0.7265031438427518,15.924063361089143,14.5,0.7462837520006861,TEA-FL,1.0
1.0,signflip_mu0p4,arl_fl,0.02528185476437181,0.02774598978884048,0.09850259338202867,16.55323921541965,23.6,0.8859541983760675,ARL-FL,2.0
1.0,signflip_mu0p4,fedavg,0.01409512282090567,0.0035884697938834173,0.0833333333333333,17.359177477174327,19.1,0.9795144310449322,FedAvg,3.0
1.0,signflip_mu0p4,fedle_adapted,0.013971514832633768,0.003249538997424153,0.0833333333333333,17.33654838719105,21.4,0.9193718020884262,FedLE-adapted,4.0
1.0,signflip_mu0p4,fedprox,0.013275289041500122,0.003425075115238913,0.0833333333333333,17.359177477174327,19.1,0.9795144310449322,FedProx,6.0
1.0,signflip_mu0p4,random_trimmed_mean,0.01395943045073646,0.004799380700877405,0.0833333333333333,17.359177477174327,19.1,0.9795144310449322,Random Trimmed Mean,5.0
1.0,signflip_mu0p4,tea_fl,0.5042871888298414,0.25122491326977686,0.5461892819726262,15.945132442205255,14.5,0.763860690251766,TEA-FL,1.0
