replicate_scheme,scope_id,scope_type,scope_label,alpha,scenario,metric,metric_label,endpoint_role,higher_is_better,n_blocks,proposed_method,proposed_method_label,comparator,comparator_label,mean_proposed,mean_comparator,mean_benefit_difference_proposed_minus_comparator,bootstrap_95ci_mean_benefit_low,bootstrap_95ci_mean_benefit_high,hodges_lehmann_benefit_difference,rank_biserial_positive_favors_proposed,p_exact_two_sided,p_holm_family,p_bh_global_within_scheme,significant_holm_family_0p05,bootstrap_ci_excludes_zero,direction_label
fold_seed,overall,overall,Overall (equal-weight mean across all 10 alpha-scenario conditions),,,macro_f1,Macro-F1,primary_effectiveness,True,10,tea_fl,TEA-FL,fedavg,FedAvg,0.5022500779197479,0.3707402830953232,0.1315097948244245,0.1103142694686586,0.1526634441888497,0.1316013079648673,1.0,0.001953125,0.029296875,0.0038727815177478,True,True,proposed_better
fold_seed,overall,overall,Overall (equal-weight mean across all 10 alpha-scenario conditions),,,macro_f1,Macro-F1,primary_effectiveness,True,10,arl_fl,ARL-FL,fedavg,FedAvg,0.4376071070488659,0.3707402830953232,0.0668668239535426,0.0463258524603007,0.0876383520487217,0.0654657131201502,1.0,0.001953125,0.029296875,0.0038727815177478,True,True,proposed_better
fold_seed,overall,overall,Overall (equal-weight mean across all 10 alpha-scenario conditions),,,macro_f1,Macro-F1,primary_effectiveness,True,10,tea_fl,TEA-FL,fedprox,FedProx,0.5022500779197479,0.3765900793677405,0.1256599985520073,0.1021853058489023,0.1480613170161076,0.1268164024828316,1.0,0.001953125,0.029296875,0.0038727815177478,True,True,proposed_better
fold_seed,overall,overall,Overall (equal-weight mean across all 10 alpha-scenario conditions),,,macro_f1,Macro-F1,primary_effectiveness,True,10,arl_fl,ARL-FL,fedprox,FedProx,0.4376071070488659,0.3765900793677405,0.0610170276811253,0.0390079921418217,0.0814022012009242,0.0630449654710869,1.0,0.001953125,0.029296875,0.0038727815177478,True,True,proposed_better
fold_seed,overall,overall,Overall (equal-weight mean across all 10 alpha-scenario conditions),,,macro_f1,Macro-F1,primary_effectiveness,True,10,tea_fl,TEA-FL,random_trimmed_mean,Random Trimmed Mean,0.5022500779197479,0.4187273933047908,0.0835226846149569,0.0594819545374669,0.1051618489358191,0.0868028453428355,1.0,0.001953125,0.029296875,0.0038727815177478,True,True,proposed_better
fold_seed,overall,overall,Overall (equal-weight mean across all 10 alpha-scenario conditions),,,macro_f1,Macro-F1,primary_effectiveness,True,10,arl_fl,ARL-FL,random_trimmed_mean,Random Trimmed Mean,0.4376071070488659,0.4187273933047908,0.018879713744075,-0.0037503862206877,0.0409573805494728,0.0214847216661002,0.5272727272727272,0.16015625,0.3203125,0.2267946896853147,False,False,proposed_better
fold_seed,overall,overall,Overall (equal-weight mean across all 10 alpha-scenario conditions),,,macro_f1,Macro-F1,primary_effectiveness,True,10,tea_fl,TEA-FL,fedle_adapted,FedLE-adapted,0.5022500779197479,0.3482294989118785,0.1540205790078692,0.133206062858916,0.1770660868628597,0.1512888490191905,1.0,0.001953125,0.029296875,0.0038727815177478,True,True,proposed_better
fold_seed,overall,overall,Overall (equal-weight mean across all 10 alpha-scenario conditions),,,macro_f1,Macro-F1,primary_effectiveness,True,10,arl_fl,ARL-FL,fedle_adapted,FedLE-adapted,0.4376071070488659,0.3482294989118785,0.0893776081369873,0.0680539708048939,0.1107468464386567,0.0899184645673484,1.0,0.001953125,0.029296875,0.0038727815177478,True,True,proposed_better
fold_seed,overall,overall,Overall (equal-weight mean across all 10 alpha-scenario conditions),,,total_normalized_energy_consumed,Total normalized energy consumed,primary_sustainability,False,10,tea_fl,TEA-FL,fedavg,FedAvg,15.26359312126528,17.41130930006087,2.147716178795595,2.0108639228707794,2.29676359062906,2.148617766521961,1.0,0.001953125,0.029296875,0.0038727815177478,True,True,proposed_better
fold_seed,overall,overall,Overall (equal-weight mean across all 10 alpha-scenario conditions),,,total_normalized_energy_consumed,Total normalized energy consumed,primary_sustainability,False,10,arl_fl,ARL-FL,fedavg,FedAvg,16.52459876491024,17.41130930006087,0.8867105351506336,0.7648595321275135,0.9819720762776024,0.9284177033136948,1.0,0.001953125,0.029296875,0.0038727815177478,True,True,proposed_better
fold_seed,overall,overall,Overall (equal-weight mean across all 10 alpha-scenario conditions),,,total_normalized_energy_consumed,Total normalized energy consumed,primary_sustainability,False,10,tea_fl,TEA-FL,fedprox,FedProx,15.26359312126528,17.41130930006087,2.147716178795595,2.0076898317712484,2.296418078433672,2.148617766521961,1.0,0.001953125,0.029296875,0.0038727815177478,True,True,proposed_better
fold_seed,overall,overall,Overall (equal-weight mean across all 10 alpha-scenario conditions),,,total_normalized_energy_consumed,Total normalized energy consumed,primary_sustainability,False,10,arl_fl,ARL-FL,fedprox,FedProx,16.52459876491024,17.41130930006087,0.8867105351506336,0.7625346027073814,0.9842354004181362,0.9284177033136948,1.0,0.001953125,0.029296875,0.0038727815177478,True,True,proposed_better
fold_seed,overall,overall,Overall (equal-weight mean across all 10 alpha-scenario conditions),,,total_normalized_energy_consumed,Total normalized energy consumed,primary_sustainability,False,10,tea_fl,TEA-FL,random_trimmed_mean,Random Trimmed Mean,15.26359312126528,17.41130930006087,2.147716178795595,2.0048242714829785,2.297755713620276,2.148617766521961,1.0,0.001953125,0.029296875,0.0038727815177478,True,True,proposed_better
fold_seed,overall,overall,Overall (equal-weight mean across all 10 alpha-scenario conditions),,,total_normalized_energy_consumed,Total normalized energy consumed,primary_sustainability,False,10,arl_fl,ARL-FL,random_trimmed_mean,Random Trimmed Mean,16.52459876491024,17.41130930006087,0.8867105351506336,0.7697881269476579,0.984982823570005,0.9284177033136948,1.0,0.001953125,0.029296875,0.0038727815177478,True,True,proposed_better
fold_seed,overall,overall,Overall (equal-weight mean across all 10 alpha-scenario conditions),,,total_normalized_energy_consumed,Total normalized energy consumed,primary_sustainability,False,10,tea_fl,TEA-FL,fedle_adapted,FedLE-adapted,15.26359312126528,17.50761829870161,2.2440251774363253,2.0975949918005177,2.4011868440612267,2.253451877376982,1.0,0.001953125,0.029296875,0.0038727815177478,True,True,proposed_better
fold_seed,overall,overall,Overall (equal-weight mean across all 10 alpha-scenario conditions),,,total_normalized_energy_consumed,Total normalized energy consumed,primary_sustainability,False,10,arl_fl,ARL-FL,fedle_adapted,FedLE-adapted,16.52459876491024,17.50761829870161,0.983019533791364,0.9041120414893212,1.0572690271917466,0.9842565262411648,1.0,0.001953125,0.029296875,0.0038727815177478,True,True,proposed_better
fold_seed,alpha_0p1__scenario_clean,alpha_scenario,Alpha=0.1; scenario=clean,0.1,clean,macro_f1,Macro-F1,primary_effectiveness,True,10,tea_fl,TEA-FL,fedavg,FedAvg,0.4043579100502197,0.5975352693509298,-0.1931773593007099,-0.2577096942741761,-0.1293837877505685,-0.1882478121739061,-1.0,0.001953125,0.029296875,0.0038727815177478,True,True,proposed_worse
fold_seed,alpha_0p1__scenario_clean,alpha_scenario,Alpha=0.1; scenario=clean,0.1,clean,macro_f1,Macro-F1,primary_effectiveness,True,10,arl_fl,ARL-FL,fedavg,FedAvg,0.5426623533164008,0.5975352693509298,-0.054872916034529,-0.1066421024705594,-0.00313290909268,-0.0509109055690831,-0.6363636363636364,0.083984375,0.3359375,0.1270351890756302,False,True,proposed_worse
fold_seed,alpha_0p1__scenario_clean,alpha_scenario,Alpha=0.1; scenario=clean,0.1,clean,macro_f1,Macro-F1,primary_effectiveness,True,10,tea_fl,TEA-FL,fedprox,FedProx,0.4043579100502197,0.6256097133335425,-0.2212518032833227,-0.2859977887470519,-0.157174269166044,-0.2159446677265778,-1.0,0.001953125,0.029296875,0.0038727815177478,True,True,proposed_worse
fold_seed,alpha_0p1__scenario_clean,alpha_scenario,Alpha=0.1; scenario=clean,0.1,clean,macro_f1,Macro-F1,primary_effectiveness,True,10,arl_fl,ARL-FL,fedprox,FedProx,0.5426623533164008,0.6256097133335425,-0.0829473600171417,-0.144535422555882,-0.0225262592158897,-0.0820753167455116,-0.7454545454545455,0.037109375,0.259765625,0.0594043354743083,False,True,proposed_worse
fold_seed,alpha_0p1__scenario_clean,alpha_scenario,Alpha=0.1; scenario=clean,0.1,clean,macro_f1,Macro-F1,primary_effectiveness,True,10,tea_fl,TEA-FL,random_trimmed_mean,Random Trimmed Mean,0.4043579100502197,0.4794125505702841,-0.0750546405200645,-0.1213942871574196,-0.0264465235126292,-0.0724752172741873,-0.7818181818181819,0.02734375,0.21875,0.0443856462925851,False,True,proposed_worse
fold_seed,alpha_0p1__scenario_clean,alpha_scenario,Alpha=0.1; scenario=clean,0.1,clean,macro_f1,Macro-F1,primary_effectiveness,True,10,arl_fl,ARL-FL,random_trimmed_mean,Random Trimmed Mean,0.5426623533164008,0.4794125505702841,0.0632498027461163,0.0205528834658133,0.1116530013565449,0.0544899767870367,0.7454545454545455,0.037109375,0.259765625,0.0594043354743083,False,True,proposed_better
fold_seed,alpha_0p1__scenario_clean,alpha_scenario,Alpha=0.1; scenario=clean,0.1,clean,macro_f1,Macro-F1,primary_effectiveness,True,10,tea_fl,TEA-FL,fedle_adapted,FedLE-adapted,0.4043579100502197,0.5728782235481052,-0.1685203134978853,-0.2224528727901305,-0.1168392690786699,-0.1708075677225972,-1.0,0.001953125,0.029296875,0.0038727815177478,True,True,proposed_worse
fold_seed,alpha_0p1__scenario_clean,alpha_scenario,Alpha=0.1; scenario=clean,0.1,clean,macro_f1,Macro-F1,primary_effectiveness,True,10,arl_fl,ARL-FL,fedle_adapted,FedLE-adapted,0.5426623533164008,0.5728782235481052,-0.0302158702317044,-0.0938047659463646,0.0415252244727124,-0.0471288677573752,-0.2727272727272727,0.4921875,0.984375,0.641983695652174,False,False,proposed_worse
fold_seed,alpha_0p1__scenario_clean,alpha_scenario,Alpha=0.1; scenario=clean,0.1,clean,total_normalized_energy_consumed,Total normalized energy consumed,primary_sustainability,False,10,tea_fl,TEA-FL,fedavg,FedAvg,14.396488593376263,17.463441122947422,3.066952529571156,2.8128221380140945,3.342716531350997,3.066043919123608,1.0,0.001953125,0.029296875,0.0038727815177478,True,True,proposed_better
fold_seed,alpha_0p1__scenario_clean,alpha_scenario,Alpha=0.1; scenario=clean,0.1,clean,total_normalized_energy_consumed,Total normalized energy consumed,primary_sustainability,False,10,arl_fl,ARL-FL,fedavg,FedAvg,16.67039154450681,17.463441122947422,0.7930495784406102,0.6973578568390533,0.8939676202086918,0.7944239213018953,1.0,0.001953125,0.029296875,0.0038727815177478,True,True,proposed_better
fold_seed,alpha_0p1__scenario_clean,alpha_scenario,Alpha=0.1; scenario=clean,0.1,clean,total_normalized_energy_consumed,Total normalized energy consumed,primary_sustainability,False,10,tea_fl,TEA-FL,fedprox,FedProx,14.396488593376263,17.463441122947422,3.066952529571156,2.8108842189041616,3.333876568396189,3.066043919123608,1.0,0.001953125,0.029296875,0.0038727815177478,True,True,proposed_better
fold_seed,alpha_0p1__scenario_clean,alpha_scenario,Alpha=0.1; scenario=clean,0.1,clean,total_normalized_energy_consumed,Total normalized energy consumed,primary_sustainability,False,10,arl_fl,ARL-FL,fedprox,FedProx,16.67039154450681,17.463441122947422,0.7930495784406102,0.696645283329608,0.8879202094594814,0.7944239213018953,1.0,0.001953125,0.029296875,0.0038727815177478,True,True,proposed_better
fold_seed,alpha_0p1__scenario_clean,alpha_scenario,Alpha=0.1; scenario=clean,0.1,clean,total_normalized_energy_consumed,Total normalized energy consumed,primary_sustainability,False,10,tea_fl,TEA-FL,random_trimmed_mean,Random Trimmed Mean,14.396488593376263,17.463441122947422,3.066952529571156,2.816890384148311,3.3339369733877886,3.066043919123608,1.0,0.001953125,0.029296875,0.0038727815177478,True,True,proposed_better
fold_seed,alpha_0p1__scenario_clean,alpha_scenario,Alpha=0.1; scenario=clean,0.1,clean,total_normalized_energy_consumed,Total normalized energy consumed,primary_sustainability,False,10,arl_fl,ARL-FL,random_trimmed_mean,Random Trimmed Mean,16.67039154450681,17.463441122947422,0.7930495784406102,0.6927384209797619,0.8931807524976956,0.7944239213018953,1.0,0.001953125,0.029296875,0.0038727815177478,True,True,proposed_better
fold_seed,alpha_0p1__scenario_clean,alpha_scenario,Alpha=0.1; scenario=clean,0.1,clean,total_normalized_energy_consumed,Total normalized energy consumed,primary_sustainability,False,10,tea_fl,TEA-FL,fedle_adapted,FedLE-adapted,14.396488593376263,17.67896468169522,3.28247608831896,3.058342918651973,3.557296085242492,3.265537885910751,1.0,0.001953125,0.029296875,0.0038727815177478,True,True,proposed_better
fold_seed,alpha_0p1__scenario_clean,alpha_scenario,Alpha=0.1; scenario=clean,0.1,clean,total_normalized_energy_consumed,Total normalized energy consumed,primary_sustainability,False,10,arl_fl,ARL-FL,fedle_adapted,FedLE-adapted,16.67039154450681,17.67896468169522,1.0085731371884137,0.8987098019144772,1.1171598197762362,1.0215934191272975,1.0,0.001953125,0.029296875,0.0038727815177478,True,True,proposed_better
fold_seed,alpha_0p1__scenario_labelflip_mu0p2,alpha_scenario,Alpha=0.1; scenario=labelflip_mu0p2,0.1,labelflip_mu0p2,macro_f1,Macro-F1,primary_effectiveness,True,10,tea_fl,TEA-FL,fedavg,FedAvg,0.3789792544933796,0.5129528163018444,-0.1339735618084648,-0.207480949020917,-0.0365239397167328,-0.1593024154106471,-0.7090909090909091,0.048828125,0.439453125,0.076947045233463,False,True,proposed_worse
fold_seed,alpha_0p1__scenario_labelflip_mu0p2,alpha_scenario,Alpha=0.1; scenario=labelflip_mu0p2,0.1,labelflip_mu0p2,macro_f1,Macro-F1,primary_effectiveness,True,10,arl_fl,ARL-FL,fedavg,FedAvg,0.4647308426290236,0.5129528163018444,-0.0482219736728208,-0.1214204144354986,0.0337678617041806,-0.0627582735689471,-0.3818181818181818,0.322265625,1.0,0.4336132163621262,False,False,proposed_worse
fold_seed,alpha_0p1__scenario_labelflip_mu0p2,alpha_scenario,Alpha=0.1; scenario=labelflip_mu0p2,0.1,labelflip_mu0p2,macro_f1,Macro-F1,primary_effectiveness,True,10,tea_fl,TEA-FL,fedprox,FedProx,0.3789792544933796,0.528334864252194,-0.1493556097588144,-0.232902366010068,-0.0388481742479977,-0.180912379115318,-0.7090909090909091,0.048828125,0.439453125,0.076947045233463,False,True,proposed_worse
fold_seed,alpha_0p1__scenario_labelflip_mu0p2,alpha_scenario,Alpha=0.1; scenario=labelflip_mu0p2,0.1,labelflip_mu0p2,macro_f1,Macro-F1,primary_effectiveness,True,10,arl_fl,ARL-FL,fedprox,FedProx,0.4647308426290236,0.528334864252194,-0.0636040216231704,-0.1443285422155151,0.028791163158299,-0.0806392061830618,-0.4545454545454545,0.232421875,1.0,0.320991847826087,False,False,proposed_worse
fold_seed,alpha_0p1__scenario_labelflip_mu0p2,alpha_scenario,Alpha=0.1; scenario=labelflip_mu0p2,0.1,labelflip_mu0p2,macro_f1,Macro-F1,primary_effectiveness,True,10,tea_fl,TEA-FL,random_trimmed_mean,Random Trimmed Mean,0.3789792544933796,0.4207635074742396,-0.04178425298086,-0.1094112175328362,0.0331046412478543,-0.0535377802845342,-0.4545454545454545,0.232421875,1.0,0.320991847826087,False,False,proposed_worse
fold_seed,alpha_0p1__scenario_labelflip_mu0p2,alpha_scenario,Alpha=0.1; scenario=labelflip_mu0p2,0.1,labelflip_mu0p2,macro_f1,Macro-F1,primary_effectiveness,True,10,arl_fl,ARL-FL,random_trimmed_mean,Random Trimmed Mean,0.4647308426290236,0.4207635074742396,0.0439673351547839,-0.021463928714409,0.1053264416167439,0.051988107456374,0.4181818181818181,0.275390625,1.0,0.3752168313708999,False,False,proposed_better
fold_seed,alpha_0p1__scenario_labelflip_mu0p2,alpha_scenario,Alpha=0.1; scenario=labelflip_mu0p2,0.1,labelflip_mu0p2,macro_f1,Macro-F1,primary_effectiveness,True,10,tea_fl,TEA-FL,fedle_adapted,FedLE-adapted,0.3789792544933796,0.5275170637333761,-0.1485378092399964,-0.2155686307313414,-0.0771717800952878,-0.158846789877264,-0.8545454545454545,0.013671875,0.177734375,0.0230233238045738,False,True,proposed_worse
fold_seed,alpha_0p1__scenario_labelflip_mu0p2,alpha_scenario,Alpha=0.1; scenario=labelflip_mu0p2,0.1,labelflip_mu0p2,macro_f1,Macro-F1,primary_effectiveness,True,10,arl_fl,ARL-FL,fedle_adapted,FedLE-adapted,0.4647308426290236,0.5275170637333761,-0.0627862211043524,-0.1091441293640414,-0.0211685982486007,-0.0636347278112122,-0.8181818181818182,0.01953125,0.1953125,0.0322534403669724,False,True,proposed_worse
fold_seed,alpha_0p1__scenario_labelflip_mu0p2,alpha_scenario,Alpha=0.1; scenario=labelflip_mu0p2,0.1,labelflip_mu0p2,total_normalized_energy_consumed,Total normalized energy consumed,primary_sustainability,False,10,tea_fl,TEA-FL,fedavg,FedAvg,14.464488970390448,17.463441122947422,2.99895215255697,2.7467962548339058,3.249762742440204,3.0034928798965943,1.0,0.001953125,0.029296875,0.0038727815177478,True,True,proposed_better
fold_seed,alpha_0p1__scenario_labelflip_mu0p2,alpha_scenario,Alpha=0.1; scenario=labelflip_mu0p2,0.1,labelflip_mu0p2,total_normalized_energy_consumed,Total normalized energy consumed,primary_sustainability,False,10,arl_fl,ARL-FL,fedavg,FedAvg,16.63684584748654,17.463441122947422,0.8265952754608794,0.7124185248433584,0.9443608759988186,0.8156740163348601,1.0,0.001953125,0.029296875,0.0038727815177478,True,True,proposed_better
fold_seed,alpha_0p1__scenario_labelflip_mu0p2,alpha_scenario,Alpha=0.1; scenario=labelflip_mu0p2,0.1,labelflip_mu0p2,total_normalized_energy_consumed,Total normalized energy consumed,primary_sustainability,False,10,tea_fl,TEA-FL,fedprox,FedProx,14.464488970390448,17.463441122947422,2.99895215255697,2.7477806597914944,3.2494117923270918,3.0034928798965943,1.0,0.001953125,0.029296875,0.0038727815177478,True,True,proposed_better
fold_seed,alpha_0p1__scenario_labelflip_mu0p2,alpha_scenario,Alpha=0.1; scenario=labelflip_mu0p2,0.1,labelflip_mu0p2,total_normalized_energy_consumed,Total normalized energy consumed,primary_sustainability,False,10,arl_fl,ARL-FL,fedprox,FedProx,16.63684584748654,17.463441122947422,0.8265952754608794,0.7104889097483461,0.9400353343639916,0.8156740163348601,1.0,0.001953125,0.029296875,0.0038727815177478,True,True,proposed_better
fold_seed,alpha_0p1__scenario_labelflip_mu0p2,alpha_scenario,Alpha=0.1; scenario=labelflip_mu0p2,0.1,labelflip_mu0p2,total_normalized_energy_consumed,Total normalized energy consumed,primary_sustainability,False,10,tea_fl,TEA-FL,random_trimmed_mean,Random Trimmed Mean,14.464488970390448,17.463441122947422,2.99895215255697,2.751382147075054,3.245740215390336,3.0034928798965943,1.0,0.001953125,0.029296875,0.0038727815177478,True,True,proposed_better
fold_seed,alpha_0p1__scenario_labelflip_mu0p2,alpha_scenario,Alpha=0.1; scenario=labelflip_mu0p2,0.1,labelflip_mu0p2,total_normalized_energy_consumed,Total normalized energy consumed,primary_sustainability,False,10,arl_fl,ARL-FL,random_trimmed_mean,Random Trimmed Mean,16.63684584748654,17.463441122947422,0.8265952754608794,0.7070554529566051,0.9443580503396164,0.8156740163348601,1.0,0.001953125,0.029296875,0.0038727815177478,True,True,proposed_better
fold_seed,alpha_0p1__scenario_labelflip_mu0p2,alpha_scenario,Alpha=0.1; scenario=labelflip_mu0p2,0.1,labelflip_mu0p2,total_normalized_energy_consumed,Total normalized energy consumed,primary_sustainability,False,10,tea_fl,TEA-FL,fedle_adapted,FedLE-adapted,14.464488970390448,17.67896468169522,3.214475711304773,2.992548002660861,3.452349659772956,3.1810623539399856,1.0,0.001953125,0.029296875,0.0038727815177478,True,True,proposed_better
fold_seed,alpha_0p1__scenario_labelflip_mu0p2,alpha_scenario,Alpha=0.1; scenario=labelflip_mu0p2,0.1,labelflip_mu0p2,total_normalized_energy_consumed,Total normalized energy consumed,primary_sustainability,False,10,arl_fl,ARL-FL,fedle_adapted,FedLE-adapted,16.63684584748654,17.67896468169522,1.042118834208683,0.9447449932003656,1.1502748338269924,1.0228087139300932,1.0,0.001953125,0.029296875,0.0038727815177478,True,True,proposed_better
fold_seed,alpha_0p1__scenario_labelflip_mu0p4,alpha_scenario,Alpha=0.1; scenario=labelflip_mu0p4,0.1,labelflip_mu0p4,macro_f1,Macro-F1,primary_effectiveness,True,10,tea_fl,TEA-FL,fedavg,FedAvg,0.272436504892673,0.3778933526454952,-0.105456847752822,-0.1676661817254326,-0.0355252151729034,-0.1205049306352032,-0.7818181818181819,0.02734375,0.2734375,0.0443856462925851,False,True,proposed_worse
fold_seed,alpha_0p1__scenario_labelflip_mu0p4,alpha_scenario,Alpha=0.1; scenario=labelflip_mu0p4,0.1,labelflip_mu0p4,macro_f1,Macro-F1,primary_effectiveness,True,10,arl_fl,ARL-FL,fedavg,FedAvg,0.2591648952317567,0.3778933526454952,-0.1187284574137384,-0.168221054335497,-0.0749161194337035,-0.109877654593771,-1.0,0.001953125,0.029296875,0.0038727815177478,True,True,proposed_worse
fold_seed,alpha_0p1__scenario_labelflip_mu0p4,alpha_scenario,Alpha=0.1; scenario=labelflip_mu0p4,0.1,labelflip_mu0p4,macro_f1,Macro-F1,primary_effectiveness,True,10,tea_fl,TEA-FL,fedprox,FedProx,0.272436504892673,0.3947880163840897,-0.1223515114914166,-0.1842342251953391,-0.0680785350240988,-0.1214493680052242,-0.9636363636363636,0.00390625,0.05078125,0.0071343010146561,False,True,proposed_worse
fold_seed,alpha_0p1__scenario_labelflip_mu0p4,alpha_scenario,Alpha=0.1; scenario=labelflip_mu0p4,0.1,labelflip_mu0p4,macro_f1,Macro-F1,primary_effectiveness,True,10,arl_fl,ARL-FL,fedprox,FedProx,0.2591648952317567,0.3947880163840897,-0.135623121152333,-0.2007485737549932,-0.0801260081221609,-0.118559726213428,-0.9636363636363636,0.00390625,0.05078125,0.0071343010146561,False,True,proposed_worse
fold_seed,alpha_0p1__scenario_labelflip_mu0p4,alpha_scenario,Alpha=0.1; scenario=labelflip_mu0p4,0.1,labelflip_mu0p4,macro_f1,Macro-F1,primary_effectiveness,True,10,tea_fl,TEA-FL,random_trimmed_mean,Random Trimmed Mean,0.272436504892673,0.2980643515645954,-0.0256278466719223,-0.1025824310019405,0.067044464671827,-0.0422445558523706,-0.3818181818181818,0.322265625,1.0,0.4336132163621262,False,False,proposed_worse
fold_seed,alpha_0p1__scenario_labelflip_mu0p4,alpha_scenario,Alpha=0.1; scenario=labelflip_mu0p4,0.1,labelflip_mu0p4,macro_f1,Macro-F1,primary_effectiveness,True,10,arl_fl,ARL-FL,random_trimmed_mean,Random Trimmed Mean,0.2591648952317567,0.2980643515645954,-0.0388994563328387,-0.0932611430008423,0.0193367060759332,-0.0345397186261329,-0.4909090909090909,0.193359375,1.0,0.2705027525906736,False,False,proposed_worse
fold_seed,alpha_0p1__scenario_labelflip_mu0p4,alpha_scenario,Alpha=0.1; scenario=labelflip_mu0p4,0.1,labelflip_mu0p4,macro_f1,Macro-F1,primary_effectiveness,True,10,tea_fl,TEA-FL,fedle_adapted,FedLE-adapted,0.272436504892673,0.2885542597961776,-0.0161177549035045,-0.0942488245255283,0.0524903001923593,0.0072254379628486,0.0181818181818181,1.0,1.0,1.0,False,False,proposed_worse
fold_seed,alpha_0p1__scenario_labelflip_mu0p4,alpha_scenario,Alpha=0.1; scenario=labelflip_mu0p4,0.1,labelflip_mu0p4,macro_f1,Macro-F1,primary_effectiveness,True,10,arl_fl,ARL-FL,fedle_adapted,FedLE-adapted,0.2591648952317567,0.2885542597961776,-0.0293893645644208,-0.0817962515038783,0.0303535346989947,-0.034322730885532,-0.3818181818181818,0.322265625,1.0,0.4336132163621262,False,False,proposed_worse
fold_seed,alpha_0p1__scenario_labelflip_mu0p4,alpha_scenario,Alpha=0.1; scenario=labelflip_mu0p4,0.1,labelflip_mu0p4,total_normalized_energy_consumed,Total normalized energy consumed,primary_sustainability,False,10,tea_fl,TEA-FL,fedavg,FedAvg,14.397033719403057,17.463441122947422,3.0664074035443627,2.838359497085734,3.284494272775099,3.0689027579397994,1.0,0.001953125,0.029296875,0.0038727815177478,True,True,proposed_better
fold_seed,alpha_0p1__scenario_labelflip_mu0p4,alpha_scenario,Alpha=0.1; scenario=labelflip_mu0p4,0.1,labelflip_mu0p4,total_normalized_energy_consumed,Total normalized energy consumed,primary_sustainability,False,10,arl_fl,ARL-FL,fedavg,FedAvg,16.687969020851632,17.463441122947422,0.7754721020957902,0.6407754077625898,0.9067150481247492,0.7672454524466854,1.0,0.001953125,0.029296875,0.0038727815177478,True,True,proposed_better
fold_seed,alpha_0p1__scenario_labelflip_mu0p4,alpha_scenario,Alpha=0.1; scenario=labelflip_mu0p4,0.1,labelflip_mu0p4,total_normalized_energy_consumed,Total normalized energy consumed,primary_sustainability,False,10,tea_fl,TEA-FL,fedprox,FedProx,14.397033719403057,17.463441122947422,3.0664074035443627,2.838428482872178,3.29529508576314,3.0689027579397994,1.0,0.001953125,0.029296875,0.0038727815177478,True,True,proposed_better
fold_seed,alpha_0p1__scenario_labelflip_mu0p4,alpha_scenario,Alpha=0.1; scenario=labelflip_mu0p4,0.1,labelflip_mu0p4,total_normalized_energy_consumed,Total normalized energy consumed,primary_sustainability,False,10,arl_fl,ARL-FL,fedprox,FedProx,16.687969020851632,17.463441122947422,0.7754721020957902,0.6392154636072316,0.9031452431631546,0.7672454524466854,1.0,0.001953125,0.029296875,0.0038727815177478,True,True,proposed_better
fold_seed,alpha_0p1__scenario_labelflip_mu0p4,alpha_scenario,Alpha=0.1; scenario=labelflip_mu0p4,0.1,labelflip_mu0p4,total_normalized_energy_consumed,Total normalized energy consumed,primary_sustainability,False,10,tea_fl,TEA-FL,random_trimmed_mean,Random Trimmed Mean,14.397033719403057,17.463441122947422,3.0664074035443627,2.8432825821094867,3.2921175108669622,3.0689027579397994,1.0,0.001953125,0.029296875,0.0038727815177478,True,True,proposed_better
fold_seed,alpha_0p1__scenario_labelflip_mu0p4,alpha_scenario,Alpha=0.1; scenario=labelflip_mu0p4,0.1,labelflip_mu0p4,total_normalized_energy_consumed,Total normalized energy consumed,primary_sustainability,False,10,arl_fl,ARL-FL,random_trimmed_mean,Random Trimmed Mean,16.687969020851632,17.463441122947422,0.7754721020957902,0.6405446181612664,0.9099431836054054,0.7672454524466854,1.0,0.001953125,0.029296875,0.0038727815177478,True,True,proposed_better
fold_seed,alpha_0p1__scenario_labelflip_mu0p4,alpha_scenario,Alpha=0.1; scenario=labelflip_mu0p4,0.1,labelflip_mu0p4,total_normalized_energy_consumed,Total normalized energy consumed,primary_sustainability,False,10,tea_fl,TEA-FL,fedle_adapted,FedLE-adapted,14.397033719403057,17.67896468169522,3.2819309622921664,3.079832320196853,3.495467903071169,3.2754537046905936,1.0,0.001953125,0.029296875,0.0038727815177478,True,True,proposed_better
fold_seed,alpha_0p1__scenario_labelflip_mu0p4,alpha_scenario,Alpha=0.1; scenario=labelflip_mu0p4,0.1,labelflip_mu0p4,total_normalized_energy_consumed,Total normalized energy consumed,primary_sustainability,False,10,arl_fl,ARL-FL,fedle_adapted,FedLE-adapted,16.687969020851632,17.67896468169522,0.9909956608435936,0.872714047918237,1.1158193932236804,0.9699480478244435,1.0,0.001953125,0.029296875,0.0038727815177478,True,True,proposed_better
fold_seed,alpha_0p1__scenario_signflip_mu0p2,alpha_scenario,Alpha=0.1; scenario=signflip_mu0p2,0.1,signflip_mu0p2,macro_f1,Macro-F1,primary_effectiveness,True,10,tea_fl,TEA-FL,fedavg,FedAvg,0.4326102903742687,0.0260101489843655,0.4066001413899031,0.3422824648631574,0.4741795325965567,0.4006980154425195,1.0,0.001953125,0.029296875,0.0038727815177478,True,True,proposed_better
fold_seed,alpha_0p1__scenario_signflip_mu0p2,alpha_scenario,Alpha=0.1; scenario=signflip_mu0p2,0.1,signflip_mu0p2,macro_f1,Macro-F1,primary_effectiveness,True,10,arl_fl,ARL-FL,fedavg,FedAvg,0.3431286618360251,0.0260101489843655,0.3171185128516595,0.2548253601059288,0.3723442183985188,0.325792129759114,1.0,0.001953125,0.029296875,0.0038727815177478,True,True,proposed_better
fold_seed,alpha_0p1__scenario_signflip_mu0p2,alpha_scenario,Alpha=0.1; scenario=signflip_mu0p2,0.1,signflip_mu0p2,macro_f1,Macro-F1,primary_effectiveness,True,10,tea_fl,TEA-FL,fedprox,FedProx,0.4326102903742687,0.0311112292324888,0.4014990611417799,0.341990700018773,0.4646116177392609,0.4003480208133819,1.0,0.001953125,0.029296875,0.0038727815177478,True,True,proposed_better
fold_seed,alpha_0p1__scenario_signflip_mu0p2,alpha_scenario,Alpha=0.1; scenario=signflip_mu0p2,0.1,signflip_mu0p2,macro_f1,Macro-F1,primary_effectiveness,True,10,arl_fl,ARL-FL,fedprox,FedProx,0.3431286618360251,0.0311112292324888,0.3120174326035362,0.2500157317678542,0.3700775179333309,0.3233612979659439,1.0,0.001953125,0.029296875,0.0038727815177478,True,True,proposed_better
fold_seed,alpha_0p1__scenario_signflip_mu0p2,alpha_scenario,Alpha=0.1; scenario=signflip_mu0p2,0.1,signflip_mu0p2,macro_f1,Macro-F1,primary_effectiveness,True,10,tea_fl,TEA-FL,random_trimmed_mean,Random Trimmed Mean,0.4326102903742687,0.2873511584374024,0.1452591319368663,0.0902204156017616,0.1942432821041524,0.1431797135809568,1.0,0.001953125,0.029296875,0.0038727815177478,True,True,proposed_better
fold_seed,alpha_0p1__scenario_signflip_mu0p2,alpha_scenario,Alpha=0.1; scenario=signflip_mu0p2,0.1,signflip_mu0p2,macro_f1,Macro-F1,primary_effectiveness,True,10,arl_fl,ARL-FL,random_trimmed_mean,Random Trimmed Mean,0.3431286618360251,0.2873511584374024,0.0557775033986227,-0.0202261363814295,0.1311379387229039,0.0491420609559249,0.4909090909090909,0.193359375,0.80078125,0.2705027525906736,False,False,proposed_better
fold_seed,alpha_0p1__scenario_signflip_mu0p2,alpha_scenario,Alpha=0.1; scenario=signflip_mu0p2,0.1,signflip_mu0p2,macro_f1,Macro-F1,primary_effectiveness,True,10,tea_fl,TEA-FL,fedle_adapted,FedLE-adapted,0.4326102903742687,0.0337488794760184,0.3988614108982503,0.3358789395747752,0.4648413707786241,0.3924105843545886,1.0,0.001953125,0.029296875,0.0038727815177478,True,True,proposed_better
fold_seed,alpha_0p1__scenario_signflip_mu0p2,alpha_scenario,Alpha=0.1; scenario=signflip_mu0p2,0.1,signflip_mu0p2,macro_f1,Macro-F1,primary_effectiveness,True,10,arl_fl,ARL-FL,fedle_adapted,FedLE-adapted,0.3431286618360251,0.0337488794760184,0.3093797823600067,0.2379734375432478,0.3731588749821119,0.3227833761822467,1.0,0.001953125,0.029296875,0.0038727815177478,True,True,proposed_better
fold_seed,alpha_0p1__scenario_signflip_mu0p2,alpha_scenario,Alpha=0.1; scenario=signflip_mu0p2,0.1,signflip_mu0p2,total_normalized_energy_consumed,Total normalized energy consumed,primary_sustainability,False,10,tea_fl,TEA-FL,fedavg,FedAvg,15.070526938353044,17.463441122947422,2.3929141845943755,1.9902758340979607,2.747409215223806,2.37079537396781,1.0,0.001953125,0.029296875,0.0038727815177478,True,True,proposed_better
fold_seed,alpha_0p1__scenario_signflip_mu0p2,alpha_scenario,Alpha=0.1; scenario=signflip_mu0p2,0.1,signflip_mu0p2,total_normalized_energy_consumed,Total normalized energy consumed,primary_sustainability,False,10,arl_fl,ARL-FL,fedavg,FedAvg,16.650590914230982,17.463441122947422,0.8128502087164392,0.698871532939619,0.9243375636844512,0.8131863116713696,1.0,0.001953125,0.029296875,0.0038727815177478,True,True,proposed_better
fold_seed,alpha_0p1__scenario_signflip_mu0p2,alpha_scenario,Alpha=0.1; scenario=signflip_mu0p2,0.1,signflip_mu0p2,total_normalized_energy_consumed,Total normalized energy consumed,primary_sustainability,False,10,tea_fl,TEA-FL,fedprox,FedProx,15.070526938353044,17.463441122947422,2.3929141845943755,1.991041758595517,2.757754140075069,2.37079537396781,1.0,0.001953125,0.029296875,0.0038727815177478,True,True,proposed_better
fold_seed,alpha_0p1__scenario_signflip_mu0p2,alpha_scenario,Alpha=0.1; scenario=signflip_mu0p2,0.1,signflip_mu0p2,total_normalized_energy_consumed,Total normalized energy consumed,primary_sustainability,False,10,arl_fl,ARL-FL,fedprox,FedProx,16.650590914230982,17.463441122947422,0.8128502087164392,0.6979016849945021,0.9238994546273952,0.8131863116713696,1.0,0.001953125,0.029296875,0.0038727815177478,True,True,proposed_better
fold_seed,alpha_0p1__scenario_signflip_mu0p2,alpha_scenario,Alpha=0.1; scenario=signflip_mu0p2,0.1,signflip_mu0p2,total_normalized_energy_consumed,Total normalized energy consumed,primary_sustainability,False,10,tea_fl,TEA-FL,random_trimmed_mean,Random Trimmed Mean,15.070526938353044,17.463441122947422,2.3929141845943755,1.987053739716337,2.748238058485949,2.37079537396781,1.0,0.001953125,0.029296875,0.0038727815177478,True,True,proposed_better
fold_seed,alpha_0p1__scenario_signflip_mu0p2,alpha_scenario,Alpha=0.1; scenario=signflip_mu0p2,0.1,signflip_mu0p2,total_normalized_energy_consumed,Total normalized energy consumed,primary_sustainability,False,10,arl_fl,ARL-FL,random_trimmed_mean,Random Trimmed Mean,16.650590914230982,17.463441122947422,0.8128502087164392,0.7002235020868526,0.9244566717386048,0.8131863116713696,1.0,0.001953125,0.029296875,0.0038727815177478,True,True,proposed_better
fold_seed,alpha_0p1__scenario_signflip_mu0p2,alpha_scenario,Alpha=0.1; scenario=signflip_mu0p2,0.1,signflip_mu0p2,total_normalized_energy_consumed,Total normalized energy consumed,primary_sustainability,False,10,tea_fl,TEA-FL,fedle_adapted,FedLE-adapted,15.070526938353044,17.677582324279882,2.60705538592684,2.2314812144036966,2.9717271573873605,2.5913052582778877,1.0,0.001953125,0.029296875,0.0038727815177478,True,True,proposed_better
fold_seed,alpha_0p1__scenario_signflip_mu0p2,alpha_scenario,Alpha=0.1; scenario=signflip_mu0p2,0.1,signflip_mu0p2,total_normalized_energy_consumed,Total normalized energy consumed,primary_sustainability,False,10,arl_fl,ARL-FL,fedle_adapted,FedLE-adapted,16.650590914230982,17.677582324279882,1.026991410048904,0.9367516625174384,1.1176353493379023,1.0268704414758147,1.0,0.001953125,0.029296875,0.0038727815177478,True,True,proposed_better
fold_seed,alpha_0p1__scenario_signflip_mu0p4,alpha_scenario,Alpha=0.1; scenario=signflip_mu0p4,0.1,signflip_mu0p4,macro_f1,Macro-F1,primary_effectiveness,True,10,tea_fl,TEA-FL,fedavg,FedAvg,0.3318852079426291,0.0153196554625522,0.3165655524800769,0.2536672261995723,0.3846853231485281,0.3166138407840609,1.0,0.001953125,0.029296875,0.0038727815177478,True,True,proposed_better
fold_seed,alpha_0p1__scenario_signflip_mu0p4,alpha_scenario,Alpha=0.1; scenario=signflip_mu0p4,0.1,signflip_mu0p4,macro_f1,Macro-F1,primary_effectiveness,True,10,arl_fl,ARL-FL,fedavg,FedAvg,0.0194173362531957,0.0153196554625522,0.0040976807906434,-0.0009389616136189,0.0125601171254631,0.0003773415971244,0.3333333333333333,0.5625,1.0,0.7197867298578199,False,False,proposed_better
fold_seed,alpha_0p1__scenario_signflip_mu0p4,alpha_scenario,Alpha=0.1; scenario=signflip_mu0p4,0.1,signflip_mu0p4,macro_f1,Macro-F1,primary_effectiveness,True,10,tea_fl,TEA-FL,fedprox,FedProx,0.3318852079426291,0.0147618158163936,0.3171233921262354,0.2539467435714833,0.3853052765457149,0.3158121094411649,1.0,0.001953125,0.029296875,0.0038727815177478,True,True,proposed_better
fold_seed,alpha_0p1__scenario_signflip_mu0p4,alpha_scenario,Alpha=0.1; scenario=signflip_mu0p4,0.1,signflip_mu0p4,macro_f1,Macro-F1,primary_effectiveness,True,10,arl_fl,ARL-FL,fedprox,FedProx,0.0194173362531957,0.0147618158163936,0.004655520436802,-0.0,0.0128251604892403,0.000413723892924,0.7333333333333333,0.1875,1.0,0.2650523560209424,False,False,proposed_better
fold_seed,alpha_0p1__scenario_signflip_mu0p4,alpha_scenario,Alpha=0.1; scenario=signflip_mu0p4,0.1,signflip_mu0p4,macro_f1,Macro-F1,primary_effectiveness,True,10,tea_fl,TEA-FL,random_trimmed_mean,Random Trimmed Mean,0.3318852079426291,0.024539592604736,0.3073456153378931,0.2374827122429559,0.3810685245284423,0.2982850360300286,1.0,0.001953125,0.029296875,0.0038727815177478,True,True,proposed_better
fold_seed,alpha_0p1__scenario_signflip_mu0p4,alpha_scenario,Alpha=0.1; scenario=signflip_mu0p4,0.1,signflip_mu0p4,macro_f1,Macro-F1,primary_effectiveness,True,10,arl_fl,ARL-FL,random_trimmed_mean,Random Trimmed Mean,0.0194173362531957,0.024539592604736,-0.0051222563515403,-0.0178495735047146,0.008924588680067,-0.0,-0.3333333333333333,0.625,1.0,0.7897815912636506,False,False,proposed_worse
fold_seed,alpha_0p1__scenario_signflip_mu0p4,alpha_scenario,Alpha=0.1; scenario=signflip_mu0p4,0.1,signflip_mu0p4,macro_f1,Macro-F1,primary_effectiveness,True,10,tea_fl,TEA-FL,fedle_adapted,FedLE-adapted,0.3318852079426291,0.0129477866827353,0.3189374212598938,0.252947650713063,0.3896729405001319,0.3182308819536258,1.0,0.001953125,0.029296875,0.0038727815177478,True,True,proposed_better
fold_seed,alpha_0p1__scenario_signflip_mu0p4,alpha_scenario,Alpha=0.1; scenario=signflip_mu0p4,0.1,signflip_mu0p4,macro_f1,Macro-F1,primary_effectiveness,True,10,arl_fl,ARL-FL,fedle_adapted,FedLE-adapted,0.0194173362531957,0.0129477866827353,0.0064695495704603,0.0004451071891504,0.0154039434853418,0.0035752749163666,0.6,0.12109375,0.84765625,0.1813048752310536,False,True,proposed_better
fold_seed,alpha_0p1__scenario_signflip_mu0p4,alpha_scenario,Alpha=0.1; scenario=signflip_mu0p4,0.1,signflip_mu0p4,total_normalized_energy_consumed,Total normalized energy consumed,primary_sustainability,False,10,tea_fl,TEA-FL,fedavg,FedAvg,15.53597101457743,17.463441122947422,1.9274701083699888,1.67235495572984,2.136926750261343,1.9770191865632336,1.0,0.001953125,0.029296875,0.0038727815177478,True,True,proposed_better
fold_seed,alpha_0p1__scenario_signflip_mu0p4,alpha_scenario,Alpha=0.1; scenario=signflip_mu0p4,0.1,signflip_mu0p4,total_normalized_energy_consumed,Total normalized energy consumed,primary_sustainability,False,10,arl_fl,ARL-FL,fedavg,FedAvg,16.63627709597189,17.463441122947422,0.827164026975528,0.718632461059549,0.9330591717855734,0.8430450387895014,1.0,0.001953125,0.029296875,0.0038727815177478,True,True,proposed_better
fold_seed,alpha_0p1__scenario_signflip_mu0p4,alpha_scenario,Alpha=0.1; scenario=signflip_mu0p4,0.1,signflip_mu0p4,total_normalized_energy_consumed,Total normalized energy consumed,primary_sustainability,False,10,tea_fl,TEA-FL,fedprox,FedProx,15.53597101457743,17.463441122947422,1.9274701083699888,1.6675194356567988,2.141445885955989,1.9770191865632336,1.0,0.001953125,0.029296875,0.0038727815177478,True,True,proposed_better
fold_seed,alpha_0p1__scenario_signflip_mu0p4,alpha_scenario,Alpha=0.1; scenario=signflip_mu0p4,0.1,signflip_mu0p4,total_normalized_energy_consumed,Total normalized energy consumed,primary_sustainability,False,10,arl_fl,ARL-FL,fedprox,FedProx,16.63627709597189,17.463441122947422,0.827164026975528,0.7130798538856346,0.9319007869766944,0.8430450387895014,1.0,0.001953125,0.029296875,0.0038727815177478,True,True,proposed_better
fold_seed,alpha_0p1__scenario_signflip_mu0p4,alpha_scenario,Alpha=0.1; scenario=signflip_mu0p4,0.1,signflip_mu0p4,total_normalized_energy_consumed,Total normalized energy consumed,primary_sustainability,False,10,tea_fl,TEA-FL,random_trimmed_mean,Random Trimmed Mean,15.53597101457743,17.463441122947422,1.9274701083699888,1.668828952673505,2.1380260769274995,1.9770191865632336,1.0,0.001953125,0.029296875,0.0038727815177478,True,True,proposed_better
fold_seed,alpha_0p1__scenario_signflip_mu0p4,alpha_scenario,Alpha=0.1; scenario=signflip_mu0p4,0.1,signflip_mu0p4,total_normalized_energy_consumed,Total normalized energy consumed,primary_sustainability,False,10,arl_fl,ARL-FL,random_trimmed_mean,Random Trimmed Mean,16.63627709597189,17.463441122947422,0.827164026975528,0.7152957541011546,0.9307006066099368,0.8430450387895014,1.0,0.001953125,0.029296875,0.0038727815177478,True,True,proposed_better
fold_seed,alpha_0p1__scenario_signflip_mu0p4,alpha_scenario,Alpha=0.1; scenario=signflip_mu0p4,0.1,signflip_mu0p4,total_normalized_energy_consumed,Total normalized energy consumed,primary_sustainability,False,10,tea_fl,TEA-FL,fedle_adapted,FedLE-adapted,15.53597101457743,17.67896468169522,2.1429936671177927,1.8900645565285936,2.3447167052113502,2.2054798547803003,1.0,0.001953125,0.029296875,0.0038727815177478,True,True,proposed_better
fold_seed,alpha_0p1__scenario_signflip_mu0p4,alpha_scenario,Alpha=0.1; scenario=signflip_mu0p4,0.1,signflip_mu0p4,total_normalized_energy_consumed,Total normalized energy consumed,primary_sustainability,False,10,arl_fl,ARL-FL,fedle_adapted,FedLE-adapted,16.63627709597189,17.67896468169522,1.0426875857233315,0.9478741138314718,1.1341752504924805,1.047038237344104,1.0,0.001953125,0.029296875,0.0038727815177478,True,True,proposed_better
fold_seed,alpha_1p0__scenario_clean,alpha_scenario,Alpha=1.0; scenario=clean,1.0,clean,macro_f1,Macro-F1,primary_effectiveness,True,10,tea_fl,TEA-FL,fedavg,FedAvg,0.660299144576747,0.787712564381936,-0.1274134198051891,-0.1709534157202523,-0.0834643727253267,-0.1294663633218871,-1.0,0.001953125,0.029296875,0.0038727815177478,True,True,proposed_worse
fold_seed,alpha_1p0__scenario_clean,alpha_scenario,Alpha=1.0; scenario=clean,1.0,clean,macro_f1,Macro-F1,primary_effectiveness,True,10,arl_fl,ARL-FL,fedavg,FedAvg,0.7227868413813775,0.787712564381936,-0.0649257230005584,-0.1026639816854774,-0.0290479642830581,-0.0622016622812474,-0.8909090909090909,0.009765625,0.078125,0.0168660047974413,False,True,proposed_worse
fold_seed,alpha_1p0__scenario_clean,alpha_scenario,Alpha=1.0; scenario=clean,1.0,clean,macro_f1,Macro-F1,primary_effectiveness,True,10,tea_fl,TEA-FL,fedprox,FedProx,0.660299144576747,0.7870632834230393,-0.1267641388462923,-0.166773696092906,-0.0856069006517075,-0.1243816112832129,-1.0,0.001953125,0.029296875,0.0038727815177478,True,True,proposed_worse
fold_seed,alpha_1p0__scenario_clean,alpha_scenario,Alpha=1.0; scenario=clean,1.0,clean,macro_f1,Macro-F1,primary_effectiveness,True,10,arl_fl,ARL-FL,fedprox,FedProx,0.7227868413813775,0.7870632834230393,-0.0642764420416617,-0.0960656302098443,-0.0362185270948807,-0.0600921271644606,-1.0,0.001953125,0.029296875,0.0038727815177478,True,True,proposed_worse
fold_seed,alpha_1p0__scenario_clean,alpha_scenario,Alpha=1.0; scenario=clean,1.0,clean,macro_f1,Macro-F1,primary_effectiveness,True,10,tea_fl,TEA-FL,random_trimmed_mean,Random Trimmed Mean,0.660299144576747,0.737583416950611,-0.0772842723738641,-0.1081716722289255,-0.0479155798349405,-0.0766037604646864,-1.0,0.001953125,0.029296875,0.0038727815177478,True,True,proposed_worse
fold_seed,alpha_1p0__scenario_clean,alpha_scenario,Alpha=1.0; scenario=clean,1.0,clean,macro_f1,Macro-F1,primary_effectiveness,True,10,arl_fl,ARL-FL,random_trimmed_mean,Random Trimmed Mean,0.7227868413813775,0.737583416950611,-0.0147965755692334,-0.0371728447189489,0.0054614805334605,-0.0124000725614785,-0.4545454545454545,0.232421875,0.7734375,0.320991847826087,False,False,proposed_worse
fold_seed,alpha_1p0__scenario_clean,alpha_scenario,Alpha=1.0; scenario=clean,1.0,clean,macro_f1,Macro-F1,primary_effectiveness,True,10,tea_fl,TEA-FL,fedle_adapted,FedLE-adapted,0.660299144576747,0.7522868189287885,-0.0919876743520416,-0.1298958482154267,-0.0508799623214314,-0.0917238203202297,-0.9272727272727272,0.005859375,0.052734375,0.0104654768467475,False,True,proposed_worse
fold_seed,alpha_1p0__scenario_clean,alpha_scenario,Alpha=1.0; scenario=clean,1.0,clean,macro_f1,Macro-F1,primary_effectiveness,True,10,arl_fl,ARL-FL,fedle_adapted,FedLE-adapted,0.7227868413813775,0.7522868189287885,-0.0294999775474109,-0.0638917271735744,-0.0013995639476878,-0.0169753068845492,-0.4909090909090909,0.193359375,0.7734375,0.2705027525906736,False,True,proposed_worse
fold_seed,alpha_1p0__scenario_clean,alpha_scenario,Alpha=1.0; scenario=clean,1.0,clean,total_normalized_energy_consumed,Total normalized energy consumed,primary_sustainability,False,10,tea_fl,TEA-FL,fedavg,FedAvg,15.395998019783317,17.35917747717433,1.963179457391012,1.793808519938977,2.1417806218486453,1.972280980927,1.0,0.001953125,0.029296875,0.0038727815177478,True,True,proposed_better
fold_seed,alpha_1p0__scenario_clean,alpha_scenario,Alpha=1.0; scenario=clean,1.0,clean,total_normalized_energy_consumed,Total normalized energy consumed,primary_sustainability,False,10,arl_fl,ARL-FL,fedavg,FedAvg,16.287707273152687,17.35917747717433,1.071470204021638,0.9042209863775258,1.2136637649898945,1.1039074833667826,1.0,0.001953125,0.029296875,0.0038727815177478,True,True,proposed_better
fold_seed,alpha_1p0__scenario_clean,alpha_scenario,Alpha=1.0; scenario=clean,1.0,clean,total_normalized_energy_consumed,Total normalized energy consumed,primary_sustainability,False,10,tea_fl,TEA-FL,fedprox,FedProx,15.395998019783317,17.35917747717433,1.963179457391012,1.7907617521907755,2.141947886654262,1.972280980927,1.0,0.001953125,0.029296875,0.0038727815177478,True,True,proposed_better
fold_seed,alpha_1p0__scenario_clean,alpha_scenario,Alpha=1.0; scenario=clean,1.0,clean,total_normalized_energy_consumed,Total normalized energy consumed,primary_sustainability,False,10,arl_fl,ARL-FL,fedprox,FedProx,16.287707273152687,17.35917747717433,1.071470204021638,0.906215610537885,1.2117144785671796,1.1039074833667826,1.0,0.001953125,0.029296875,0.0038727815177478,True,True,proposed_better
fold_seed,alpha_1p0__scenario_clean,alpha_scenario,Alpha=1.0; scenario=clean,1.0,clean,total_normalized_energy_consumed,Total normalized energy consumed,primary_sustainability,False,10,tea_fl,TEA-FL,random_trimmed_mean,Random Trimmed Mean,15.395998019783317,17.35917747717433,1.963179457391012,1.7921190618835767,2.1380588194762247,1.972280980927,1.0,0.001953125,0.029296875,0.0038727815177478,True,True,proposed_better
fold_seed,alpha_1p0__scenario_clean,alpha_scenario,Alpha=1.0; scenario=clean,1.0,clean,total_normalized_energy_consumed,Total normalized energy consumed,primary_sustainability,False,10,arl_fl,ARL-FL,random_trimmed_mean,Random Trimmed Mean,16.287707273152687,17.35917747717433,1.071470204021638,0.903175309114568,1.2129945964086797,1.1039074833667826,1.0,0.001953125,0.029296875,0.0038727815177478,True,True,proposed_better
fold_seed,alpha_1p0__scenario_clean,alpha_scenario,Alpha=1.0; scenario=clean,1.0,clean,total_normalized_energy_consumed,Total normalized energy consumed,primary_sustainability,False,10,tea_fl,TEA-FL,fedle_adapted,FedLE-adapted,15.395998019783317,17.336548387191055,1.9405503674077371,1.7261080575160812,2.2067577737991173,1.907458435934592,1.0,0.001953125,0.029296875,0.0038727815177478,True,True,proposed_better
fold_seed,alpha_1p0__scenario_clean,alpha_scenario,Alpha=1.0; scenario=clean,1.0,clean,total_normalized_energy_consumed,Total normalized energy consumed,primary_sustainability,False,10,arl_fl,ARL-FL,fedle_adapted,FedLE-adapted,16.287707273152687,17.336548387191055,1.048841114038363,0.9395175504369316,1.1641519281243646,1.029768833838892,1.0,0.001953125,0.029296875,0.0038727815177478,True,True,proposed_better
fold_seed,alpha_1p0__scenario_labelflip_mu0p2,alpha_scenario,Alpha=1.0; scenario=labelflip_mu0p2,1.0,labelflip_mu0p2,macro_f1,Macro-F1,primary_effectiveness,True,10,tea_fl,TEA-FL,fedavg,FedAvg,0.7124245944197403,0.735537906124031,-0.0231133117042906,-0.0701721037476228,0.0281312502788576,-0.0277161980614554,-0.3818181818181818,0.322265625,1.0,0.4336132163621262,False,False,proposed_worse
fold_seed,alpha_1p0__scenario_labelflip_mu0p2,alpha_scenario,Alpha=1.0; scenario=labelflip_mu0p2,1.0,labelflip_mu0p2,macro_f1,Macro-F1,primary_effectiveness,True,10,arl_fl,ARL-FL,fedavg,FedAvg,0.7276661149377954,0.735537906124031,-0.0078717911862354,-0.0528839631562646,0.0496966549023513,-0.0196238998145903,-0.3818181818181818,0.322265625,1.0,0.4336132163621262,False,False,proposed_worse
fold_seed,alpha_1p0__scenario_labelflip_mu0p2,alpha_scenario,Alpha=1.0; scenario=labelflip_mu0p2,1.0,labelflip_mu0p2,macro_f1,Macro-F1,primary_effectiveness,True,10,tea_fl,TEA-FL,fedprox,FedProx,0.7124245944197403,0.7326352000217634,-0.0202106056020229,-0.0643055348613572,0.0282662476581859,-0.0196885248690773,-0.4181818181818181,0.275390625,1.0,0.3752168313708999,False,False,proposed_worse
fold_seed,alpha_1p0__scenario_labelflip_mu0p2,alpha_scenario,Alpha=1.0; scenario=labelflip_mu0p2,1.0,labelflip_mu0p2,macro_f1,Macro-F1,primary_effectiveness,True,10,arl_fl,ARL-FL,fedprox,FedProx,0.7276661149377954,0.7326352000217634,-0.0049690850839678,-0.0477997798143712,0.0505069241652097,-0.0179197946713581,-0.3454545454545454,0.375,1.0,0.5004118616144976,False,False,proposed_worse
fold_seed,alpha_1p0__scenario_labelflip_mu0p2,alpha_scenario,Alpha=1.0; scenario=labelflip_mu0p2,1.0,labelflip_mu0p2,macro_f1,Macro-F1,primary_effectiveness,True,10,tea_fl,TEA-FL,random_trimmed_mean,Random Trimmed Mean,0.7124245944197403,0.7413862079733317,-0.0289616135535913,-0.0724646809411818,0.0156762434789341,-0.0338776950576479,-0.4181818181818181,0.275390625,1.0,0.3752168313708999,False,False,proposed_worse
fold_seed,alpha_1p0__scenario_labelflip_mu0p2,alpha_scenario,Alpha=1.0; scenario=labelflip_mu0p2,1.0,labelflip_mu0p2,macro_f1,Macro-F1,primary_effectiveness,True,10,arl_fl,ARL-FL,random_trimmed_mean,Random Trimmed Mean,0.7276661149377954,0.7413862079733317,-0.0137200930355362,-0.0549235207155411,0.0326551315127231,-0.0234450306296757,-0.2,0.625,1.0,0.7897815912636506,False,False,proposed_worse
fold_seed,alpha_1p0__scenario_labelflip_mu0p2,alpha_scenario,Alpha=1.0; scenario=labelflip_mu0p2,1.0,labelflip_mu0p2,macro_f1,Macro-F1,primary_effectiveness,True,10,tea_fl,TEA-FL,fedle_adapted,FedLE-adapted,0.7124245944197403,0.7276407317405451,-0.0152161373208048,-0.0620923642606722,0.0286241567202154,-0.0126517077594291,-0.1272727272727272,0.76953125,1.0,0.9545487174578868,False,False,proposed_worse
fold_seed,alpha_1p0__scenario_labelflip_mu0p2,alpha_scenario,Alpha=1.0; scenario=labelflip_mu0p2,1.0,labelflip_mu0p2,macro_f1,Macro-F1,primary_effectiveness,True,10,arl_fl,ARL-FL,fedle_adapted,FedLE-adapted,0.7276661149377954,0.7276407317405451,2.538319725028382e-05,-0.0379021257781768,0.0316761178017543,0.0098347152493201,0.2363636363636363,0.556640625,1.0,0.7134159909018988,False,False,proposed_better
fold_seed,alpha_1p0__scenario_labelflip_mu0p2,alpha_scenario,Alpha=1.0; scenario=labelflip_mu0p2,1.0,labelflip_mu0p2,total_normalized_energy_consumed,Total normalized energy consumed,primary_sustainability,False,10,tea_fl,TEA-FL,fedavg,FedAvg,15.75052977183852,17.35917747717433,1.6086477053358097,1.4215228325261209,1.786362040311878,1.629907637060577,1.0,0.001953125,0.029296875,0.0038727815177478,True,True,proposed_better
fold_seed,alpha_1p0__scenario_labelflip_mu0p2,alpha_scenario,Alpha=1.0; scenario=labelflip_mu0p2,1.0,labelflip_mu0p2,total_normalized_energy_consumed,Total normalized energy consumed,primary_sustainability,False,10,arl_fl,ARL-FL,fedavg,FedAvg,16.326840786651218,17.35917747717433,1.032336690523107,0.8801002078462058,1.1683083599437545,1.0728231234304069,1.0,0.001953125,0.029296875,0.0038727815177478,True,True,proposed_better
fold_seed,alpha_1p0__scenario_labelflip_mu0p2,alpha_scenario,Alpha=1.0; scenario=labelflip_mu0p2,1.0,labelflip_mu0p2,total_normalized_energy_consumed,Total normalized energy consumed,primary_sustainability,False,10,tea_fl,TEA-FL,fedprox,FedProx,15.75052977183852,17.35917747717433,1.6086477053358097,1.414285661583286,1.7930833375976614,1.629907637060577,1.0,0.001953125,0.029296875,0.0038727815177478,True,True,proposed_better
fold_seed,alpha_1p0__scenario_labelflip_mu0p2,alpha_scenario,Alpha=1.0; scenario=labelflip_mu0p2,1.0,labelflip_mu0p2,total_normalized_energy_consumed,Total normalized energy consumed,primary_sustainability,False,10,arl_fl,ARL-FL,fedprox,FedProx,16.326840786651218,17.35917747717433,1.032336690523107,0.8812772997056839,1.1667163944901875,1.0728231234304069,1.0,0.001953125,0.029296875,0.0038727815177478,True,True,proposed_better
fold_seed,alpha_1p0__scenario_labelflip_mu0p2,alpha_scenario,Alpha=1.0; scenario=labelflip_mu0p2,1.0,labelflip_mu0p2,total_normalized_energy_consumed,Total normalized energy consumed,primary_sustainability,False,10,tea_fl,TEA-FL,random_trimmed_mean,Random Trimmed Mean,15.75052977183852,17.35917747717433,1.6086477053358097,1.4216450946614403,1.7842620074260147,1.629907637060577,1.0,0.001953125,0.029296875,0.0038727815177478,True,True,proposed_better
fold_seed,alpha_1p0__scenario_labelflip_mu0p2,alpha_scenario,Alpha=1.0; scenario=labelflip_mu0p2,1.0,labelflip_mu0p2,total_normalized_energy_consumed,Total normalized energy consumed,primary_sustainability,False,10,arl_fl,ARL-FL,random_trimmed_mean,Random Trimmed Mean,16.326840786651218,17.35917747717433,1.032336690523107,0.8740650123169623,1.165518301184388,1.0728231234304069,1.0,0.001953125,0.029296875,0.0038727815177478,True,True,proposed_better
fold_seed,alpha_1p0__scenario_labelflip_mu0p2,alpha_scenario,Alpha=1.0; scenario=labelflip_mu0p2,1.0,labelflip_mu0p2,total_normalized_energy_consumed,Total normalized energy consumed,primary_sustainability,False,10,tea_fl,TEA-FL,fedle_adapted,FedLE-adapted,15.75052977183852,17.336548387191055,1.5860186153525349,1.35094650596732,1.8545053020729352,1.560125921703544,1.0,0.001953125,0.029296875,0.0038727815177478,True,True,proposed_better
fold_seed,alpha_1p0__scenario_labelflip_mu0p2,alpha_scenario,Alpha=1.0; scenario=labelflip_mu0p2,1.0,labelflip_mu0p2,total_normalized_energy_consumed,Total normalized energy consumed,primary_sustainability,False,10,arl_fl,ARL-FL,fedle_adapted,FedLE-adapted,16.326840786651218,17.336548387191055,1.0097076005398322,0.8895412843530318,1.1312083880436103,1.008391986239765,1.0,0.001953125,0.029296875,0.0038727815177478,True,True,proposed_better
fold_seed,alpha_1p0__scenario_labelflip_mu0p4,alpha_scenario,Alpha=1.0; scenario=labelflip_mu0p4,1.0,labelflip_mu0p4,macro_f1,Macro-F1,primary_effectiveness,True,10,tea_fl,TEA-FL,fedavg,FedAvg,0.6149120333835173,0.6010984934438166,0.0138135399397007,-0.1330957235555049,0.1787318180158127,-0.0077131373299258,-0.0909090909090909,0.845703125,1.0,1.0,False,False,proposed_better
fold_seed,alpha_1p0__scenario_labelflip_mu0p4,alpha_scenario,Alpha=1.0; scenario=labelflip_mu0p4,1.0,labelflip_mu0p4,macro_f1,Macro-F1,primary_effectiveness,True,10,arl_fl,ARL-FL,fedavg,FedAvg,0.6033272672146193,0.6010984934438166,0.0022287737708027,-0.0818586034201201,0.1027353446635937,-0.0185057822974053,-0.1272727272727272,0.76953125,1.0,0.9545487174578868,False,False,proposed_better
fold_seed,alpha_1p0__scenario_labelflip_mu0p4,alpha_scenario,Alpha=1.0; scenario=labelflip_mu0p4,1.0,labelflip_mu0p4,macro_f1,Macro-F1,primary_effectiveness,True,10,tea_fl,TEA-FL,fedprox,FedProx,0.6149120333835173,0.601058126196283,0.0138539071872343,-0.1365718887102782,0.1792312516013257,-0.0095381573006977,-0.0545454545454545,0.921875,1.0,1.0,False,False,proposed_better
fold_seed,alpha_1p0__scenario_labelflip_mu0p4,alpha_scenario,Alpha=1.0; scenario=labelflip_mu0p4,1.0,labelflip_mu0p4,macro_f1,Macro-F1,primary_effectiveness,True,10,arl_fl,ARL-FL,fedprox,FedProx,0.6033272672146193,0.601058126196283,0.0022691410183364,-0.0835570716175278,0.1095550475956178,-0.0251216478023041,-0.1636363636363636,0.6953125,1.0,0.8718314628482973,False,False,proposed_better
fold_seed,alpha_1p0__scenario_labelflip_mu0p4,alpha_scenario,Alpha=1.0; scenario=labelflip_mu0p4,1.0,labelflip_mu0p4,macro_f1,Macro-F1,primary_effectiveness,True,10,tea_fl,TEA-FL,random_trimmed_mean,Random Trimmed Mean,0.6149120333835173,0.5869662425605985,0.0279457908229186,-0.1007789051302547,0.1676108966177945,0.0134765240318459,0.2,0.625,1.0,0.7897815912636506,False,False,proposed_better
fold_seed,alpha_1p0__scenario_labelflip_mu0p4,alpha_scenario,Alpha=1.0; scenario=labelflip_mu0p4,1.0,labelflip_mu0p4,macro_f1,Macro-F1,primary_effectiveness,True,10,arl_fl,ARL-FL,random_trimmed_mean,Random Trimmed Mean,0.6033272672146193,0.5869662425605985,0.0163610246540207,-0.093675011341023,0.1239803288330795,0.0144592819080164,0.1272727272727272,0.76953125,1.0,0.9545487174578868,False,False,proposed_better
fold_seed,alpha_1p0__scenario_labelflip_mu0p4,alpha_scenario,Alpha=1.0; scenario=labelflip_mu0p4,1.0,labelflip_mu0p4,macro_f1,Macro-F1,primary_effectiveness,True,10,tea_fl,TEA-FL,fedle_adapted,FedLE-adapted,0.6149120333835173,0.5329321583621367,0.0819798750213806,-0.0790894943269059,0.2247045406929111,0.0856476450666788,0.5272727272727272,0.16015625,1.0,0.2267946896853147,False,False,proposed_better
fold_seed,alpha_1p0__scenario_labelflip_mu0p4,alpha_scenario,Alpha=1.0; scenario=labelflip_mu0p4,1.0,labelflip_mu0p4,macro_f1,Macro-F1,primary_effectiveness,True,10,arl_fl,ARL-FL,fedle_adapted,FedLE-adapted,0.6033272672146193,0.5329321583621367,0.0703951088524826,-0.0465274172372942,0.1849969403636878,0.0671687578381064,0.4909090909090909,0.193359375,1.0,0.2705027525906736,False,False,proposed_better
fold_seed,alpha_1p0__scenario_labelflip_mu0p4,alpha_scenario,Alpha=1.0; scenario=labelflip_mu0p4,1.0,labelflip_mu0p4,total_normalized_energy_consumed,Total normalized energy consumed,primary_sustainability,False,10,tea_fl,TEA-FL,fedavg,FedAvg,15.755698381636304,17.35917747717433,1.6034790955380205,1.433619503146102,1.7966009402379262,1.571017687561695,1.0,0.001953125,0.029296875,0.0038727815177478,True,True,proposed_better
fold_seed,alpha_1p0__scenario_labelflip_mu0p4,alpha_scenario,Alpha=1.0; scenario=labelflip_mu0p4,1.0,labelflip_mu0p4,total_normalized_energy_consumed,Total normalized energy consumed,primary_sustainability,False,10,arl_fl,ARL-FL,fedavg,FedAvg,16.387345708906004,17.35917747717433,0.971831768268325,0.8199474285114091,1.124555144819486,0.9435127398496306,1.0,0.001953125,0.029296875,0.0038727815177478,True,True,proposed_better
fold_seed,alpha_1p0__scenario_labelflip_mu0p4,alpha_scenario,Alpha=1.0; scenario=labelflip_mu0p4,1.0,labelflip_mu0p4,total_normalized_energy_consumed,Total normalized energy consumed,primary_sustainability,False,10,tea_fl,TEA-FL,fedprox,FedProx,15.755698381636304,17.35917747717433,1.6034790955380205,1.4299186989382242,1.7987868761697172,1.571017687561695,1.0,0.001953125,0.029296875,0.0038727815177478,True,True,proposed_better
fold_seed,alpha_1p0__scenario_labelflip_mu0p4,alpha_scenario,Alpha=1.0; scenario=labelflip_mu0p4,1.0,labelflip_mu0p4,total_normalized_energy_consumed,Total normalized energy consumed,primary_sustainability,False,10,arl_fl,ARL-FL,fedprox,FedProx,16.387345708906004,17.35917747717433,0.971831768268325,0.8226478593286539,1.127262182623772,0.9435127398496306,1.0,0.001953125,0.029296875,0.0038727815177478,True,True,proposed_better
fold_seed,alpha_1p0__scenario_labelflip_mu0p4,alpha_scenario,Alpha=1.0; scenario=labelflip_mu0p4,1.0,labelflip_mu0p4,total_normalized_energy_consumed,Total normalized energy consumed,primary_sustainability,False,10,tea_fl,TEA-FL,random_trimmed_mean,Random Trimmed Mean,15.755698381636304,17.35917747717433,1.6034790955380205,1.4380357903679255,1.8104196320464552,1.571017687561695,1.0,0.001953125,0.029296875,0.0038727815177478,True,True,proposed_better
fold_seed,alpha_1p0__scenario_labelflip_mu0p4,alpha_scenario,Alpha=1.0; scenario=labelflip_mu0p4,1.0,labelflip_mu0p4,total_normalized_energy_consumed,Total normalized energy consumed,primary_sustainability,False,10,arl_fl,ARL-FL,random_trimmed_mean,Random Trimmed Mean,16.387345708906004,17.35917747717433,0.971831768268325,0.820540871002907,1.1245299031230256,0.9435127398496306,1.0,0.001953125,0.029296875,0.0038727815177478,True,True,proposed_better
fold_seed,alpha_1p0__scenario_labelflip_mu0p4,alpha_scenario,Alpha=1.0; scenario=labelflip_mu0p4,1.0,labelflip_mu0p4,total_normalized_energy_consumed,Total normalized energy consumed,primary_sustainability,False,10,tea_fl,TEA-FL,fedle_adapted,FedLE-adapted,15.755698381636304,17.336548387191055,1.5808500055547454,1.3198135882090194,1.9122325255972965,1.5438354065091913,1.0,0.001953125,0.029296875,0.0038727815177478,True,True,proposed_better
fold_seed,alpha_1p0__scenario_labelflip_mu0p4,alpha_scenario,Alpha=1.0; scenario=labelflip_mu0p4,1.0,labelflip_mu0p4,total_normalized_energy_consumed,Total normalized energy consumed,primary_sustainability,False,10,arl_fl,ARL-FL,fedle_adapted,FedLE-adapted,16.387345708906004,17.336548387191055,0.9492026782850502,0.7883140369423248,1.106385540708788,0.9495103707503424,1.0,0.001953125,0.029296875,0.0038727815177478,True,True,proposed_better
fold_seed,alpha_1p0__scenario_signflip_mu0p2,alpha_scenario,Alpha=1.0; scenario=signflip_mu0p2,1.0,signflip_mu0p2,macro_f1,Macro-F1,primary_effectiveness,True,10,tea_fl,TEA-FL,fedavg,FedAvg,0.7103086502344619,0.0392475014373562,0.6710611487971057,0.6216747431635464,0.7122628283323488,0.6814192267633878,1.0,0.001953125,0.029296875,0.0038727815177478,True,True,proposed_better
fold_seed,alpha_1p0__scenario_signflip_mu0p2,alpha_scenario,Alpha=1.0; scenario=signflip_mu0p2,1.0,signflip_mu0p2,macro_f1,Macro-F1,primary_effectiveness,True,10,arl_fl,ARL-FL,fedavg,FedAvg,0.6679049029240931,0.0392475014373562,0.6286574014867368,0.5800969065550426,0.6741276038649654,0.6353686858382608,1.0,0.001953125,0.029296875,0.0038727815177478,True,True,proposed_better
fold_seed,alpha_1p0__scenario_signflip_mu0p2,alpha_scenario,Alpha=1.0; scenario=signflip_mu0p2,1.0,signflip_mu0p2,macro_f1,Macro-F1,primary_effectiveness,True,10,tea_fl,TEA-FL,fedprox,FedProx,0.7103086502344619,0.037263255976111,0.6730453942583507,0.6194280135298819,0.7171509186350195,0.6809736714339667,1.0,0.001953125,0.029296875,0.0038727815177478,True,True,proposed_better
fold_seed,alpha_1p0__scenario_signflip_mu0p2,alpha_scenario,Alpha=1.0; scenario=signflip_mu0p2,1.0,signflip_mu0p2,macro_f1,Macro-F1,primary_effectiveness,True,10,arl_fl,ARL-FL,fedprox,FedProx,0.6679049029240931,0.037263255976111,0.6306416469479819,0.5798578818708776,0.6808249954332729,0.6290659522928679,1.0,0.001953125,0.029296875,0.0038727815177478,True,True,proposed_better
fold_seed,alpha_1p0__scenario_signflip_mu0p2,alpha_scenario,Alpha=1.0; scenario=signflip_mu0p2,1.0,signflip_mu0p2,macro_f1,Macro-F1,primary_effectiveness,True,10,tea_fl,TEA-FL,random_trimmed_mean,Random Trimmed Mean,0.7103086502344619,0.5972474744613734,0.1130611757730884,0.058024616341688,0.1719615912807172,0.1093134745254581,0.9272727272727272,0.005859375,0.03515625,0.0104654768467475,True,True,proposed_better
fold_seed,alpha_1p0__scenario_signflip_mu0p2,alpha_scenario,Alpha=1.0; scenario=signflip_mu0p2,1.0,signflip_mu0p2,macro_f1,Macro-F1,primary_effectiveness,True,10,arl_fl,ARL-FL,random_trimmed_mean,Random Trimmed Mean,0.6679049029240931,0.5972474744613734,0.0706574284627196,0.01175029475252,0.134966281598802,0.0612319216784211,0.6727272727272727,0.064453125,0.2578125,0.0985968484419263,False,True,proposed_better
fold_seed,alpha_1p0__scenario_signflip_mu0p2,alpha_scenario,Alpha=1.0; scenario=signflip_mu0p2,1.0,signflip_mu0p2,macro_f1,Macro-F1,primary_effectiveness,True,10,tea_fl,TEA-FL,fedle_adapted,FedLE-adapted,0.7103086502344619,0.0198175520182687,0.690491098216193,0.661390099341415,0.718629783387808,0.6876035055217442,1.0,0.001953125,0.029296875,0.0038727815177478,True,True,proposed_better
fold_seed,alpha_1p0__scenario_signflip_mu0p2,alpha_scenario,Alpha=1.0; scenario=signflip_mu0p2,1.0,signflip_mu0p2,macro_f1,Macro-F1,primary_effectiveness,True,10,arl_fl,ARL-FL,fedle_adapted,FedLE-adapted,0.6679049029240931,0.0198175520182687,0.6480873509058243,0.6075504516043522,0.6878600755721748,0.6553218313111666,1.0,0.001953125,0.029296875,0.0038727815177478,True,True,proposed_better
fold_seed,alpha_1p0__scenario_signflip_mu0p2,alpha_scenario,Alpha=1.0; scenario=signflip_mu0p2,1.0,signflip_mu0p2,total_normalized_energy_consumed,Total normalized energy consumed,primary_sustainability,False,10,tea_fl,TEA-FL,fedavg,FedAvg,15.924063361089145,17.35917747717433,1.4351141160851844,1.2254241139262014,1.651439667265468,1.435570142167065,1.0,0.001953125,0.029296875,0.0038727815177478,True,True,proposed_better
fold_seed,alpha_1p0__scenario_signflip_mu0p2,alpha_scenario,Alpha=1.0; scenario=signflip_mu0p2,1.0,signflip_mu0p2,total_normalized_energy_consumed,Total normalized energy consumed,primary_sustainability,False,10,arl_fl,ARL-FL,fedavg,FedAvg,16.40878024192499,17.35917747717433,0.9503972352493356,0.7734873803564477,1.0967244169103376,1.0000649762212852,1.0,0.001953125,0.029296875,0.0038727815177478,True,True,proposed_better
fold_seed,alpha_1p0__scenario_signflip_mu0p2,alpha_scenario,Alpha=1.0; scenario=signflip_mu0p2,1.0,signflip_mu0p2,total_normalized_energy_consumed,Total normalized energy consumed,primary_sustainability,False,10,tea_fl,TEA-FL,fedprox,FedProx,15.924063361089145,17.35917747717433,1.4351141160851844,1.2270967935516095,1.6499191012033363,1.435570142167065,1.0,0.001953125,0.029296875,0.0038727815177478,True,True,proposed_better
fold_seed,alpha_1p0__scenario_signflip_mu0p2,alpha_scenario,Alpha=1.0; scenario=signflip_mu0p2,1.0,signflip_mu0p2,total_normalized_energy_consumed,Total normalized energy consumed,primary_sustainability,False,10,arl_fl,ARL-FL,fedprox,FedProx,16.40878024192499,17.35917747717433,0.9503972352493356,0.7792064635915497,1.096363410787664,1.0000649762212852,1.0,0.001953125,0.029296875,0.0038727815177478,True,True,proposed_better
fold_seed,alpha_1p0__scenario_signflip_mu0p2,alpha_scenario,Alpha=1.0; scenario=signflip_mu0p2,1.0,signflip_mu0p2,total_normalized_energy_consumed,Total normalized energy consumed,primary_sustainability,False,10,tea_fl,TEA-FL,random_trimmed_mean,Random Trimmed Mean,15.924063361089145,17.35917747717433,1.4351141160851844,1.2184264058583192,1.6490530054789725,1.435570142167065,1.0,0.001953125,0.029296875,0.0038727815177478,True,True,proposed_better
fold_seed,alpha_1p0__scenario_signflip_mu0p2,alpha_scenario,Alpha=1.0; scenario=signflip_mu0p2,1.0,signflip_mu0p2,total_normalized_energy_consumed,Total normalized energy consumed,primary_sustainability,False,10,arl_fl,ARL-FL,random_trimmed_mean,Random Trimmed Mean,16.40878024192499,17.35917747717433,0.9503972352493356,0.7796700595713997,1.1011822227394554,1.0000649762212852,1.0,0.001953125,0.029296875,0.0038727815177478,True,True,proposed_better
fold_seed,alpha_1p0__scenario_signflip_mu0p2,alpha_scenario,Alpha=1.0; scenario=signflip_mu0p2,1.0,signflip_mu0p2,total_normalized_energy_consumed,Total normalized energy consumed,primary_sustainability,False,10,tea_fl,TEA-FL,fedle_adapted,FedLE-adapted,15.924063361089145,17.336548387191055,1.4124850261019095,1.118413097628605,1.7537520001878342,1.35290499698635,1.0,0.001953125,0.029296875,0.0038727815177478,True,True,proposed_better
fold_seed,alpha_1p0__scenario_signflip_mu0p2,alpha_scenario,Alpha=1.0; scenario=signflip_mu0p2,1.0,signflip_mu0p2,total_normalized_energy_consumed,Total normalized energy consumed,primary_sustainability,False,10,arl_fl,ARL-FL,fedle_adapted,FedLE-adapted,16.40878024192499,17.336548387191055,0.9277681452660608,0.7920027644507841,1.0572862310359843,0.93776318932575,1.0,0.001953125,0.029296875,0.0038727815177478,True,True,proposed_better
fold_seed,alpha_1p0__scenario_signflip_mu0p4,alpha_scenario,Alpha=1.0; scenario=signflip_mu0p4,1.0,signflip_mu0p4,macro_f1,Macro-F1,primary_effectiveness,True,10,tea_fl,TEA-FL,fedavg,FedAvg,0.5042871888298414,0.0140951228209056,0.4901920660089357,0.3365607777223574,0.6282749271613938,0.515619766671739,1.0,0.001953125,0.029296875,0.0038727815177478,True,True,proposed_better
fold_seed,alpha_1p0__scenario_signflip_mu0p4,alpha_scenario,Alpha=1.0; scenario=signflip_mu0p4,1.0,signflip_mu0p4,macro_f1,Macro-F1,primary_effectiveness,True,10,arl_fl,ARL-FL,fedavg,FedAvg,0.0252818547643718,0.0140951228209056,0.0111867319434661,-0.0033748349012426,0.0318681274650737,0.0012214473359193,0.1666666666666666,0.7421875,1.0,0.929886890951276,False,False,proposed_better
fold_seed,alpha_1p0__scenario_signflip_mu0p4,alpha_scenario,Alpha=1.0; scenario=signflip_mu0p4,1.0,signflip_mu0p4,macro_f1,Macro-F1,primary_effectiveness,True,10,tea_fl,TEA-FL,fedprox,FedProx,0.5042871888298414,0.0132752890415001,0.4910118997883413,0.335906795007094,0.6319561005909602,0.515619766671739,1.0,0.001953125,0.029296875,0.0038727815177478,True,True,proposed_better
fold_seed,alpha_1p0__scenario_signflip_mu0p4,alpha_scenario,Alpha=1.0; scenario=signflip_mu0p4,1.0,signflip_mu0p4,macro_f1,Macro-F1,primary_effectiveness,True,10,arl_fl,ARL-FL,fedprox,FedProx,0.0252818547643718,0.0132752890415001,0.0120065657228716,-0.0024740092445659,0.0310208868137406,0.0029248281114984,0.2444444444444444,0.5703125,1.0,0.7280585106382979,False,False,proposed_better
fold_seed,alpha_1p0__scenario_signflip_mu0p4,alpha_scenario,Alpha=1.0; scenario=signflip_mu0p4,1.0,signflip_mu0p4,macro_f1,Macro-F1,primary_effectiveness,True,10,tea_fl,TEA-FL,random_trimmed_mean,Random Trimmed Mean,0.5042871888298414,0.0139594304507364,0.4903277583791048,0.3371200146361929,0.6341142298774893,0.5180487153168218,1.0,0.001953125,0.029296875,0.0038727815177478,True,True,proposed_better
fold_seed,alpha_1p0__scenario_signflip_mu0p4,alpha_scenario,Alpha=1.0; scenario=signflip_mu0p4,1.0,signflip_mu0p4,macro_f1,Macro-F1,primary_effectiveness,True,10,arl_fl,ARL-FL,random_trimmed_mean,Random Trimmed Mean,0.0252818547643718,0.0139594304507364,0.0113224243136353,-0.0011630217421382,0.029661838438268,0.0029248281114984,0.3888888888888889,0.3828125,1.0,0.5104166666666666,False,False,proposed_better
fold_seed,alpha_1p0__scenario_signflip_mu0p4,alpha_scenario,Alpha=1.0; scenario=signflip_mu0p4,1.0,signflip_mu0p4,macro_f1,Macro-F1,primary_effectiveness,True,10,tea_fl,TEA-FL,fedle_adapted,FedLE-adapted,0.5042871888298414,0.0139715148326337,0.4903156739972075,0.3370304167351527,0.6299213742139009,0.5108756715800084,1.0,0.001953125,0.029296875,0.0038727815177478,True,True,proposed_better
fold_seed,alpha_1p0__scenario_signflip_mu0p4,alpha_scenario,Alpha=1.0; scenario=signflip_mu0p4,1.0,signflip_mu0p4,macro_f1,Macro-F1,primary_effectiveness,True,10,arl_fl,ARL-FL,fedle_adapted,FedLE-adapted,0.0252818547643718,0.0139715148326337,0.011310339931738,-0.0026464595498797,0.0297050414316359,0.001571101111185,0.2777777777777778,0.546875,1.0,0.7076178115015974,False,False,proposed_better
fold_seed,alpha_1p0__scenario_signflip_mu0p4,alpha_scenario,Alpha=1.0; scenario=signflip_mu0p4,1.0,signflip_mu0p4,total_normalized_energy_consumed,Total normalized energy consumed,primary_sustainability,False,10,tea_fl,TEA-FL,fedavg,FedAvg,15.945132442205256,17.35917747717433,1.414045034969072,1.2575625032668782,1.5888104523315452,1.3781017876883812,1.0,0.001953125,0.029296875,0.0038727815177478,True,True,proposed_better
fold_seed,alpha_1p0__scenario_signflip_mu0p4,alpha_scenario,Alpha=1.0; scenario=signflip_mu0p4,1.0,signflip_mu0p4,total_normalized_energy_consumed,Total normalized energy consumed,primary_sustainability,False,10,arl_fl,ARL-FL,fedavg,FedAvg,16.553239215419648,17.35917747717433,0.8059382617546758,0.6584994640122263,0.9426914879445052,0.8134518466597997,1.0,0.001953125,0.029296875,0.0038727815177478,True,True,proposed_better
fold_seed,alpha_1p0__scenario_signflip_mu0p4,alpha_scenario,Alpha=1.0; scenario=signflip_mu0p4,1.0,signflip_mu0p4,total_normalized_energy_consumed,Total normalized energy consumed,primary_sustainability,False,10,tea_fl,TEA-FL,fedprox,FedProx,15.945132442205256,17.35917747717433,1.414045034969072,1.2594956126471064,1.5901939462609422,1.3781017876883812,1.0,0.001953125,0.029296875,0.0038727815177478,True,True,proposed_better
fold_seed,alpha_1p0__scenario_signflip_mu0p4,alpha_scenario,Alpha=1.0; scenario=signflip_mu0p4,1.0,signflip_mu0p4,total_normalized_energy_consumed,Total normalized energy consumed,primary_sustainability,False,10,arl_fl,ARL-FL,fedprox,FedProx,16.553239215419648,17.35917747717433,0.8059382617546758,0.6646583060346903,0.9466156570860592,0.8134518466597997,1.0,0.001953125,0.029296875,0.0038727815177478,True,True,proposed_better
fold_seed,alpha_1p0__scenario_signflip_mu0p4,alpha_scenario,Alpha=1.0; scenario=signflip_mu0p4,1.0,signflip_mu0p4,total_normalized_energy_consumed,Total normalized energy consumed,primary_sustainability,False,10,tea_fl,TEA-FL,random_trimmed_mean,Random Trimmed Mean,15.945132442205256,17.35917747717433,1.414045034969072,1.2522738354715397,1.5851162852372405,1.3781017876883812,1.0,0.001953125,0.029296875,0.0038727815177478,True,True,proposed_better
fold_seed,alpha_1p0__scenario_signflip_mu0p4,alpha_scenario,Alpha=1.0; scenario=signflip_mu0p4,1.0,signflip_mu0p4,total_normalized_energy_consumed,Total normalized energy consumed,primary_sustainability,False,10,arl_fl,ARL-FL,random_trimmed_mean,Random Trimmed Mean,16.553239215419648,17.35917747717433,0.8059382617546758,0.6598984460145956,0.9385109861805742,0.8134518466597997,1.0,0.001953125,0.029296875,0.0038727815177478,True,True,proposed_better
fold_seed,alpha_1p0__scenario_signflip_mu0p4,alpha_scenario,Alpha=1.0; scenario=signflip_mu0p4,1.0,signflip_mu0p4,total_normalized_energy_consumed,Total normalized energy consumed,primary_sustainability,False,10,tea_fl,TEA-FL,fedle_adapted,FedLE-adapted,15.945132442205256,17.336548387191055,1.391415944985797,1.1746455215272409,1.6554545227521793,1.315492617912053,1.0,0.001953125,0.029296875,0.0038727815177478,True,True,proposed_better
fold_seed,alpha_1p0__scenario_signflip_mu0p4,alpha_scenario,Alpha=1.0; scenario=signflip_mu0p4,1.0,signflip_mu0p4,total_normalized_energy_consumed,Total normalized energy consumed,primary_sustainability,False,10,arl_fl,ARL-FL,fedle_adapted,FedLE-adapted,16.553239215419648,17.336548387191055,0.783309171771401,0.6745143814508742,0.8916549458062735,0.775620015962895,1.0,0.001953125,0.029296875,0.0038727815177478,True,True,proposed_better
