method,macro_f1,balanced_accuracy,total_normalized_energy_consumed,final_mean_residual_energy,final_active_clients,jain_participation_fairness,macro_f1_benefit_norm,balanced_accuracy_benefit_norm,total_normalized_energy_consumed_benefit_norm,final_mean_residual_energy_benefit_norm,final_active_clients_benefit_norm,jain_participation_fairness_benefit_norm,pareto_macro_f1_energy,pareto_four_objective,score_effectiveness_energy,score_balanced_four_objective,alpha,scenario,method_label
arl_fl,0.7227868413813775,0.736286155332687,16.287707273152687,0.26443844406216027,24.8,0.8464117683264527,0.490432616126089,0.49269484550345277,0.5457831172732326,0.5457831172732323,1.0,0.4747077184995046,True,True,0.5181078666996608,0.6277308629747066,1.0,clean,ARL-FL
fedavg,0.787712564381936,0.7861246665805715,17.359177477174327,0.22617165106138745,19.1,0.9795144310449322,1.0,1.0,0.0,0.0,0.4000000000000001,1.0,True,True,0.5,0.6000000000000001,1.0,clean,FedAvg
fedle_adapted,0.7522868189287886,0.758940477286332,17.33654838719105,0.22697983284650447,21.4,0.9193718020884262,0.7219622116154462,0.7232927107074663,0.01152675569117323,0.011526755691173379,0.6421052631578945,0.7626459295797797,True,True,0.3667444836533097,0.5345600400110734,1.0,clean,FedLE-adapted
fedprox,0.7870632834230393,0.7854107980896062,17.359177477174327,0.22617165106138745,19.1,0.9795144310449322,0.9949041399258458,0.992733547691702,0.0,0.0,0.4000000000000001,1.0,False,False,0.4974520699629229,0.5987260349814615,1.0,clean,FedProx
random_trimmed_mean,0.737583416950611,0.7479796409353628,17.359177477174327,0.22617165106138745,19.1,0.9795144310449322,0.6065630487905368,0.6117225887432834,0.0,0.0,0.4000000000000001,1.0,False,False,0.3032815243952684,0.5016407621976342,1.0,clean,Random Trimmed Mean
tea_fl,0.660299144576747,0.6878829854028108,15.395998019783315,0.29628520311106643,15.3,0.726126617429487,0.0,0.0,1.0,1.0,0.0,0.0,True,True,0.5,0.25,1.0,clean,TEA-FL
arl_fl,0.6679049029240931,0.690501915578867,16.40878024192499,0.26011440946314945,24.7,0.8594762160412056,0.9385890022044975,0.9433429994449279,0.6622450609306975,0.6622450609306972,1.0,0.4853240770226709,False,True,0.8004170315675975,0.7715395350394664,1.0,signflip_mu0p2,ARL-FL
fedavg,0.03924750143735622,0.11406034377623768,17.359177477174327,0.22617165106138745,19.1,0.9795144310449322,0.02813931920235118,0.036166993832059874,0.0,0.0,0.4509803921568629,1.0,False,False,0.01406965960117559,0.3697799278398035,1.0,signflip_mu0p2,FedAvg
fedle_adapted,0.01981755201826874,0.09107896128492715,17.33654838719105,0.22697983284650447,21.4,0.9193718020884262,0.0,0.0,0.0157681467485008,0.015768146748501022,0.676470588235294,0.7421324278479832,False,True,0.0078840733742504,0.3585927907079445,1.0,signflip_mu0p2,FedLE-adapted
fedprox,0.03726325597611104,0.10156625752309864,17.359177477174327,0.22617165106138745,19.1,0.9795144310449322,0.02526564644049914,0.0165044021396166,0.0,0.0,0.4509803921568629,1.0,False,False,0.01263282322024957,0.3690615096493405,1.0,signflip_mu0p2,FedProx
random_trimmed_mean,0.5972474744613734,0.634738502805906,17.359177477174327,0.22617165106138745,19.1,0.9795144310449322,0.8362597634275526,0.8555852239248148,0.0,0.0,0.4509803921568629,1.0,False,True,0.4181298817137763,0.5718100388961038,1.0,signflip_mu0p2,Random Trimmed Mean
tea_fl,0.7103086502344619,0.7265031438427518,15.924063361089143,0.2774257266358583,14.5,0.7462837520006861,1.0,1.0,1.0,1.0,0.0,0.0,True,True,1.0,0.5,1.0,signflip_mu0p2,TEA-FL
arl_fl,0.02528185476437181,0.09850259338202867,16.55323921541965,0.25495516040976873,23.6,0.8859541983760675,0.024452698046722114,0.03277317725588289,0.5699523295397045,0.5699523295397046,1.0,0.5661552991162883,False,True,0.29720251379321333,0.5401400816756787,1.0,signflip_mu0p4,ARL-FL
fedavg,0.01409512282090567,0.0833333333333333,17.359177477174327,0.22617165106138745,19.1,0.9795144310449322,0.001669682098863491,0.0,0.0,0.0,0.5054945054945056,1.0,False,True,0.0008348410494317455,0.3767910468983423,1.0,signflip_mu0p4,FedAvg
fedle_adapted,0.013971514832633768,0.0833333333333333,17.33654838719105,0.22697983284650447,21.4,0.9193718020884262,0.0014179407697323954,0.0,0.016003090017406074,0.016003090017406303,0.758241758241758,0.7211148355910557,False,True,0.008710515393569235,0.37419440615498806,1.0,signflip_mu0p4,FedLE-adapted
fedprox,0.013275289041500122,0.0833333333333333,17.359177477174327,0.22617165106138745,19.1,0.9795144310449322,0.0,0.0,0.0,0.0,0.5054945054945056,1.0,False,False,0.0,0.37637362637362637,1.0,signflip_mu0p4,FedProx
random_trimmed_mean,0.01395943045073646,0.0833333333333333,17.359177477174327,0.22617165106138745,19.1,0.9795144310449322,0.001393329590446278,0.0,0.0,0.0,0.5054945054945056,1.0,False,False,0.000696664795223139,0.37672195877123793,1.0,signflip_mu0p4,Random Trimmed Mean
tea_fl,0.5042871888298414,0.5461892819726262,15.945132442205255,0.27667325945314003,14.5,0.763860690251766,1.0,1.0,1.0,1.0,0.0,0.0,True,True,1.0,0.5,1.0,signflip_mu0p4,TEA-FL
arl_fl,0.7276661149377954,0.7375198843851798,16.32684078665122,0.2630408185800699,24.9,0.8503035399398172,0.5262662762159926,0.3128463617976733,0.6417419346068713,0.6417419346068719,1.0,0.4636170836435855,True,True,0.584004105411432,0.6579063236166124,1.0,labelflip_mu0p2,ARL-FL
fedavg,0.7355379061240309,0.7428702821142903,17.359177477174327,0.22617165106138745,19.1,0.9795144310449322,0.7980671263885599,0.7438625371193981,0.0,0.0,0.3958333333333335,1.0,False,False,0.39903356319427996,0.5484751149304734,1.0,labelflip_mu0p2,FedAvg
fedle_adapted,0.7276407317405451,0.7392335263176996,17.33654838719105,0.22697983284650447,21.4,0.9193718020884262,0.525389833430671,0.45089355548702803,0.014067150879721213,0.014067150879721428,0.6354166666666666,0.7503346781287278,False,True,0.2697284921551961,0.48130208227644666,1.0,labelflip_mu0p2,FedLE-adapted
fedprox,0.7326352000217633,0.7413606298550954,17.359177477174327,0.22617165106138745,19.1,0.9795144310449322,0.6978411463375394,0.6222482991191615,0.0,0.0,0.3958333333333335,1.0,False,False,0.3489205731687697,0.5234186199177182,1.0,labelflip_mu0p2,FedProx
random_trimmed_mean,0.7413862079733317,0.7460498316954947,17.359177477174327,0.22617165106138745,19.1,0.9795144310449322,1.0,1.0,0.0,0.0,0.3958333333333335,1.0,True,True,0.5,0.5989583333333334,1.0,labelflip_mu0p2,Random Trimmed Mean
tea_fl,0.7124245944197403,0.7336363817243496,15.750529771838519,0.2836233548233807,15.3,0.7386214287419707,0.0,0.0,1.0,1.0,0.0,0.0,True,True,0.5,0.25,1.0,labelflip_mu0p2,TEA-FL
arl_fl,0.6033272672146193,0.6261056038786018,16.387345708906004,0.26087992849954195,25.4,0.8676078668160976,0.8586876819966279,0.8977605893299041,0.6060769803439451,0.6060769803439459,1.0,0.5168150151655699,False,True,0.7323823311702865,0.7453949193765358,1.0,labelflip_mu0p4,ARL-FL
fedavg,0.6010984934438166,0.6159416486911736,17.359177477174327,0.22617165106138745,19.1,0.9795144310449322,0.8315008416870838,0.7584415659118944,0.0,0.0,0.41666666666666685,1.0,False,True,0.4157504208435419,0.5620418770884377,1.0,labelflip_mu0p4,FedAvg
fedle_adapted,0.5329321583621367,0.5606098935647962,17.33654838719105,0.22697983284650447,21.4,0.9193718020884262,0.0,0.0,0.014112494541553944,0.01411249454155414,0.6296296296296295,0.7403189396394291,False,True,0.007056247270776972,0.34601526595265314,1.0,labelflip_mu0p4,FedLE-adapted
fedprox,0.6010581261962828,0.6153842688036064,17.359177477174327,0.22617165106138745,19.1,0.9795144310449322,0.8310084373314632,0.7508014671337383,0.0,0.0,0.41666666666666685,1.0,False,False,0.4155042186657316,0.5619187759995325,1.0,labelflip_mu0p4,FedProx
random_trimmed_mean,0.5869662425605986,0.6088629167884411,17.359177477174327,0.22617165106138745,19.1,0.9795144310449322,0.6591140104125511,0.6614122109471613,0.0,0.0,0.41666666666666685,1.0,False,False,0.32955700520627557,0.5189451692698045,1.0,labelflip_mu0p4,Random Trimmed Mean
tea_fl,0.6149120333835173,0.6335644329957286,15.755698381636307,0.2834387616163168,14.6,0.7479125234087068,1.0,1.0,1.0,1.0,0.0,0.0,True,True,1.0,0.5,1.0,labelflip_mu0p4,TEA-FL
arl_fl,0.5426623533164007,0.5880771729683509,16.670391544506806,0.25077114865665595,22.7,0.8784925506027269,0.6250997334881648,0.6347510839596916,0.3072598581228154,0.30725985812281426,1.0,0.7481172308515375,True,True,0.4661797958054901,0.6701192056156294,0.1,clean,ARL-FL
fedavg,0.5975352693509297,0.6335096737121734,17.46344112294742,0.22244794942663418,17.0,0.959574286631274,0.8731108919068911,0.8798884675028965,0.06565883587538324,0.06565883587538314,0.0,1.0,False,False,0.46938486389113715,0.48469243194556855,0.1,clean,FedAvg
fedle_adapted,0.572878223548105,0.614035803672716,17.678964681695224,0.21475067947135545,19.6,0.9271706222170899,0.7616675254035671,0.7748144902668519,0.0,0.0,0.4561403508771933,0.8993370748706152,False,True,0.38083376270178354,0.5292862377878439,0.1,clean,FedLE-adapted
fedprox,0.6256097133335425,0.6557705268331521,17.46344112294742,0.22244794942663418,17.0,0.959574286631274,1.0,1.0,0.06565883587538324,0.06565883587538314,0.0,1.0,True,True,0.5328294179376916,0.5164147089688458,0.1,clean,FedProx
random_trimmed_mean,0.47941255057028426,0.5281260493679015,17.46344112294742,0.22244794942663418,17.0,0.959574286631274,0.33922724880101307,0.3112764492976818,0.06565883587538324,0.06565883587538314,0.0,1.0,False,False,0.20244304233819815,0.3512215211690991,0.1,clean,Random Trimmed Mean
tea_fl,0.4043579100502197,0.4704356746488664,14.396488593376265,0.33198196833988974,18.7,0.6376716161839892,0.0,0.0,1.0,1.0,0.29824561403508765,0.0,True,True,0.5,0.32456140350877194,0.1,clean,TEA-FL
arl_fl,0.3431286618360251,0.4134998535139025,16.650590914230982,0.2514783140236499,22.3,0.8639456857911704,0.7799272075204798,0.7728850193045912,0.39392772995645164,0.3939277299564532,1.0,0.6785283940780252,False,True,0.5869274687384658,0.7130958328887392,0.1,signflip_mu0p2,ARL-FL
fedavg,0.026010148984365572,0.10121283900039739,17.46344112294742,0.22244794942663418,17.0,0.959574286631274,0.0,0.0,0.08213910701261673,0.08213910701261726,0.0,1.0,False,False,0.041069553506308365,0.2705347767531542,0.1,signflip_mu0p2,FedAvg
fedle_adapted,0.03374887947601842,0.11124319312979383,17.677582324279882,0.21480004937904615,19.8,0.9282423273953293,0.01903277865373861,0.024824312522271724,0.0,0.0,0.5283018867924529,0.8946723557202045,False,True,0.009516389326869304,0.360501755291599,0.1,signflip_mu0p2,FedLE-adapted
fedprox,0.031111229232488817,0.10955080193157254,17.46344112294742,0.22244794942663418,17.0,0.959574286631274,0.012545692263376857,0.020635781641646155,0.08213910701261673,0.08213910701261726,0.0,1.0,False,False,0.047342399637996795,0.2736711998189984,0.1,signflip_mu0p2,FedProx
random_trimmed_mean,0.2873511584374024,0.3673985841607485,17.46344112294742,0.22244794942663418,17.0,0.959574286631274,0.6427469714095051,0.658788118703437,0.08213910701261673,0.08213910701261726,0.0,1.0,False,True,0.3624430392110609,0.43122151960553046,0.1,signflip_mu0p2,Random Trimmed Mean
tea_fl,0.43261029037426874,0.5052664908547024,15.070526938353044,0.3079091703050047,17.1,0.6621029109996921,1.0,1.0,1.0,1.0,0.018867924528302153,0.0,True,True,1.0,0.5047169811320755,0.1,signflip_mu0p2,TEA-FL
arl_fl,0.01941733625319571,0.0907250623286448,16.63627709597189,0.25198952181861733,21.0,0.8636976208508088,0.02028469893844311,0.022312692223011226,0.4865565408439535,0.4865565408439534,1.0,0.6029931902958624,False,True,0.2534206198911983,0.5274586075195647,0.1,signflip_mu0p4,ARL-FL
fedavg,0.015319655462552251,0.0833333333333333,17.46344112294742,0.22244794942663418,17.0,0.959574286631274,0.007436784214430946,0.0,0.10057125322151406,0.10057125322151385,0.37500000000000006,1.0,False,False,0.0540040187179725,0.3707520093589863,0.1,signflip_mu0p4,FedAvg
fedle_adapted,0.01294778668273536,0.0833333333333333,17.678964681695224,0.21475067947135545,19.6,0.9271706222170899,0.0,0.0,0.0,0.0,0.7812500000000002,0.865822665743766,False,True,0.0,0.41176816643594155,0.1,signflip_mu0p4,FedLE-adapted
fedprox,0.014761815816393681,0.0833333333333333,17.46344112294742,0.22244794942663418,17.0,0.959574286631274,0.005687727474851926,0.0,0.10057125322151406,0.10057125322151385,0.37500000000000006,1.0,False,False,0.05312949034818299,0.3703147451740915,0.1,signflip_mu0p4,FedProx
random_trimmed_mean,0.02453959260473604,0.10502440174639813,17.46344112294742,0.22244794942663418,17.0,0.959574286631274,0.03634507947110672,0.06547671509547814,0.10057125322151406,0.10057125322151385,0.37500000000000006,1.0,False,True,0.06845816634631038,0.3779790831731552,0.1,signflip_mu0p4,Random Trimmed Mean
tea_fl,0.33188520794262916,0.4146124511301701,15.53597101457743,0.29128616758270526,14.6,0.7180754925629416,1.0,1.0,1.0,1.0,0.0,0.0,True,True,1.0,0.5,0.1,signflip_mu0p4,TEA-FL
arl_fl,0.4647308426290236,0.5219395858169865,16.63684584748654,0.2519692092645228,21.2,0.870515752200334,0.5741437383846459,0.525203556661907,0.324195585159883,0.32419558515988406,1.0,0.7216341503974354,True,True,0.4491696617722645,0.6549933684854911,0.1,labelflip_mu0p2,ARL-FL
fedavg,0.5129528163018444,0.5559269261666284,17.46344112294742,0.22244794942663418,17.0,0.959574286631274,0.8970105778069593,0.846413730216311,0.06704781062424714,0.067047810624247,0.0,1.0,False,False,0.4820291942156032,0.4910145971078016,0.1,labelflip_mu0p2,FedAvg
fedle_adapted,0.527517063733376,0.5721779333075527,17.678964681695224,0.21475067947135545,19.6,0.9271706222170899,0.9945244740379113,1.0,0.0,0.0,0.6190476190476195,0.8987174712392634,False,True,0.49726223701895567,0.6280723910811985,0.1,labelflip_mu0p2,FedLE-adapted
fedprox,0.528334864252194,0.5663290977895272,17.46344112294742,0.22244794942663418,17.0,0.959574286631274,1.0,0.9447233748651965,0.06704781062424714,0.067047810624247,0.0,1.0,True,True,0.5335239053121236,0.5167619526560618,0.1,labelflip_mu0p2,FedProx
random_trimmed_mean,0.42076350747423963,0.4794713706679755,17.46344112294742,0.22244794942663418,17.0,0.959574286631274,0.279763532473504,0.12384167843823111,0.06704781062424714,0.067047810624247,0.0,1.0,False,False,0.17340567154887557,0.33670283577443777,0.1,labelflip_mu0p2,Random Trimmed Mean
tea_fl,0.37897925449337955,0.46636764724609525,14.464488970390448,0.329553383446526,18.5,0.6396408804390529,0.0,0.0,1.0,1.0,0.3571428571428572,0.0,True,True,0.5,0.3392857142857143,0.1,labelflip_mu0p2,TEA-FL
arl_fl,0.25916489523175673,0.3442276547907167,16.68796902085163,0.25014338164434097,22.4,0.8736804568005418,0.0,0.0,0.3019550600636227,0.3019550600636227,1.0,0.7320873022559927,False,True,0.15097753003181136,0.5085105905799039,0.1,labelflip_mu0p4,ARL-FL
fedavg,0.3778933526454952,0.43974963127858224,17.46344112294742,0.22244794942663418,17.0,0.959574286631274,0.8754293250660532,0.8719322552704711,0.06566974175388463,0.06566974175388451,0.0,1.0,False,False,0.4705495334099689,0.4852747667049845,0.1,labelflip_mu0p4,FedAvg
fedle_adapted,0.2885542597961776,0.354641025861698,17.678964681695224,0.21475067947135545,19.6,0.9271706222170899,0.2166987775735562,0.09505408552808181,0.0,0.0,0.4814814814814819,0.8989292575834192,False,True,0.1083493887867781,0.39927737915961437,0.1,labelflip_mu0p4,FedLE-adapted
fedprox,0.3947880163840897,0.45377971678919715,17.46344112294742,0.22244794942663418,17.0,0.959574286631274,1.0,1.0,0.06566974175388463,0.06566974175388451,0.0,1.0,True,True,0.5328348708769424,0.5164174354384712,0.1,labelflip_mu0p4,FedProx
random_trimmed_mean,0.29806435156459543,0.36574508566989195,17.46344112294742,0.22244794942663418,17.0,0.959574286631274,0.28682024128575034,0.19641283319225608,0.06566974175388463,0.06566974175388451,0.0,1.0,False,False,0.17624499151981748,0.3381224957599087,0.1,labelflip_mu0p4,Random Trimmed Mean
tea_fl,0.27243650489267307,0.3530953279235895,14.397033719403055,0.33196249955321855,18.6,0.6389704833998036,0.09785654207153631,0.08094483089689164,1.0,1.0,0.2962962962962966,0.0,True,True,0.5489282710357681,0.34853820959195825,0.1,labelflip_mu0p4,TEA-FL
