index,alpha,scenario,class_index,activity_id,activity_name,method,class_f1_mean,class_f1_std,class_f1_median,method_label,rank_within_condition_activity
0,0.1,clean,0,1,Lying,arl_fl,0.597454096605552,0.414494861970297,0.8442929292929293,ARL-FL,4.0
1,0.1,clean,0,1,Lying,fedavg,0.7646909626603826,0.28856731498638555,0.8665227641529654,FedAvg,2.0
2,0.1,clean,0,1,Lying,fedle_adapted,0.7243268496461834,0.2810472058089227,0.8454450033397403,FedLE-adapted,3.0
3,0.1,clean,0,1,Lying,fedprox,0.7939659906208758,0.1762364853858214,0.8529829168152876,FedProx,1.0
4,0.1,clean,0,1,Lying,random_trimmed_mean,0.15996201311638153,0.2621542262425549,0.01898588775845085,Random Trimmed Mean,5.0
5,0.1,clean,0,1,Lying,tea_fl,0.15426587045127488,0.3252894012201964,0.0,TEA-FL,6.0
6,0.1,clean,1,2,Sitting,arl_fl,0.31315881083455893,0.25385529627559716,0.3836377421945964,ARL-FL,1.0
7,0.1,clean,1,2,Sitting,fedavg,0.29594121756144476,0.26136595303027993,0.41024005788536216,FedAvg,3.0
8,0.1,clean,1,2,Sitting,fedle_adapted,0.27393638227674455,0.22761384307127322,0.35777217590974886,FedLE-adapted,4.0
9,0.1,clean,1,2,Sitting,fedprox,0.23418644744439635,0.251706164149143,0.20324324324324325,FedProx,5.0
10,0.1,clean,1,2,Sitting,random_trimmed_mean,0.20941253593377968,0.20144797441964887,0.22832167224119035,Random Trimmed Mean,6.0
11,0.1,clean,1,2,Sitting,tea_fl,0.29919786329022974,0.21541664147697903,0.3794063817935863,TEA-FL,2.0
12,0.1,clean,2,3,Standing,arl_fl,0.21494894910676038,0.230666548400631,0.13568481848184816,ARL-FL,4.0
13,0.1,clean,2,3,Standing,fedavg,0.22456020255425274,0.21964394408975174,0.2231705991084049,FedAvg,3.0
14,0.1,clean,2,3,Standing,fedle_adapted,0.24799166611760573,0.22644638636540082,0.3139911475763791,FedLE-adapted,1.0
15,0.1,clean,2,3,Standing,fedprox,0.24753451462138426,0.23792595843276043,0.24332300859096484,FedProx,2.0
16,0.1,clean,2,3,Standing,random_trimmed_mean,0.16600438890198013,0.2093618664753411,0.0420560747663551,Random Trimmed Mean,5.0
17,0.1,clean,2,3,Standing,tea_fl,0.09633615895151675,0.16282152893709037,0.0,TEA-FL,6.0
18,0.1,clean,3,4,Walking,arl_fl,0.8733208844954694,0.08633724818813793,0.8831120943952802,ARL-FL,1.0
19,0.1,clean,3,4,Walking,fedavg,0.803551404652343,0.2972951679433906,0.9327757314700376,FedAvg,3.0
20,0.1,clean,3,4,Walking,fedle_adapted,0.7919237583296633,0.1834377682358751,0.8156792633048419,FedLE-adapted,4.0
21,0.1,clean,3,4,Walking,fedprox,0.8103887888355482,0.2754711811442687,0.9199612582815575,FedProx,2.0
22,0.1,clean,3,4,Walking,random_trimmed_mean,0.7691104901663638,0.1837505092372388,0.8352429746933706,Random Trimmed Mean,5.0
23,0.1,clean,3,4,Walking,tea_fl,0.7450115233360776,0.2965283582883152,0.8393751283387828,TEA-FL,6.0
24,0.1,clean,4,5,Running,arl_fl,0.7082056058969547,0.37825222643599754,0.9381719009312799,ARL-FL,5.0
25,0.1,clean,4,5,Running,fedavg,0.8194844666287618,0.15913789680903692,0.8654444633056074,FedAvg,3.0
26,0.1,clean,4,5,Running,fedle_adapted,0.8389336672575887,0.3014819958581091,0.9609423240763176,FedLE-adapted,2.0
27,0.1,clean,4,5,Running,fedprox,0.9272641055400828,0.0658152025586269,0.9565067623916749,FedProx,1.0
28,0.1,clean,4,5,Running,random_trimmed_mean,0.8171543302677449,0.2905322786147962,0.9134354249313938,Random Trimmed Mean,4.0
29,0.1,clean,4,5,Running,tea_fl,0.5915618671279499,0.27674620941004374,0.648088429165399,TEA-FL,6.0
30,0.1,clean,5,6,Cycling,arl_fl,0.8256045376301492,0.16009674476120803,0.868841642228739,ARL-FL,5.0
31,0.1,clean,5,6,Cycling,fedavg,0.8934036426732972,0.0698994150250738,0.9269458288037723,FedAvg,3.0
32,0.1,clean,5,6,Cycling,fedle_adapted,0.9048823278084954,0.043786830439189774,0.9242250287026408,FedLE-adapted,1.0
33,0.1,clean,5,6,Cycling,fedprox,0.8951330353783842,0.0556209544055142,0.9061848143512725,FedProx,2.0
34,0.1,clean,5,6,Cycling,random_trimmed_mean,0.8327765365180685,0.11495794035429452,0.8632422365141259,Random Trimmed Mean,4.0
35,0.1,clean,5,6,Cycling,tea_fl,0.730747327747139,0.273528970444165,0.8075606974091576,TEA-FL,6.0
36,0.1,clean,6,7,Nordic walking,arl_fl,0.7736851241970045,0.19026437275960192,0.8230728335991493,ARL-FL,3.0
37,0.1,clean,6,7,Nordic walking,fedavg,0.7743738576700349,0.2808249596720383,0.8769257888242552,FedAvg,2.0
38,0.1,clean,6,7,Nordic walking,fedle_adapted,0.6472681288468767,0.3180279296731666,0.8060152430082643,FedLE-adapted,5.0
39,0.1,clean,6,7,Nordic walking,fedprox,0.7805649817843829,0.2465280011928753,0.8740344622697565,FedProx,1.0
40,0.1,clean,6,7,Nordic walking,random_trimmed_mean,0.6591583860803834,0.20261061665402014,0.6865941219961197,Random Trimmed Mean,4.0
41,0.1,clean,6,7,Nordic walking,tea_fl,0.6402735574202169,0.2692289429558715,0.7317617866004963,TEA-FL,6.0
42,0.1,clean,7,12,Ascending stairs,arl_fl,0.5298106023805271,0.19437056930353105,0.5674989931534434,ARL-FL,5.0
43,0.1,clean,7,12,Ascending stairs,fedavg,0.6017058152170358,0.20927464647479455,0.6908815924281602,FedAvg,2.0
44,0.1,clean,7,12,Ascending stairs,fedle_adapted,0.54602733595205,0.2642815366125367,0.6258183306055647,FedLE-adapted,4.0
45,0.1,clean,7,12,Ascending stairs,fedprox,0.683402217504986,0.10881104362983465,0.7118518518518518,FedProx,1.0
46,0.1,clean,7,12,Ascending stairs,random_trimmed_mean,0.5610351603801128,0.14828746578711335,0.5941202752211598,Random Trimmed Mean,3.0
47,0.1,clean,7,12,Ascending stairs,tea_fl,0.2682953654264484,0.3376200354008687,0.06374269005847949,TEA-FL,6.0
48,0.1,clean,8,13,Descending stairs,arl_fl,0.4765276563234494,0.2663545958821288,0.49355544215207403,ARL-FL,5.0
49,0.1,clean,8,13,Descending stairs,fedavg,0.6433870397801134,0.24713974873866357,0.7339339339339339,FedAvg,2.0
50,0.1,clean,8,13,Descending stairs,fedle_adapted,0.5101298522414063,0.2872547571498157,0.61198409693298,FedLE-adapted,4.0
51,0.1,clean,8,13,Descending stairs,fedprox,0.6447753871898871,0.25677590494261004,0.7308018350453775,FedProx,1.0
52,0.1,clean,8,13,Descending stairs,random_trimmed_mean,0.5170404814169718,0.23496101843168968,0.5765605362379556,Random Trimmed Mean,3.0
53,0.1,clean,8,13,Descending stairs,tea_fl,0.23813613529072467,0.22721395816285186,0.19615384615384615,TEA-FL,6.0
54,0.1,clean,9,16,Vacuum cleaning,arl_fl,0.630162368863291,0.19686401951264026,0.689031339031339,ARL-FL,3.0
55,0.1,clean,9,16,Vacuum cleaning,fedavg,0.6039753987991703,0.2024223622337109,0.6206419479800775,FedAvg,4.0
56,0.1,clean,9,16,Vacuum cleaning,fedle_adapted,0.6945712106537469,0.12139913524288572,0.7137995337995338,FedLE-adapted,1.0
57,0.1,clean,9,16,Vacuum cleaning,fedprox,0.6746700353884367,0.12644256389417813,0.6579609655880843,FedProx,2.0
58,0.1,clean,9,16,Vacuum cleaning,random_trimmed_mean,0.5762208477283453,0.226125878846695,0.6736327201214807,Random Trimmed Mean,5.0
59,0.1,clean,9,16,Vacuum cleaning,tea_fl,0.5190653720518751,0.21768313851140117,0.5570313825275657,TEA-FL,6.0
60,0.1,clean,10,17,Ironing,arl_fl,0.5526312472987074,0.317014507763843,0.6267796122687959,ARL-FL,1.0
61,0.1,clean,10,17,Ironing,fedavg,0.5114326458873644,0.33952623539405,0.6553728070175439,FedAvg,4.0
62,0.1,clean,10,17,Ironing,fedle_adapted,0.5357240174252389,0.27820447136358567,0.6510701967944816,FedLE-adapted,2.0
63,0.1,clean,10,17,Ironing,fedprox,0.5085885997504371,0.34190638209445035,0.6354749750630757,FedProx,5.0
64,0.1,clean,10,17,Ironing,random_trimmed_mean,0.4792875349143103,0.3404245073062435,0.5938427022310857,Random Trimmed Mean,6.0
65,0.1,clean,10,17,Ironing,tea_fl,0.5356010626077754,0.21421338389857067,0.5852470930232558,TEA-FL,3.0
66,0.1,clean,11,24,Rope jumping,arl_fl,0.01643835616438356,0.051982646468521305,0.0,ARL-FL,5.0
67,0.1,clean,11,24,Rope jumping,fedavg,0.23391657812695543,0.37159662105326474,0.0,FedAvg,2.0
68,0.1,clean,11,24,Rope jumping,fedle_adapted,0.15882348602166121,0.31713734263077265,0.0,FedLE-adapted,3.0
69,0.1,clean,11,24,Rope jumping,fedprox,0.30684245594370757,0.40461913440003044,0.0,FedProx,1.0
70,0.1,clean,11,24,Rope jumping,random_trimmed_mean,0.005787901418969369,0.013001411359817918,0.0,Random Trimmed Mean,6.0
71,0.1,clean,11,24,Rope jumping,tea_fl,0.03380281690140845,0.10689389273808605,0.0,TEA-FL,4.0
72,0.1,labelflip_mu0p2,0,1,Lying,arl_fl,0.4145902024253957,0.384177600116131,0.4850289141143713,ARL-FL,2.0
73,0.1,labelflip_mu0p2,0,1,Lying,fedavg,0.25303472914806163,0.3615859776864349,0.00928319117773755,FedAvg,4.0
74,0.1,labelflip_mu0p2,0,1,Lying,fedle_adapted,0.4207159198421929,0.4505718336408934,0.28324742268041236,FedLE-adapted,1.0
75,0.1,labelflip_mu0p2,0,1,Lying,fedprox,0.38048559241619695,0.42102303597383506,0.23240589198036005,FedProx,3.0
76,0.1,labelflip_mu0p2,0,1,Lying,random_trimmed_mean,0.09734489565794055,0.2861594877990504,0.0,Random Trimmed Mean,6.0
77,0.1,labelflip_mu0p2,0,1,Lying,tea_fl,0.15433793305350405,0.3230888287606434,0.0,TEA-FL,5.0
78,0.1,labelflip_mu0p2,1,2,Sitting,arl_fl,0.18278025716420107,0.2184276005401275,0.05179282868525895,ARL-FL,6.0
79,0.1,labelflip_mu0p2,1,2,Sitting,fedavg,0.2967667230532345,0.21640516877589144,0.38385744831027535,FedAvg,1.0
80,0.1,labelflip_mu0p2,1,2,Sitting,fedle_adapted,0.2884599410449219,0.25923917423690573,0.3938494670754854,FedLE-adapted,3.0
81,0.1,labelflip_mu0p2,1,2,Sitting,fedprox,0.2784066291193308,0.23612415757800947,0.38430261306150393,FedProx,4.0
82,0.1,labelflip_mu0p2,1,2,Sitting,random_trimmed_mean,0.29448832567012617,0.21297688883712093,0.34307861189572025,Random Trimmed Mean,2.0
83,0.1,labelflip_mu0p2,1,2,Sitting,tea_fl,0.22285427522615983,0.23397279546499297,0.20301542776998596,TEA-FL,5.0
84,0.1,labelflip_mu0p2,2,3,Standing,arl_fl,0.2475605274941129,0.2345117990061254,0.28731374460381554,ARL-FL,2.0
85,0.1,labelflip_mu0p2,2,3,Standing,fedavg,0.16637365281158725,0.2426670493694282,0.01650943396226415,FedAvg,5.0
86,0.1,labelflip_mu0p2,2,3,Standing,fedle_adapted,0.32792097265881076,0.27675687785749725,0.3962620517911527,FedLE-adapted,1.0
87,0.1,labelflip_mu0p2,2,3,Standing,fedprox,0.22927771452943518,0.24892923076399473,0.15867059769498787,FedProx,3.0
88,0.1,labelflip_mu0p2,2,3,Standing,random_trimmed_mean,0.14242756622146624,0.2058582401937092,0.0051020408163265,Random Trimmed Mean,6.0
89,0.1,labelflip_mu0p2,2,3,Standing,tea_fl,0.20491807196275688,0.19226475321165587,0.1647526647526647,TEA-FL,4.0
90,0.1,labelflip_mu0p2,3,4,Walking,arl_fl,0.8588155697390174,0.120340315160895,0.9040576154125772,ARL-FL,1.0
91,0.1,labelflip_mu0p2,3,4,Walking,fedavg,0.7250981782438416,0.3138028427706595,0.8731464851092269,FedAvg,3.0
92,0.1,labelflip_mu0p2,3,4,Walking,fedle_adapted,0.7483303502806726,0.2929598596699767,0.8392509122375762,FedLE-adapted,2.0
93,0.1,labelflip_mu0p2,3,4,Walking,fedprox,0.7049711538777872,0.32681488696049954,0.8518743360145697,FedProx,5.0
94,0.1,labelflip_mu0p2,3,4,Walking,random_trimmed_mean,0.723408402886549,0.30498445281494263,0.810300312542465,Random Trimmed Mean,4.0
95,0.1,labelflip_mu0p2,3,4,Walking,tea_fl,0.5948370674209565,0.38631262572121267,0.707093450690411,TEA-FL,6.0
96,0.1,labelflip_mu0p2,4,5,Running,arl_fl,0.45459914025627074,0.47315725924052193,0.3905895691609977,ARL-FL,5.0
97,0.1,labelflip_mu0p2,4,5,Running,fedavg,0.7518040018002126,0.3256584639472987,0.9130011788265704,FedAvg,3.0
98,0.1,labelflip_mu0p2,4,5,Running,fedle_adapted,0.8040540074834963,0.31724934644687663,0.9411342604048102,FedLE-adapted,1.0
99,0.1,labelflip_mu0p2,4,5,Running,fedprox,0.7873963996872224,0.3086866007550216,0.9038461538461537,FedProx,2.0
100,0.1,labelflip_mu0p2,4,5,Running,random_trimmed_mean,0.6366465467536816,0.4452346286690179,0.922077922077922,Random Trimmed Mean,4.0
101,0.1,labelflip_mu0p2,4,5,Running,tea_fl,0.4520867648548653,0.3238278806339112,0.6032028184802627,TEA-FL,6.0
102,0.1,labelflip_mu0p2,5,6,Cycling,arl_fl,0.7956150372176556,0.11194670497032672,0.8413929239313171,ARL-FL,5.0
103,0.1,labelflip_mu0p2,5,6,Cycling,fedavg,0.864410729285293,0.09720374015638626,0.8985046078942793,FedAvg,1.0
104,0.1,labelflip_mu0p2,5,6,Cycling,fedle_adapted,0.8549175541868006,0.1358480498431483,0.9023913675485271,FedLE-adapted,3.0
105,0.1,labelflip_mu0p2,5,6,Cycling,fedprox,0.862777824038514,0.11016592694853566,0.8929075130554109,FedProx,2.0
106,0.1,labelflip_mu0p2,5,6,Cycling,random_trimmed_mean,0.8543893515239169,0.07721050289927019,0.8827721545135303,Random Trimmed Mean,4.0
107,0.1,labelflip_mu0p2,5,6,Cycling,tea_fl,0.6401739132089038,0.25639245866624855,0.7251693445038228,TEA-FL,6.0
108,0.1,labelflip_mu0p2,6,7,Nordic walking,arl_fl,0.700333608468286,0.21623777891959922,0.7556629417094534,ARL-FL,1.0
109,0.1,labelflip_mu0p2,6,7,Nordic walking,fedavg,0.6981902880921937,0.28196979450724097,0.7564863744232618,FedAvg,2.0
110,0.1,labelflip_mu0p2,6,7,Nordic walking,fedle_adapted,0.6253993757921801,0.37781888303310723,0.7490406780369243,FedLE-adapted,5.0
111,0.1,labelflip_mu0p2,6,7,Nordic walking,fedprox,0.6975657567825932,0.27765104230436644,0.6934260429835651,FedProx,3.0
112,0.1,labelflip_mu0p2,6,7,Nordic walking,random_trimmed_mean,0.635415241932096,0.3556171638370646,0.7796729488907215,Random Trimmed Mean,4.0
113,0.1,labelflip_mu0p2,6,7,Nordic walking,tea_fl,0.5843996072793081,0.3442514855872913,0.6690067776755083,TEA-FL,6.0
114,0.1,labelflip_mu0p2,7,12,Ascending stairs,arl_fl,0.3950841815296119,0.28502958231818204,0.42718508412914963,ARL-FL,5.0
115,0.1,labelflip_mu0p2,7,12,Ascending stairs,fedavg,0.42634422272423633,0.25197038661071,0.4047413673168424,FedAvg,3.0
116,0.1,labelflip_mu0p2,7,12,Ascending stairs,fedle_adapted,0.46252168035892927,0.2558704942575151,0.5440237226277372,FedLE-adapted,1.0
117,0.1,labelflip_mu0p2,7,12,Ascending stairs,fedprox,0.45862960626961036,0.192562725103362,0.4320740470101083,FedProx,2.0
118,0.1,labelflip_mu0p2,7,12,Ascending stairs,random_trimmed_mean,0.4059978062749815,0.2231683455957205,0.4317725752508361,Random Trimmed Mean,4.0
119,0.1,labelflip_mu0p2,7,12,Ascending stairs,tea_fl,0.21635256688234494,0.33301317345742154,0.0,TEA-FL,6.0
120,0.1,labelflip_mu0p2,8,13,Descending stairs,arl_fl,0.3790297021010841,0.20937269164924743,0.44316983678461463,ARL-FL,6.0
121,0.1,labelflip_mu0p2,8,13,Descending stairs,fedavg,0.44607098555880353,0.23762581023798932,0.49845505617977526,FedAvg,3.0
122,0.1,labelflip_mu0p2,8,13,Descending stairs,fedle_adapted,0.48542237111572817,0.25350763640208007,0.544545905707196,FedLE-adapted,1.0
123,0.1,labelflip_mu0p2,8,13,Descending stairs,fedprox,0.4618435480879767,0.2597769651333874,0.45338407175863005,FedProx,2.0
124,0.1,labelflip_mu0p2,8,13,Descending stairs,random_trimmed_mean,0.384406173678999,0.21807241337611696,0.4221805943611887,Random Trimmed Mean,5.0
125,0.1,labelflip_mu0p2,8,13,Descending stairs,tea_fl,0.41115783048008314,0.233886500039411,0.4477487493051695,TEA-FL,4.0
126,0.1,labelflip_mu0p2,9,16,Vacuum cleaning,arl_fl,0.5158764241023499,0.2940328997561887,0.6754381403089085,ARL-FL,4.0
127,0.1,labelflip_mu0p2,9,16,Vacuum cleaning,fedavg,0.5991089930192253,0.24474377607054432,0.6968944099378882,FedAvg,1.0
128,0.1,labelflip_mu0p2,9,16,Vacuum cleaning,fedle_adapted,0.5898173118306169,0.27276578284722414,0.6609191315889268,FedLE-adapted,2.0
129,0.1,labelflip_mu0p2,9,16,Vacuum cleaning,fedprox,0.5494957557267022,0.29652281815469206,0.6833721833721833,FedProx,3.0
130,0.1,labelflip_mu0p2,9,16,Vacuum cleaning,random_trimmed_mean,0.3920605643907335,0.2786221384944091,0.4689030538749639,Random Trimmed Mean,6.0
131,0.1,labelflip_mu0p2,9,16,Vacuum cleaning,tea_fl,0.40298010684090285,0.29704776689128676,0.576400899342788,TEA-FL,5.0
132,0.1,labelflip_mu0p2,10,17,Ironing,arl_fl,0.632485461050297,0.14011292709195358,0.6203173917737235,ARL-FL,1.0
133,0.1,labelflip_mu0p2,10,17,Ironing,fedavg,0.5334201441815642,0.3457715298903339,0.7059940459640723,FedAvg,3.0
134,0.1,labelflip_mu0p2,10,17,Ironing,fedle_adapted,0.506315965871733,0.28508887615487777,0.5836626804165879,FedLE-adapted,5.0
135,0.1,labelflip_mu0p2,10,17,Ironing,fedprox,0.5185458735061335,0.35467582004423437,0.6961305834545272,FedProx,4.0
136,0.1,labelflip_mu0p2,10,17,Ironing,random_trimmed_mean,0.4101296149708379,0.3438209492709425,0.610244475285577,Random Trimmed Mean,6.0
137,0.1,labelflip_mu0p2,10,17,Ironing,tea_fl,0.571111829479417,0.256376860357336,0.669297112009312,TEA-FL,2.0
138,0.1,labelflip_mu0p2,11,24,Rope jumping,arl_fl,0.0,0.0,0.0,ARL-FL,6.0
139,0.1,labelflip_mu0p2,11,24,Rope jumping,fedavg,0.3948111477038788,0.4248824477628076,0.33663366336633666,FedAvg,2.0
140,0.1,labelflip_mu0p2,11,24,Rope jumping,fedle_adapted,0.21632931433442942,0.355976535641521,0.0,FedLE-adapted,3.0
141,0.1,labelflip_mu0p2,11,24,Rope jumping,fedprox,0.4106225169848252,0.40938747438119477,0.40863422291993723,FedProx,1.0
142,0.1,labelflip_mu0p2,11,24,Rope jumping,random_trimmed_mean,0.07244759972954698,0.15950312281191956,0.0,Random Trimmed Mean,5.0
143,0.1,labelflip_mu0p2,11,24,Rope jumping,tea_fl,0.09254108723135271,0.2017136455817991,0.0,TEA-FL,4.0
144,0.1,labelflip_mu0p4,0,1,Lying,arl_fl,0.09136156585804822,0.16118365532667614,0.0,ARL-FL,4.0
145,0.1,labelflip_mu0p4,0,1,Lying,fedavg,0.31471796050342776,0.41617185119776107,0.0,FedAvg,1.0
146,0.1,labelflip_mu0p4,0,1,Lying,fedle_adapted,0.1718446791293532,0.3464131883275569,0.0,FedLE-adapted,3.0
147,0.1,labelflip_mu0p4,0,1,Lying,fedprox,0.29263268481254745,0.38804183664506525,0.00469483568075115,FedProx,2.0
148,0.1,labelflip_mu0p4,0,1,Lying,random_trimmed_mean,0.0672650155267742,0.2021625913255912,0.0,Random Trimmed Mean,6.0
149,0.1,labelflip_mu0p4,0,1,Lying,tea_fl,0.07479573487517875,0.22150846806072835,0.0,TEA-FL,5.0
150,0.1,labelflip_mu0p4,1,2,Sitting,arl_fl,0.1423438304342366,0.2034413051486272,0.01058201058201055,ARL-FL,3.0
151,0.1,labelflip_mu0p4,1,2,Sitting,fedavg,0.16610387487275874,0.19529087402736722,0.08598976780794955,FedAvg,2.0
152,0.1,labelflip_mu0p4,1,2,Sitting,fedle_adapted,0.10811613117933876,0.2145838276740666,0.00799168152109325,FedLE-adapted,6.0
153,0.1,labelflip_mu0p4,1,2,Sitting,fedprox,0.12990623073196933,0.17609822121452662,0.043623391222556096,FedProx,4.0
154,0.1,labelflip_mu0p4,1,2,Sitting,random_trimmed_mean,0.1103292181821579,0.1736936048941975,0.0053475935828877,Random Trimmed Mean,5.0
155,0.1,labelflip_mu0p4,1,2,Sitting,tea_fl,0.18244949651697012,0.21024235523027662,0.0728744939271255,TEA-FL,1.0
156,0.1,labelflip_mu0p4,2,3,Standing,arl_fl,0.22167542356684308,0.22795133158326505,0.1876734077316727,ARL-FL,6.0
157,0.1,labelflip_mu0p4,2,3,Standing,fedavg,0.3059615512385362,0.2153121033019197,0.3839080459770115,FedAvg,3.0
158,0.1,labelflip_mu0p4,2,3,Standing,fedle_adapted,0.33622933829097507,0.20257611352978813,0.40607122113581845,FedLE-adapted,2.0
159,0.1,labelflip_mu0p4,2,3,Standing,fedprox,0.3578889612149214,0.18938738130621313,0.40623580965550743,FedProx,1.0
160,0.1,labelflip_mu0p4,2,3,Standing,random_trimmed_mean,0.26676901066517433,0.17997957231294628,0.3343584193834453,Random Trimmed Mean,5.0
161,0.1,labelflip_mu0p4,2,3,Standing,tea_fl,0.270924348771561,0.15468811173853375,0.3151632302405498,TEA-FL,4.0
162,0.1,labelflip_mu0p4,3,4,Walking,arl_fl,0.48821434247782297,0.44305169388764104,0.4606043574080374,ARL-FL,4.0
163,0.1,labelflip_mu0p4,3,4,Walking,fedavg,0.583160649278786,0.4050982276979078,0.7339860064001735,FedAvg,3.0
164,0.1,labelflip_mu0p4,3,4,Walking,fedle_adapted,0.42167010109929326,0.389893933279992,0.47285067873303166,FedLE-adapted,5.0
165,0.1,labelflip_mu0p4,3,4,Walking,fedprox,0.5939116310689434,0.40738529171322607,0.7718136833457518,FedProx,2.0
166,0.1,labelflip_mu0p4,3,4,Walking,random_trimmed_mean,0.6179674057503134,0.38737731865868213,0.7607411484131352,Random Trimmed Mean,1.0
167,0.1,labelflip_mu0p4,3,4,Walking,tea_fl,0.37921051567704445,0.4899241184582229,0.0,TEA-FL,6.0
168,0.1,labelflip_mu0p4,4,5,Running,arl_fl,0.11564863361892579,0.23232645028998047,0.0,ARL-FL,6.0
169,0.1,labelflip_mu0p4,4,5,Running,fedavg,0.3221740881886081,0.3827881465036337,0.09623108345213291,FedAvg,2.0
170,0.1,labelflip_mu0p4,4,5,Running,fedle_adapted,0.1579202287054761,0.2997602729859512,0.0,FedLE-adapted,5.0
171,0.1,labelflip_mu0p4,4,5,Running,fedprox,0.31063500479484085,0.3585567787168652,0.1159090909090909,FedProx,3.0
172,0.1,labelflip_mu0p4,4,5,Running,random_trimmed_mean,0.30214186824133377,0.35344466800198066,0.1052128435031646,Random Trimmed Mean,4.0
173,0.1,labelflip_mu0p4,4,5,Running,tea_fl,0.351285464149406,0.35684970544960726,0.2516754609708133,TEA-FL,1.0
174,0.1,labelflip_mu0p4,5,6,Cycling,arl_fl,0.5310863373476415,0.3119657264020853,0.6185034611581145,ARL-FL,3.0
175,0.1,labelflip_mu0p4,5,6,Cycling,fedavg,0.5918389534404316,0.2799167161295169,0.6981248944197309,FedAvg,1.0
176,0.1,labelflip_mu0p4,5,6,Cycling,fedle_adapted,0.5048159626435262,0.30551557514113675,0.5696623214022685,FedLE-adapted,5.0
177,0.1,labelflip_mu0p4,5,6,Cycling,fedprox,0.5815936067076701,0.3366211087423154,0.657577188989565,FedProx,2.0
178,0.1,labelflip_mu0p4,5,6,Cycling,random_trimmed_mean,0.5192519158511903,0.31451400167296006,0.6027254060108269,Random Trimmed Mean,4.0
179,0.1,labelflip_mu0p4,5,6,Cycling,tea_fl,0.46064249534593105,0.28690529541127446,0.4662022484637386,TEA-FL,6.0
180,0.1,labelflip_mu0p4,6,7,Nordic walking,arl_fl,0.4309878544328967,0.47613029529028295,0.2409972299168975,ARL-FL,5.0
181,0.1,labelflip_mu0p4,6,7,Nordic walking,fedavg,0.4962284041186754,0.40818652492718,0.46747461513265637,FedAvg,4.0
182,0.1,labelflip_mu0p4,6,7,Nordic walking,fedle_adapted,0.32358677805713265,0.4116310043606693,0.0700636942675159,FedLE-adapted,6.0
183,0.1,labelflip_mu0p4,6,7,Nordic walking,fedprox,0.5912358125801627,0.36621085615165117,0.6734006734006734,FedProx,1.0
184,0.1,labelflip_mu0p4,6,7,Nordic walking,random_trimmed_mean,0.56560018756591,0.3666244736080145,0.6737022737022738,Random Trimmed Mean,2.0
185,0.1,labelflip_mu0p4,6,7,Nordic walking,tea_fl,0.5227825078363499,0.3906930964365169,0.5871659076549727,TEA-FL,3.0
186,0.1,labelflip_mu0p4,7,12,Ascending stairs,arl_fl,0.34458695236047154,0.2504407674704706,0.3619499754443707,ARL-FL,3.0
187,0.1,labelflip_mu0p4,7,12,Ascending stairs,fedavg,0.3774662858587556,0.23622474794751366,0.4041022336769759,FedAvg,2.0
188,0.1,labelflip_mu0p4,7,12,Ascending stairs,fedle_adapted,0.27291302005284523,0.18610447014359344,0.29998316498316496,FedLE-adapted,5.0
189,0.1,labelflip_mu0p4,7,12,Ascending stairs,fedprox,0.37824382588037925,0.24183960006508595,0.39838591342626556,FedProx,1.0
190,0.1,labelflip_mu0p4,7,12,Ascending stairs,random_trimmed_mean,0.309658053109607,0.2319389701006531,0.2687214865917436,Random Trimmed Mean,4.0
191,0.1,labelflip_mu0p4,7,12,Ascending stairs,tea_fl,0.22031747638326588,0.31082593121193186,0.0126785714285714,TEA-FL,6.0
192,0.1,labelflip_mu0p4,8,13,Descending stairs,arl_fl,0.24022579597180962,0.26433099024219747,0.099052899052899,ARL-FL,6.0
193,0.1,labelflip_mu0p4,8,13,Descending stairs,fedavg,0.46626688080261447,0.26787218767384524,0.5756411748729291,FedAvg,1.0
194,0.1,labelflip_mu0p4,8,13,Descending stairs,fedle_adapted,0.33994092856825553,0.2804049701183877,0.33918764302059495,FedLE-adapted,4.0
195,0.1,labelflip_mu0p4,8,13,Descending stairs,fedprox,0.45268158508100564,0.2189280971105914,0.5443668993020937,FedProx,2.0
196,0.1,labelflip_mu0p4,8,13,Descending stairs,random_trimmed_mean,0.2740862097782546,0.2782703834126735,0.24329004329004325,Random Trimmed Mean,5.0
197,0.1,labelflip_mu0p4,8,13,Descending stairs,tea_fl,0.3558442955042743,0.29662174984324297,0.37150349650349646,TEA-FL,3.0
198,0.1,labelflip_mu0p4,9,16,Vacuum cleaning,arl_fl,0.31850622365571185,0.27505224203194634,0.26791124386601234,ARL-FL,5.0
199,0.1,labelflip_mu0p4,9,16,Vacuum cleaning,fedavg,0.3893890185293767,0.3594878890037783,0.40267979994321534,FedAvg,2.0
200,0.1,labelflip_mu0p4,9,16,Vacuum cleaning,fedle_adapted,0.3248523595570219,0.2955986958806696,0.21531555707350394,FedLE-adapted,4.0
201,0.1,labelflip_mu0p4,9,16,Vacuum cleaning,fedprox,0.41437358546380815,0.320521820709963,0.3685387007361634,FedProx,1.0
202,0.1,labelflip_mu0p4,9,16,Vacuum cleaning,random_trimmed_mean,0.34586104273753604,0.3163026064814636,0.3672747580044676,Random Trimmed Mean,3.0
203,0.1,labelflip_mu0p4,9,16,Vacuum cleaning,tea_fl,0.21916243592052012,0.23861226000219637,0.17249474086823485,TEA-FL,6.0
204,0.1,labelflip_mu0p4,10,17,Ironing,arl_fl,0.17908934830793902,0.24306529236601107,0.06114138946313345,ARL-FL,6.0
205,0.1,labelflip_mu0p4,10,17,Ironing,fedavg,0.4359958982473053,0.34875942770873486,0.605101246105919,FedAvg,2.0
206,0.1,labelflip_mu0p4,10,17,Ironing,fedle_adapted,0.49578646589280406,0.2702479384149575,0.5521821631878558,FedLE-adapted,1.0
207,0.1,labelflip_mu0p4,10,17,Ironing,fedprox,0.4339499765959521,0.3397007842980879,0.605044567799098,FedProx,3.0
208,0.1,labelflip_mu0p4,10,17,Ironing,random_trimmed_mean,0.19784229136689407,0.2655174594510397,0.056182151416889856,Random Trimmed Mean,5.0
209,0.1,labelflip_mu0p4,10,17,Ironing,tea_fl,0.23182328773157565,0.28091620690035785,0.08176100628930814,TEA-FL,4.0
210,0.1,labelflip_mu0p4,11,24,Rope jumping,arl_fl,0.006252434748733921,0.013210120862014455,0.0,ARL-FL,3.0
211,0.1,labelflip_mu0p4,11,24,Rope jumping,fedavg,0.08541666666666667,0.2701112168060491,0.0,FedAvg,2.0
212,0.1,labelflip_mu0p4,11,24,Rope jumping,fedle_adapted,0.00497512437810945,0.015732724677454617,0.0,FedLE-adapted,4.0
213,0.1,labelflip_mu0p4,11,24,Rope jumping,fedprox,0.2004032916768766,0.3401232575574882,0.0,FedProx,1.0
214,0.1,labelflip_mu0p4,11,24,Rope jumping,random_trimmed_mean,0.0,0.0,0.0,Random Trimmed Mean,5.5
215,0.1,labelflip_mu0p4,11,24,Rope jumping,tea_fl,0.0,0.0,0.0,TEA-FL,5.5
216,0.1,signflip_mu0p2,0,1,Lying,arl_fl,0.4273136020888872,0.3755457972203806,0.3782823870070308,ARL-FL,1.0
217,0.1,signflip_mu0p2,0,1,Lying,fedavg,0.04946053804630844,0.11199137235676883,0.0,FedAvg,4.0
218,0.1,signflip_mu0p2,0,1,Lying,fedle_adapted,0.04362680683311432,0.1379600766328386,0.0,FedLE-adapted,5.0
219,0.1,signflip_mu0p2,0,1,Lying,fedprox,0.037868480725623585,0.11975065062315632,0.0,FedProx,6.0
220,0.1,signflip_mu0p2,0,1,Lying,random_trimmed_mean,0.11073907717435687,0.2656489525385578,0.0,Random Trimmed Mean,3.0
221,0.1,signflip_mu0p2,0,1,Lying,tea_fl,0.3763950460122709,0.37049621920040493,0.37962962962962965,TEA-FL,2.0
222,0.1,signflip_mu0p2,1,2,Sitting,arl_fl,0.13595889779190404,0.1712861416350416,0.0161290322580645,ARL-FL,2.0
223,0.1,signflip_mu0p2,1,2,Sitting,fedavg,0.0,0.0,0.0,FedAvg,5.5
224,0.1,signflip_mu0p2,1,2,Sitting,fedle_adapted,0.03209393346379647,0.10148992881949395,0.0,FedLE-adapted,4.0
225,0.1,signflip_mu0p2,1,2,Sitting,fedprox,0.0,0.0,0.0,FedProx,5.5
226,0.1,signflip_mu0p2,1,2,Sitting,random_trimmed_mean,0.2587663089088791,0.20231344818608424,0.3844926236352952,Random Trimmed Mean,1.0
227,0.1,signflip_mu0p2,1,2,Sitting,tea_fl,0.056756121635354796,0.13435835055576073,0.0,TEA-FL,3.0
228,0.1,signflip_mu0p2,2,3,Standing,arl_fl,0.1736392570707739,0.245570109527714,0.0,ARL-FL,2.0
229,0.1,signflip_mu0p2,2,3,Standing,fedavg,0.0,0.0,0.0,FedAvg,5.0
230,0.1,signflip_mu0p2,2,3,Standing,fedle_adapted,0.0,0.0,0.0,FedLE-adapted,5.0
231,0.1,signflip_mu0p2,2,3,Standing,fedprox,0.0,0.0,0.0,FedProx,5.0
232,0.1,signflip_mu0p2,2,3,Standing,random_trimmed_mean,0.03791666666666666,0.11990302794805102,0.0,Random Trimmed Mean,3.0
233,0.1,signflip_mu0p2,2,3,Standing,tea_fl,0.31305091109957667,0.1955500699556696,0.35904961375258404,TEA-FL,1.0
234,0.1,signflip_mu0p2,3,4,Walking,arl_fl,0.596318322862623,0.34335598738590406,0.6641834412742866,ARL-FL,2.0
235,0.1,signflip_mu0p2,3,4,Walking,fedavg,0.06480998915393402,0.10437850944320881,0.0,FedAvg,5.0
236,0.1,signflip_mu0p2,3,4,Walking,fedle_adapted,0.035147058823529406,0.11114475893827097,0.0,FedLE-adapted,6.0
237,0.1,signflip_mu0p2,3,4,Walking,fedprox,0.06585450235448634,0.14954455512056,0.0,FedProx,4.0
238,0.1,signflip_mu0p2,3,4,Walking,random_trimmed_mean,0.5833919188343265,0.28254830435227707,0.6431005360945876,Random Trimmed Mean,3.0
239,0.1,signflip_mu0p2,3,4,Walking,tea_fl,0.6461638489084808,0.35369741594424886,0.7400276880479926,TEA-FL,1.0
240,0.1,signflip_mu0p2,4,5,Running,arl_fl,0.2572518178680193,0.4162560060029272,0.0,ARL-FL,3.0
241,0.1,signflip_mu0p2,4,5,Running,fedavg,0.0,0.0,0.0,FedAvg,6.0
242,0.1,signflip_mu0p2,4,5,Running,fedle_adapted,0.024064711830131442,0.07609930061881437,0.0,FedLE-adapted,5.0
243,0.1,signflip_mu0p2,4,5,Running,fedprox,0.03,0.09486832980505139,0.0,FedProx,4.0
244,0.1,signflip_mu0p2,4,5,Running,random_trimmed_mean,0.40086567796596906,0.40895404466879065,0.37832532616122067,Random Trimmed Mean,2.0
245,0.1,signflip_mu0p2,4,5,Running,tea_fl,0.6421512060833418,0.4450300095174962,0.9022357723577236,TEA-FL,1.0
246,0.1,signflip_mu0p2,5,6,Cycling,arl_fl,0.560854639669469,0.33178759093917376,0.6890784661118308,ARL-FL,2.0
247,0.1,signflip_mu0p2,5,6,Cycling,fedavg,0.055421686746987955,0.17525876188884995,0.0,FedAvg,5.0
248,0.1,signflip_mu0p2,5,6,Cycling,fedle_adapted,0.0234206471494607,0.0740625892674258,0.0,FedLE-adapted,6.0
249,0.1,signflip_mu0p2,5,6,Cycling,fedprox,0.05647058823529412,0.17857567963303786,0.0,FedProx,4.0
250,0.1,signflip_mu0p2,5,6,Cycling,random_trimmed_mean,0.48303937868039537,0.36972958070622064,0.5989959300343154,Random Trimmed Mean,3.0
251,0.1,signflip_mu0p2,5,6,Cycling,tea_fl,0.6826299029201115,0.2636447138342541,0.705224851542444,TEA-FL,1.0
252,0.1,signflip_mu0p2,6,7,Nordic walking,arl_fl,0.3950927933378566,0.35067559836720313,0.4537360890302067,ARL-FL,3.0
253,0.1,signflip_mu0p2,6,7,Nordic walking,fedavg,0.0,0.0,0.0,FedAvg,6.0
254,0.1,signflip_mu0p2,6,7,Nordic walking,fedle_adapted,0.07663978392234558,0.13459284643699682,0.0,FedLE-adapted,4.0
255,0.1,signflip_mu0p2,6,7,Nordic walking,fedprox,0.02037037037037037,0.06441676715157808,0.0,FedProx,5.0
256,0.1,signflip_mu0p2,6,7,Nordic walking,random_trimmed_mean,0.4236659062800724,0.27745736896152595,0.47837471475102883,Random Trimmed Mean,2.0
257,0.1,signflip_mu0p2,6,7,Nordic walking,tea_fl,0.622682646735409,0.3253143703282658,0.7089707057825724,TEA-FL,1.0
258,0.1,signflip_mu0p2,7,12,Ascending stairs,arl_fl,0.4368104433280239,0.2778048703034792,0.4727166417307262,ARL-FL,2.0
259,0.1,signflip_mu0p2,7,12,Ascending stairs,fedavg,0.01178762786166585,0.03727575225332428,0.0,FedAvg,6.0
260,0.1,signflip_mu0p2,7,12,Ascending stairs,fedle_adapted,0.02333932086392318,0.04506924267495759,0.0,FedLE-adapted,5.0
261,0.1,signflip_mu0p2,7,12,Ascending stairs,fedprox,0.02353932086392318,0.0450473484657992,0.0,FedProx,4.0
262,0.1,signflip_mu0p2,7,12,Ascending stairs,random_trimmed_mean,0.36412148239572295,0.31187912028756687,0.47481920134157846,Random Trimmed Mean,3.0
263,0.1,signflip_mu0p2,7,12,Ascending stairs,tea_fl,0.46188306670121626,0.2826290011074023,0.548898355549448,TEA-FL,1.0
264,0.1,signflip_mu0p2,8,13,Descending stairs,arl_fl,0.27677317741683016,0.2503067988037378,0.31848264729620657,ARL-FL,2.0
265,0.1,signflip_mu0p2,8,13,Descending stairs,fedavg,0.01428571428571428,0.045175395145262545,0.0,FedAvg,4.0
266,0.1,signflip_mu0p2,8,13,Descending stairs,fedle_adapted,0.0,0.0,0.0,FedLE-adapted,6.0
267,0.1,signflip_mu0p2,8,13,Descending stairs,fedprox,0.01387066541705717,0.043862895380030006,0.0,FedProx,5.0
268,0.1,signflip_mu0p2,8,13,Descending stairs,random_trimmed_mean,0.24406747436081858,0.22599626575425197,0.2863120624446769,Random Trimmed Mean,3.0
269,0.1,signflip_mu0p2,8,13,Descending stairs,tea_fl,0.41032542789050896,0.2769054455016509,0.47122837234792136,TEA-FL,1.0
270,0.1,signflip_mu0p2,9,16,Vacuum cleaning,arl_fl,0.34609814569379915,0.2506576892493787,0.4361890881439706,ARL-FL,2.0
271,0.1,signflip_mu0p2,9,16,Vacuum cleaning,fedavg,0.0,0.0,0.0,FedAvg,5.5
272,0.1,signflip_mu0p2,9,16,Vacuum cleaning,fedle_adapted,0.01687203791469194,0.05335406857914421,0.0,FedLE-adapted,4.0
273,0.1,signflip_mu0p2,9,16,Vacuum cleaning,fedprox,0.0,0.0,0.0,FedProx,5.5
274,0.1,signflip_mu0p2,9,16,Vacuum cleaning,random_trimmed_mean,0.2997130224751108,0.28146531544595116,0.3258242682516541,Random Trimmed Mean,3.0
275,0.1,signflip_mu0p2,9,16,Vacuum cleaning,tea_fl,0.34735193527396724,0.33814409198879297,0.35595593726661684,TEA-FL,1.0
276,0.1,signflip_mu0p2,10,17,Ironing,arl_fl,0.48299682594676996,0.31375800584181474,0.6246760196854111,ARL-FL,2.0
277,0.1,signflip_mu0p2,10,17,Ironing,fedavg,0.09738889768194962,0.1303537734739563,0.0,FedAvg,6.0
278,0.1,signflip_mu0p2,10,17,Ironing,fedle_adapted,0.12978225291122844,0.22018107410554713,0.0,FedLE-adapted,4.0
279,0.1,signflip_mu0p2,10,17,Ironing,fedprox,0.10611757957986837,0.14218656928862525,0.0,FedProx,5.0
280,0.1,signflip_mu0p2,10,17,Ironing,random_trimmed_mean,0.2306910324503307,0.35920347028196636,0.010678690080683399,Random Trimmed Mean,3.0
281,0.1,signflip_mu0p2,10,17,Ironing,tea_fl,0.528722069879904,0.33189748045857154,0.7231994415889333,TEA-FL,1.0
282,0.1,signflip_mu0p2,11,24,Rope jumping,arl_fl,0.02843601895734597,0.08992258749293969,0.0,ARL-FL,2.0
283,0.1,signflip_mu0p2,11,24,Rope jumping,fedavg,0.01896733403582718,0.05997997669444765,0.0,FedAvg,4.0
284,0.1,signflip_mu0p2,11,24,Rope jumping,fedle_adapted,0.0,0.0,0.0,FedLE-adapted,6.0
285,0.1,signflip_mu0p2,11,24,Rope jumping,fedprox,0.01924324324324324,0.06085247821729421,0.0,FedProx,3.0
286,0.1,signflip_mu0p2,11,24,Rope jumping,random_trimmed_mean,0.01123595505617977,0.03553120966481323,0.0,Random Trimmed Mean,5.0
287,0.1,signflip_mu0p2,11,24,Rope jumping,tea_fl,0.1032113013510834,0.22778473175851427,0.0,TEA-FL,1.0
288,0.1,signflip_mu0p4,0,1,Lying,arl_fl,0.016403785488958992,0.051873324393929256,0.0,ARL-FL,5.0
289,0.1,signflip_mu0p4,0,1,Lying,fedavg,0.01690013556258472,0.05344292114337883,0.0,FedAvg,3.5
290,0.1,signflip_mu0p4,0,1,Lying,fedle_adapted,0.0,0.0,0.0,FedLE-adapted,6.0
291,0.1,signflip_mu0p4,0,1,Lying,fedprox,0.01690013556258472,0.05344292114337883,0.0,FedProx,3.5
292,0.1,signflip_mu0p4,0,1,Lying,random_trimmed_mean,0.04407962646755226,0.09665143588565336,0.0,Random Trimmed Mean,2.0
293,0.1,signflip_mu0p4,0,1,Lying,tea_fl,0.22725117391677835,0.3272939605130379,0.0,TEA-FL,1.0
294,0.1,signflip_mu0p4,1,2,Sitting,arl_fl,0.04139650872817955,0.13090725476008752,0.0,ARL-FL,2.0
295,0.1,signflip_mu0p4,1,2,Sitting,fedavg,0.03260686617304263,0.06880900672953075,0.0,FedAvg,3.0
296,0.1,signflip_mu0p4,1,2,Sitting,fedle_adapted,0.0,0.0,0.0,FedLE-adapted,6.0
297,0.1,signflip_mu0p4,1,2,Sitting,fedprox,0.01695075757575757,0.053603002004748074,0.0,FedProx,5.0
298,0.1,signflip_mu0p4,1,2,Sitting,random_trimmed_mean,0.01728633510381458,0.05466419132497728,0.0,Random Trimmed Mean,4.0
299,0.1,signflip_mu0p4,1,2,Sitting,tea_fl,0.08254434717030626,0.17482826667837234,0.0,TEA-FL,1.0
300,0.1,signflip_mu0p4,2,3,Standing,arl_fl,0.017813383600377,0.05633086501148197,0.0,ARL-FL,3.0
301,0.1,signflip_mu0p4,2,3,Standing,fedavg,0.0,0.0,0.0,FedAvg,5.5
302,0.1,signflip_mu0p4,2,3,Standing,fedle_adapted,0.01755965781179649,0.0555285136184452,0.0,FedLE-adapted,4.0
303,0.1,signflip_mu0p4,2,3,Standing,fedprox,0.0,0.0,0.0,FedProx,5.5
304,0.1,signflip_mu0p4,2,3,Standing,random_trimmed_mean,0.026639344262295077,0.08424100324219042,0.0,Random Trimmed Mean,2.0
305,0.1,signflip_mu0p4,2,3,Standing,tea_fl,0.2050749074623993,0.1691741818242525,0.21433803240856864,TEA-FL,1.0
306,0.1,signflip_mu0p4,3,4,Walking,arl_fl,0.0,0.0,0.0,ARL-FL,4.5
307,0.1,signflip_mu0p4,3,4,Walking,fedavg,0.02209606986899563,0.06987390812424453,0.0,FedAvg,2.0
308,0.1,signflip_mu0p4,3,4,Walking,fedle_adapted,0.0,0.0,0.0,FedLE-adapted,4.5
309,0.1,signflip_mu0p4,3,4,Walking,fedprox,0.0,0.0,0.0,FedProx,4.5
310,0.1,signflip_mu0p4,3,4,Walking,random_trimmed_mean,0.0,0.0,0.0,Random Trimmed Mean,4.5
311,0.1,signflip_mu0p4,3,4,Walking,tea_fl,0.5613037983631337,0.4022112824000067,0.6869143982248336,TEA-FL,1.0
312,0.1,signflip_mu0p4,4,5,Running,arl_fl,0.02288422477995937,0.07236627279193716,0.0,ARL-FL,3.0
313,0.1,signflip_mu0p4,4,5,Running,fedavg,0.0,0.0,0.0,FedAvg,5.0
314,0.1,signflip_mu0p4,4,5,Running,fedle_adapted,0.0,0.0,0.0,FedLE-adapted,5.0
315,0.1,signflip_mu0p4,4,5,Running,fedprox,0.0,0.0,0.0,FedProx,5.0
316,0.1,signflip_mu0p4,4,5,Running,random_trimmed_mean,0.026214689265536724,0.0828981262326626,0.0,Random Trimmed Mean,2.0
317,0.1,signflip_mu0p4,4,5,Running,tea_fl,0.4863807981109072,0.40791132026005394,0.6585501585501585,TEA-FL,1.0
318,0.1,signflip_mu0p4,5,6,Cycling,arl_fl,0.06903883503940694,0.08917283972238615,0.0,ARL-FL,2.0
319,0.1,signflip_mu0p4,5,6,Cycling,fedavg,0.05123307964372349,0.08251396414781467,0.0,FedAvg,3.5
320,0.1,signflip_mu0p4,5,6,Cycling,fedle_adapted,0.01662315056570931,0.05256701767555791,0.0,FedLE-adapted,5.5
321,0.1,signflip_mu0p4,5,6,Cycling,fedprox,0.05123307964372349,0.08251396414781467,0.0,FedProx,3.5
322,0.1,signflip_mu0p4,5,6,Cycling,random_trimmed_mean,0.01662315056570931,0.05256701767555791,0.0,Random Trimmed Mean,5.5
323,0.1,signflip_mu0p4,5,6,Cycling,tea_fl,0.49682515282641787,0.4388435127994191,0.6962745098039216,TEA-FL,1.0
324,0.1,signflip_mu0p4,6,7,Nordic walking,arl_fl,0.02129202935654548,0.06415834516611234,0.0,ARL-FL,5.0
325,0.1,signflip_mu0p4,6,7,Nordic walking,fedavg,0.03925690550363447,0.0827715492844057,0.0,FedAvg,4.0
326,0.1,signflip_mu0p4,6,7,Nordic walking,fedle_adapted,0.01934579439252336,0.06117677342568733,0.0,FedLE-adapted,6.0
327,0.1,signflip_mu0p4,6,7,Nordic walking,fedprox,0.059627275874004834,0.0960395111149223,0.0,FedProx,3.0
328,0.1,signflip_mu0p4,6,7,Nordic walking,random_trimmed_mean,0.07770917192164473,0.1373396851294714,0.0,Random Trimmed Mean,2.0
329,0.1,signflip_mu0p4,6,7,Nordic walking,tea_fl,0.4498018241246614,0.2844105345909371,0.4828228744752076,TEA-FL,1.0
330,0.1,signflip_mu0p4,7,12,Ascending stairs,arl_fl,0.0,0.0,0.0,ARL-FL,4.5
331,0.1,signflip_mu0p4,7,12,Ascending stairs,fedavg,0.0,0.0,0.0,FedAvg,4.5
332,0.1,signflip_mu0p4,7,12,Ascending stairs,fedle_adapted,0.018167768652375533,0.038430176796968515,0.0,FedLE-adapted,2.0
333,0.1,signflip_mu0p4,7,12,Ascending stairs,fedprox,0.0,0.0,0.0,FedProx,4.5
334,0.1,signflip_mu0p4,7,12,Ascending stairs,random_trimmed_mean,0.0,0.0,0.0,Random Trimmed Mean,4.5
335,0.1,signflip_mu0p4,7,12,Ascending stairs,tea_fl,0.2454855419530265,0.3230863540423822,0.12096774193548385,TEA-FL,1.0
336,0.1,signflip_mu0p4,8,13,Descending stairs,arl_fl,0.0,0.0,0.0,ARL-FL,5.0
337,0.1,signflip_mu0p4,8,13,Descending stairs,fedavg,0.0,0.0,0.0,FedAvg,5.0
338,0.1,signflip_mu0p4,8,13,Descending stairs,fedle_adapted,0.0,0.0,0.0,FedLE-adapted,5.0
339,0.1,signflip_mu0p4,8,13,Descending stairs,fedprox,0.010687732342007431,0.03379757722298917,0.0,FedProx,3.0
340,0.1,signflip_mu0p4,8,13,Descending stairs,random_trimmed_mean,0.022192151556156968,0.07017774509710613,0.0,Random Trimmed Mean,2.0
341,0.1,signflip_mu0p4,8,13,Descending stairs,tea_fl,0.18670242461060418,0.17753819848918653,0.17505913440023865,TEA-FL,1.0
342,0.1,signflip_mu0p4,9,16,Vacuum cleaning,arl_fl,0.0,0.0,0.0,ARL-FL,5.0
343,0.1,signflip_mu0p4,9,16,Vacuum cleaning,fedavg,0.0,0.0,0.0,FedAvg,5.0
344,0.1,signflip_mu0p4,9,16,Vacuum cleaning,fedle_adapted,0.06386282728435196,0.0827004662000418,0.0,FedLE-adapted,2.0
345,0.1,signflip_mu0p4,9,16,Vacuum cleaning,fedprox,0.0,0.0,0.0,FedProx,5.0
346,0.1,signflip_mu0p4,9,16,Vacuum cleaning,random_trimmed_mean,0.023989218328840968,0.07586056920619562,0.0,Random Trimmed Mean,3.0
347,0.1,signflip_mu0p4,9,16,Vacuum cleaning,tea_fl,0.39423214916754634,0.2640042487197835,0.35680101186203117,TEA-FL,1.0
348,0.1,signflip_mu0p4,10,17,Ironing,arl_fl,0.044179268044921546,0.09315242380491583,0.0,ARL-FL,2.0
349,0.1,signflip_mu0p4,10,17,Ironing,fedavg,0.02174280879864636,0.06875679853327187,0.0,FedAvg,4.5
350,0.1,signflip_mu0p4,10,17,Ironing,fedle_adapted,0.01981424148606811,0.0626581332045747,0.0,FedLE-adapted,6.0
351,0.1,signflip_mu0p4,10,17,Ironing,fedprox,0.02174280879864636,0.06875679853327187,0.0,FedProx,4.5
352,0.1,signflip_mu0p4,10,17,Ironing,random_trimmed_mean,0.03974142378528228,0.08465081378869316,0.0,Random Trimmed Mean,3.0
353,0.1,signflip_mu0p4,10,17,Ironing,tea_fl,0.5406628896830636,0.30157996565815637,0.6732913956711803,TEA-FL,1.0
354,0.1,signflip_mu0p4,11,24,Rope jumping,arl_fl,0.0,0.0,0.0,ARL-FL,4.0
355,0.1,signflip_mu0p4,11,24,Rope jumping,fedavg,0.0,0.0,0.0,FedAvg,4.0
356,0.1,signflip_mu0p4,11,24,Rope jumping,fedle_adapted,0.0,0.0,0.0,FedLE-adapted,4.0
357,0.1,signflip_mu0p4,11,24,Rope jumping,fedprox,0.0,0.0,0.0,FedProx,4.0
358,0.1,signflip_mu0p4,11,24,Rope jumping,random_trimmed_mean,0.0,0.0,0.0,Random Trimmed Mean,4.0
359,0.1,signflip_mu0p4,11,24,Rope jumping,tea_fl,0.10635748792270532,0.2698358853292064,0.0,TEA-FL,1.0
360,1.0,clean,0,1,Lying,arl_fl,0.9055648433916718,0.053820992630449406,0.9126071884692575,ARL-FL,4.0
361,1.0,clean,0,1,Lying,fedavg,0.908217957061801,0.05783971560813234,0.9310253699788582,FedAvg,2.0
362,1.0,clean,0,1,Lying,fedle_adapted,0.9115660384824631,0.049518975838030305,0.9181125004038642,FedLE-adapted,1.0
363,1.0,clean,0,1,Lying,fedprox,0.9057205595173083,0.059879232552518744,0.9187214611872145,FedProx,3.0
364,1.0,clean,0,1,Lying,random_trimmed_mean,0.8898670434489524,0.08326771986894586,0.9138697416736454,Random Trimmed Mean,5.0
365,1.0,clean,0,1,Lying,tea_fl,0.8313391897288298,0.22141844718728312,0.8978644986449864,TEA-FL,6.0
366,1.0,clean,1,2,Sitting,arl_fl,0.4945891325002596,0.18071475037872345,0.548408768223846,ARL-FL,1.0
367,1.0,clean,1,2,Sitting,fedavg,0.4508797281009834,0.17823122353981283,0.4672315038168696,FedAvg,2.0
368,1.0,clean,1,2,Sitting,fedle_adapted,0.36314166246288043,0.25655174959867255,0.4593453464450739,FedLE-adapted,5.0
369,1.0,clean,1,2,Sitting,fedprox,0.4455344090637078,0.13357989310218893,0.4830433176595086,FedProx,3.0
370,1.0,clean,1,2,Sitting,random_trimmed_mean,0.44002144761995376,0.1872919558792482,0.5097707231040564,Random Trimmed Mean,4.0
371,1.0,clean,1,2,Sitting,tea_fl,0.19889085290835146,0.2105485965533208,0.1496057497732189,TEA-FL,6.0
372,1.0,clean,2,3,Standing,arl_fl,0.2631123399487708,0.14427197910087147,0.1977454258382093,ARL-FL,6.0
373,1.0,clean,2,3,Standing,fedavg,0.407945143465429,0.19304026524775902,0.4085753548281237,FedAvg,1.0
374,1.0,clean,2,3,Standing,fedle_adapted,0.3415775428985871,0.1995728949254995,0.3551587301587301,FedLE-adapted,5.0
375,1.0,clean,2,3,Standing,fedprox,0.3868629284523243,0.17585666153700244,0.41022776572668107,FedProx,3.0
376,1.0,clean,2,3,Standing,random_trimmed_mean,0.35726527202510133,0.16296366888253147,0.3549505082220211,Random Trimmed Mean,4.0
377,1.0,clean,2,3,Standing,tea_fl,0.40028313685521466,0.17279697762241467,0.37015363212968005,TEA-FL,2.0
378,1.0,clean,3,4,Walking,arl_fl,0.8635452647357555,0.14970229806215307,0.9416491560255849,ARL-FL,6.0
379,1.0,clean,3,4,Walking,fedavg,0.9039923101856736,0.09260575980468234,0.950414201183432,FedAvg,2.0
380,1.0,clean,3,4,Walking,fedle_adapted,0.8967545450877935,0.09112034564772953,0.9409627949070802,FedLE-adapted,4.0
381,1.0,clean,3,4,Walking,fedprox,0.903240548272507,0.09562973430173814,0.9449739468967726,FedProx,3.0
382,1.0,clean,3,4,Walking,random_trimmed_mean,0.9059609772470711,0.09488764657899065,0.9542221493222791,Random Trimmed Mean,1.0
383,1.0,clean,3,4,Walking,tea_fl,0.8837362955778609,0.1112546577872396,0.9359732996572253,TEA-FL,5.0
384,1.0,clean,4,5,Running,arl_fl,0.9278361175693657,0.060681817662078516,0.9557071691574616,ARL-FL,4.0
385,1.0,clean,4,5,Running,fedavg,0.9521158743606998,0.02321636084616095,0.9609101991060545,FedAvg,2.0
386,1.0,clean,4,5,Running,fedle_adapted,0.9254780968359292,0.06500103069232417,0.9530018076227837,FedLE-adapted,5.0
387,1.0,clean,4,5,Running,fedprox,0.9524753147721597,0.022641714615693656,0.959314811513747,FedProx,1.0
388,1.0,clean,4,5,Running,random_trimmed_mean,0.9425968840494475,0.03340789824395739,0.9521242682432041,Random Trimmed Mean,3.0
389,1.0,clean,4,5,Running,tea_fl,0.922955413645508,0.08473543313917686,0.9637061403508772,TEA-FL,6.0
390,1.0,clean,5,6,Cycling,arl_fl,0.9432704344920783,0.014691140134412252,0.9392114279547845,ARL-FL,2.0
391,1.0,clean,5,6,Cycling,fedavg,0.9355640773119823,0.045018780736327174,0.9553756588239347,FedAvg,3.0
392,1.0,clean,5,6,Cycling,fedle_adapted,0.9449952758503881,0.018975053581529584,0.953755737932953,FedLE-adapted,1.0
393,1.0,clean,5,6,Cycling,fedprox,0.9331101991482766,0.047541916546709424,0.9569850790930482,FedProx,4.0
394,1.0,clean,5,6,Cycling,random_trimmed_mean,0.9220715165579426,0.06347194409563899,0.9514443572340983,Random Trimmed Mean,6.0
395,1.0,clean,5,6,Cycling,tea_fl,0.9316536572837242,0.03337144468164208,0.9495854308557892,TEA-FL,5.0
396,1.0,clean,6,7,Nordic walking,arl_fl,0.8195205711631453,0.2197344126028915,0.9326944136061204,ARL-FL,5.0
397,1.0,clean,6,7,Nordic walking,fedavg,0.8610245340660141,0.19655641033201138,0.947692137634816,FedAvg,3.0
398,1.0,clean,6,7,Nordic walking,fedle_adapted,0.8612616211053201,0.15025517669498303,0.9190908781599809,FedLE-adapted,2.0
399,1.0,clean,6,7,Nordic walking,fedprox,0.8773772230893707,0.16228938138708768,0.9428366739619908,FedProx,1.0
400,1.0,clean,6,7,Nordic walking,random_trimmed_mean,0.847333058316047,0.22611211334092918,0.9518330211399519,Random Trimmed Mean,4.0
401,1.0,clean,6,7,Nordic walking,tea_fl,0.7529118549193214,0.32775659600473434,0.9177213591006694,TEA-FL,6.0
402,1.0,clean,7,12,Ascending stairs,arl_fl,0.8160804268437749,0.08032823413034029,0.8494897959183674,ARL-FL,4.0
403,1.0,clean,7,12,Ascending stairs,fedavg,0.8711197230205086,0.028507523025806957,0.8798401489873515,FedAvg,1.0
404,1.0,clean,7,12,Ascending stairs,fedle_adapted,0.866589869864525,0.05156115685625756,0.8765776875090672,FedLE-adapted,3.0
405,1.0,clean,7,12,Ascending stairs,fedprox,0.8707965140256336,0.0207089495809708,0.8738037587916523,FedProx,2.0
406,1.0,clean,7,12,Ascending stairs,random_trimmed_mean,0.8016242612319397,0.08855389337003813,0.8309849567762575,Random Trimmed Mean,5.0
407,1.0,clean,7,12,Ascending stairs,tea_fl,0.7379473535665926,0.08873458902268987,0.7424044490892804,TEA-FL,6.0
408,1.0,clean,8,13,Descending stairs,arl_fl,0.779366284897155,0.080681699936382,0.8073549257759784,ARL-FL,5.0
409,1.0,clean,8,13,Descending stairs,fedavg,0.8458862420136393,0.03356042315376896,0.8420774913312227,FedAvg,2.0
410,1.0,clean,8,13,Descending stairs,fedle_adapted,0.8223353289373907,0.04712762988693734,0.8142511128567689,FedLE-adapted,3.0
411,1.0,clean,8,13,Descending stairs,fedprox,0.8524569983905665,0.030975518142801382,0.858065953654189,FedProx,1.0
412,1.0,clean,8,13,Descending stairs,random_trimmed_mean,0.8167959189942199,0.08663906711685547,0.8443850267379679,Random Trimmed Mean,4.0
413,1.0,clean,8,13,Descending stairs,tea_fl,0.7180756125566158,0.19658319187738052,0.8010235059415387,TEA-FL,6.0
414,1.0,clean,9,16,Vacuum cleaning,arl_fl,0.8038634835746061,0.08002706431869164,0.814394470132175,ARL-FL,4.0
415,1.0,clean,9,16,Vacuum cleaning,fedavg,0.8117625156600796,0.06803100770078747,0.7997502846021078,FedAvg,2.0
416,1.0,clean,9,16,Vacuum cleaning,fedle_adapted,0.7938325380537942,0.0916347126184975,0.8164233795879138,FedLE-adapted,5.0
417,1.0,clean,9,16,Vacuum cleaning,fedprox,0.8128086473197802,0.0697314390327628,0.8009373369555439,FedProx,1.0
418,1.0,clean,9,16,Vacuum cleaning,random_trimmed_mean,0.808642278544067,0.07255872347643726,0.8219624850151612,Random Trimmed Mean,3.0
419,1.0,clean,9,16,Vacuum cleaning,tea_fl,0.7801436621487399,0.06960465132840758,0.7810867631600227,TEA-FL,6.0
420,1.0,clean,10,17,Ironing,arl_fl,0.7831961906164063,0.06729271189798552,0.7803422393773431,ARL-FL,3.0
421,1.0,clean,10,17,Ironing,fedavg,0.8025015969585716,0.0668479345698701,0.8247434567047158,FedAvg,1.0
422,1.0,clean,10,17,Ironing,fedle_adapted,0.7612457278270308,0.10567652890796406,0.7814840563589174,FedLE-adapted,6.0
423,1.0,clean,10,17,Ironing,fedprox,0.8014989646222361,0.07391576670948029,0.8279263596560638,FedProx,2.0
424,1.0,clean,10,17,Ironing,random_trimmed_mean,0.7795395080571131,0.07275573136825952,0.7861298598173656,Random Trimmed Mean,4.0
425,1.0,clean,10,17,Ironing,tea_fl,0.7656527057302043,0.08491947344273086,0.7988139493715702,TEA-FL,5.0
426,1.0,clean,11,24,Rope jumping,arl_fl,0.2734970068435415,0.35744583037516714,0.0,ARL-FL,5.0
427,1.0,clean,11,24,Rope jumping,fedavg,0.7015410703778501,0.3770197136400453,0.8925991135935887,FedAvg,2.0
428,1.0,clean,11,24,Rope jumping,fedle_adapted,0.5386635797393599,0.4327982939308063,0.7353988603988604,FedLE-adapted,3.0
429,1.0,clean,11,24,Rope jumping,fedprox,0.7028770944026004,0.37786694248157127,0.8925991135935887,FedProx,1.0
430,1.0,clean,11,24,Rope jumping,random_trimmed_mean,0.3392828373154771,0.4004319052271089,0.11304347826086955,Random Trimmed Mean,4.0
431,1.0,clean,11,24,Rope jumping,tea_fl,0.0,0.0,0.0,TEA-FL,6.0
432,1.0,labelflip_mu0p2,0,1,Lying,arl_fl,0.8274312222919932,0.16833874806636107,0.8798719772403982,ARL-FL,6.0
433,1.0,labelflip_mu0p2,0,1,Lying,fedavg,0.8482056763919005,0.11511644309468137,0.9092866451357017,FedAvg,4.0
434,1.0,labelflip_mu0p2,0,1,Lying,fedle_adapted,0.8697251314863946,0.13469652298776924,0.9185205344757958,FedLE-adapted,2.0
435,1.0,labelflip_mu0p2,0,1,Lying,fedprox,0.8688894115352624,0.15052059770941975,0.912785268434935,FedProx,3.0
436,1.0,labelflip_mu0p2,0,1,Lying,random_trimmed_mean,0.8383613721979788,0.13231013517520387,0.8955043281313022,Random Trimmed Mean,5.0
437,1.0,labelflip_mu0p2,0,1,Lying,tea_fl,0.8881367545841959,0.07205059221438631,0.9100854700854701,TEA-FL,1.0
438,1.0,labelflip_mu0p2,1,2,Sitting,arl_fl,0.44191163284418444,0.20555467968390742,0.5246343855894418,ARL-FL,2.0
439,1.0,labelflip_mu0p2,1,2,Sitting,fedavg,0.442436705409693,0.2538007892594856,0.5656873082822086,FedAvg,1.0
440,1.0,labelflip_mu0p2,1,2,Sitting,fedle_adapted,0.3830096172403191,0.25479503000090536,0.5435571864018482,FedLE-adapted,4.0
441,1.0,labelflip_mu0p2,1,2,Sitting,fedprox,0.40587605124887033,0.24449166489605323,0.4940257585049966,FedProx,3.0
442,1.0,labelflip_mu0p2,1,2,Sitting,random_trimmed_mean,0.3774281108677709,0.20748661552757608,0.43312144800280117,Random Trimmed Mean,5.0
443,1.0,labelflip_mu0p2,1,2,Sitting,tea_fl,0.25946598185735315,0.2668170788389149,0.21500809061488668,TEA-FL,6.0
444,1.0,labelflip_mu0p2,2,3,Standing,arl_fl,0.2982364670039882,0.1131741160262148,0.26039652832051335,ARL-FL,6.0
445,1.0,labelflip_mu0p2,2,3,Standing,fedavg,0.37041153041023867,0.1751214181867822,0.30967961826857526,FedAvg,4.0
446,1.0,labelflip_mu0p2,2,3,Standing,fedle_adapted,0.36571498929814766,0.22764852134618507,0.3809703072796574,FedLE-adapted,5.0
447,1.0,labelflip_mu0p2,2,3,Standing,fedprox,0.3886621743391113,0.1845365696998446,0.3983524215722358,FedProx,3.0
448,1.0,labelflip_mu0p2,2,3,Standing,random_trimmed_mean,0.39429210171218054,0.14530096447683125,0.3809499331756965,Random Trimmed Mean,2.0
449,1.0,labelflip_mu0p2,2,3,Standing,tea_fl,0.4032332833079789,0.20254735099725665,0.47427440633245377,TEA-FL,1.0
450,1.0,labelflip_mu0p2,3,4,Walking,arl_fl,0.8899437425110671,0.08249597788710053,0.9001470748447544,ARL-FL,2.0
451,1.0,labelflip_mu0p2,3,4,Walking,fedavg,0.8135327529191212,0.16009867695317814,0.8761925298622546,FedAvg,6.0
452,1.0,labelflip_mu0p2,3,4,Walking,fedle_adapted,0.8832797793677513,0.07792610481071198,0.8884962406015038,FedLE-adapted,3.0
453,1.0,labelflip_mu0p2,3,4,Walking,fedprox,0.8244246355300555,0.15169911218738102,0.8908124497014842,FedProx,5.0
454,1.0,labelflip_mu0p2,3,4,Walking,random_trimmed_mean,0.8666283499031268,0.12080350728097457,0.9244091771606002,Random Trimmed Mean,4.0
455,1.0,labelflip_mu0p2,3,4,Walking,tea_fl,0.8927654586348714,0.10277029870670586,0.9248868301926518,TEA-FL,1.0
456,1.0,labelflip_mu0p2,4,5,Running,arl_fl,0.905887059190332,0.08983407046592333,0.9388380733409973,ARL-FL,4.0
457,1.0,labelflip_mu0p2,4,5,Running,fedavg,0.9085477312781501,0.11734030307440393,0.9632643884892086,FedAvg,3.0
458,1.0,labelflip_mu0p2,4,5,Running,fedle_adapted,0.8404834084880323,0.3009860496686005,0.960562240873698,FedLE-adapted,6.0
459,1.0,labelflip_mu0p2,4,5,Running,fedprox,0.845072402371318,0.24588510972193373,0.957824902262765,FedProx,5.0
460,1.0,labelflip_mu0p2,4,5,Running,random_trimmed_mean,0.9297299660135774,0.09802203386514965,0.9637368815592204,Random Trimmed Mean,2.0
461,1.0,labelflip_mu0p2,4,5,Running,tea_fl,0.9449531827929816,0.04952772549396279,0.967930029154519,TEA-FL,1.0
462,1.0,labelflip_mu0p2,5,6,Cycling,arl_fl,0.8925066681787627,0.09122699002347005,0.932003432003432,ARL-FL,6.0
463,1.0,labelflip_mu0p2,5,6,Cycling,fedavg,0.9241561050162401,0.042441693791564095,0.9368037594874656,FedAvg,2.0
464,1.0,labelflip_mu0p2,5,6,Cycling,fedle_adapted,0.8936263667413273,0.14099992947879791,0.9472218149831404,FedLE-adapted,5.0
465,1.0,labelflip_mu0p2,5,6,Cycling,fedprox,0.9230992101043827,0.039842979174713855,0.9343681126240796,FedProx,3.0
466,1.0,labelflip_mu0p2,5,6,Cycling,random_trimmed_mean,0.9350066914932652,0.023738606980195653,0.9441364879499274,Random Trimmed Mean,1.0
467,1.0,labelflip_mu0p2,5,6,Cycling,tea_fl,0.9226501908202875,0.0369759153641089,0.936986301369863,TEA-FL,4.0
468,1.0,labelflip_mu0p2,6,7,Nordic walking,arl_fl,0.8500467051854137,0.24984272824332832,0.9373990130573389,ARL-FL,1.0
469,1.0,labelflip_mu0p2,6,7,Nordic walking,fedavg,0.7134821382182701,0.35951715250207855,0.8930453146510404,FedAvg,6.0
470,1.0,labelflip_mu0p2,6,7,Nordic walking,fedle_adapted,0.8478460034817926,0.13924410210962782,0.8918938003106907,FedLE-adapted,2.0
471,1.0,labelflip_mu0p2,6,7,Nordic walking,fedprox,0.7311749725877942,0.35577324678265687,0.9159653033680604,FedProx,5.0
472,1.0,labelflip_mu0p2,6,7,Nordic walking,random_trimmed_mean,0.7999006867089786,0.28043454294210635,0.9261094355881085,Random Trimmed Mean,4.0
473,1.0,labelflip_mu0p2,6,7,Nordic walking,tea_fl,0.8016589096159181,0.28694842981107815,0.9047534376481745,TEA-FL,3.0
474,1.0,labelflip_mu0p2,7,12,Ascending stairs,arl_fl,0.8579792161209652,0.04904118364839263,0.863189251869327,ARL-FL,1.0
475,1.0,labelflip_mu0p2,7,12,Ascending stairs,fedavg,0.8265606997406627,0.059494805106996236,0.8277927523210542,FedAvg,2.0
476,1.0,labelflip_mu0p2,7,12,Ascending stairs,fedle_adapted,0.768995186534939,0.14365626627643988,0.820353982300885,FedLE-adapted,6.0
477,1.0,labelflip_mu0p2,7,12,Ascending stairs,fedprox,0.8211245475862322,0.07040914412237176,0.8389962978198272,FedProx,3.0
478,1.0,labelflip_mu0p2,7,12,Ascending stairs,random_trimmed_mean,0.8036880216181238,0.07635611326220791,0.8291793313069908,Random Trimmed Mean,5.0
479,1.0,labelflip_mu0p2,7,12,Ascending stairs,tea_fl,0.812610103637138,0.08476055401785673,0.8455709165386585,TEA-FL,4.0
480,1.0,labelflip_mu0p2,8,13,Descending stairs,arl_fl,0.748725908384,0.08576498351288918,0.7750337051109204,ARL-FL,6.0
481,1.0,labelflip_mu0p2,8,13,Descending stairs,fedavg,0.772490815620196,0.14229044851063116,0.822287677957781,FedAvg,3.0
482,1.0,labelflip_mu0p2,8,13,Descending stairs,fedle_adapted,0.7749297135928652,0.09122633998674076,0.8055535284244326,FedLE-adapted,2.0
483,1.0,labelflip_mu0p2,8,13,Descending stairs,fedprox,0.7687542253221573,0.13063503760277206,0.8167514048702168,FedProx,4.0
484,1.0,labelflip_mu0p2,8,13,Descending stairs,random_trimmed_mean,0.7570978200515157,0.09083222223242247,0.778606769810728,Random Trimmed Mean,5.0
485,1.0,labelflip_mu0p2,8,13,Descending stairs,tea_fl,0.8000079342122787,0.07122771172877915,0.8156194400224741,TEA-FL,1.0
486,1.0,labelflip_mu0p2,9,16,Vacuum cleaning,arl_fl,0.7950690265826259,0.06026944111599259,0.807009167303285,ARL-FL,1.0
487,1.0,labelflip_mu0p2,9,16,Vacuum cleaning,fedavg,0.734810273143294,0.16057121762481777,0.7559324966394719,FedAvg,6.0
488,1.0,labelflip_mu0p2,9,16,Vacuum cleaning,fedle_adapted,0.7780469333570975,0.1190717903466926,0.8057870681543218,FedLE-adapted,3.0
489,1.0,labelflip_mu0p2,9,16,Vacuum cleaning,fedprox,0.7482760157565991,0.14685436337425217,0.7640577507598785,FedProx,5.0
490,1.0,labelflip_mu0p2,9,16,Vacuum cleaning,random_trimmed_mean,0.783765452940832,0.0803228031267583,0.7842944517256444,Random Trimmed Mean,2.0
491,1.0,labelflip_mu0p2,9,16,Vacuum cleaning,tea_fl,0.771832019206282,0.08803022556199949,0.782886937651952,TEA-FL,4.0
492,1.0,labelflip_mu0p2,10,17,Ironing,arl_fl,0.7929527536581777,0.057381202496675436,0.8093661446681581,ARL-FL,1.0
493,1.0,labelflip_mu0p2,10,17,Ironing,fedavg,0.7671427439760784,0.07544564146119176,0.7751626280696049,FedAvg,3.0
494,1.0,labelflip_mu0p2,10,17,Ironing,fedle_adapted,0.776043726806763,0.07311571582284195,0.7926705653021442,FedLE-adapted,2.0
495,1.0,labelflip_mu0p2,10,17,Ironing,fedprox,0.7610436203178574,0.08436972346135345,0.7652069195879189,FedProx,6.0
496,1.0,labelflip_mu0p2,10,17,Ironing,random_trimmed_mean,0.7644791753821509,0.06773089572893193,0.7800965194501317,Random Trimmed Mean,4.0
497,1.0,labelflip_mu0p2,10,17,Ironing,tea_fl,0.7626358001227529,0.1030259626627671,0.7770833333333333,TEA-FL,5.0
498,1.0,labelflip_mu0p2,11,24,Rope jumping,arl_fl,0.43130297730203554,0.4618378647009528,0.3619047619047619,ARL-FL,5.0
499,1.0,labelflip_mu0p2,11,24,Rope jumping,fedavg,0.7046777013645265,0.37959265916699725,0.9046012800553538,FedAvg,2.0
500,1.0,labelflip_mu0p2,11,24,Rope jumping,fedle_adapted,0.5499879244911121,0.41012489648953865,0.681004524293489,FedLE-adapted,4.0
501,1.0,labelflip_mu0p2,11,24,Rope jumping,fedprox,0.7052251335615187,0.38007820590751673,0.8931659860677397,FedProx,1.0
502,1.0,labelflip_mu0p2,11,24,Rope jumping,random_trimmed_mean,0.6462567467904796,0.3672881969068992,0.7323920804933464,Random Trimmed Mean,3.0
503,1.0,labelflip_mu0p2,11,24,Rope jumping,tea_fl,0.2891455142448451,0.4204726748853672,0.0,TEA-FL,6.0
504,1.0,labelflip_mu0p4,0,1,Lying,arl_fl,0.6737578688083748,0.3668163077183915,0.8156541796353936,ARL-FL,5.0
505,1.0,labelflip_mu0p4,0,1,Lying,fedavg,0.7002150642174487,0.37801981941333085,0.8546021708752664,FedAvg,3.0
506,1.0,labelflip_mu0p4,0,1,Lying,fedle_adapted,0.6134985341222488,0.4272585537069121,0.8386778647324553,FedLE-adapted,6.0
507,1.0,labelflip_mu0p4,0,1,Lying,fedprox,0.6990807046978589,0.37763793509238386,0.8710391051663211,FedProx,4.0
508,1.0,labelflip_mu0p4,0,1,Lying,random_trimmed_mean,0.7081458059708371,0.38052470825484985,0.8846012017092905,Random Trimmed Mean,2.0
509,1.0,labelflip_mu0p4,0,1,Lying,tea_fl,0.7271564204071883,0.38243276495501743,0.8950144947077463,TEA-FL,1.0
510,1.0,labelflip_mu0p4,1,2,Sitting,arl_fl,0.2515742954562279,0.30300642966614366,0.07970742685671414,ARL-FL,6.0
511,1.0,labelflip_mu0p4,1,2,Sitting,fedavg,0.3530634730032304,0.33245988963818884,0.3516785814409868,FedAvg,3.0
512,1.0,labelflip_mu0p4,1,2,Sitting,fedle_adapted,0.274880585627304,0.2462193722858611,0.2302229973838295,FedLE-adapted,5.0
513,1.0,labelflip_mu0p4,1,2,Sitting,fedprox,0.3744299639521421,0.3162770795621631,0.42485653796868905,FedProx,2.0
514,1.0,labelflip_mu0p4,1,2,Sitting,random_trimmed_mean,0.4538098696774789,0.25685058797970206,0.561966957454067,Random Trimmed Mean,1.0
515,1.0,labelflip_mu0p4,1,2,Sitting,tea_fl,0.3368501821640477,0.2978154547766226,0.3851472213847854,TEA-FL,4.0
516,1.0,labelflip_mu0p4,2,3,Standing,arl_fl,0.3928118751041052,0.2641329716180656,0.4410386669901204,ARL-FL,4.0
517,1.0,labelflip_mu0p4,2,3,Standing,fedavg,0.4395752694914126,0.15898661926563293,0.47101613146389265,FedAvg,1.0
518,1.0,labelflip_mu0p4,2,3,Standing,fedle_adapted,0.36481463503226885,0.2078910284620068,0.4191632099144774,FedLE-adapted,6.0
519,1.0,labelflip_mu0p4,2,3,Standing,fedprox,0.4034458201157177,0.17134912499605254,0.3970393946673072,FedProx,2.0
520,1.0,labelflip_mu0p4,2,3,Standing,random_trimmed_mean,0.3998369077595973,0.1957868215700255,0.3702142128527711,Random Trimmed Mean,3.0
521,1.0,labelflip_mu0p4,2,3,Standing,tea_fl,0.3751488715228404,0.18293428925313288,0.4098124098124098,TEA-FL,5.0
522,1.0,labelflip_mu0p4,3,4,Walking,arl_fl,0.8615731752661716,0.10543827887549971,0.8632682301485559,ARL-FL,1.0
523,1.0,labelflip_mu0p4,3,4,Walking,fedavg,0.7865926926772475,0.30064781663915974,0.934547619047619,FedAvg,3.0
524,1.0,labelflip_mu0p4,3,4,Walking,fedle_adapted,0.6819188981704306,0.3172116183030855,0.8114146461336829,FedLE-adapted,6.0
525,1.0,labelflip_mu0p4,3,4,Walking,fedprox,0.7935662953878442,0.2981689345521006,0.9257780247697682,FedProx,2.0
526,1.0,labelflip_mu0p4,3,4,Walking,random_trimmed_mean,0.6990766188770214,0.36136388490680993,0.8581681169821477,Random Trimmed Mean,5.0
527,1.0,labelflip_mu0p4,3,4,Walking,tea_fl,0.7531603857569629,0.28912741205584874,0.8530450731972419,TEA-FL,4.0
528,1.0,labelflip_mu0p4,4,5,Running,arl_fl,0.7380545979652424,0.3916332218981597,0.9206867832660643,ARL-FL,2.0
529,1.0,labelflip_mu0p4,4,5,Running,fedavg,0.6063997206082352,0.40690560079116556,0.7647785094283148,FedAvg,4.0
530,1.0,labelflip_mu0p4,4,5,Running,fedle_adapted,0.6231376790899653,0.28254636723979787,0.6226352866678979,FedLE-adapted,3.0
531,1.0,labelflip_mu0p4,4,5,Running,fedprox,0.5900715852980781,0.39019691688149305,0.6594523839408991,FedProx,5.0
532,1.0,labelflip_mu0p4,4,5,Running,random_trimmed_mean,0.5153882444106206,0.389008448637048,0.5586827620073733,Random Trimmed Mean,6.0
533,1.0,labelflip_mu0p4,4,5,Running,tea_fl,0.8273365138820548,0.2972792203101238,0.9383960573476703,TEA-FL,1.0
534,1.0,labelflip_mu0p4,5,6,Cycling,arl_fl,0.670854427851092,0.36209737361293043,0.847552989356011,ARL-FL,3.0
535,1.0,labelflip_mu0p4,5,6,Cycling,fedavg,0.64474680326465,0.35763605148533223,0.7239583333333333,FedAvg,5.0
536,1.0,labelflip_mu0p4,5,6,Cycling,fedle_adapted,0.6008608105435704,0.34492134997261487,0.7109358081979892,FedLE-adapted,6.0
537,1.0,labelflip_mu0p4,5,6,Cycling,fedprox,0.6677594896751498,0.36085666138039146,0.7983730322639864,FedProx,4.0
538,1.0,labelflip_mu0p4,5,6,Cycling,random_trimmed_mean,0.6772946801399491,0.28116042647018386,0.7097738828567925,Random Trimmed Mean,2.0
539,1.0,labelflip_mu0p4,5,6,Cycling,tea_fl,0.8099712382275873,0.20906059317144787,0.9117764173012791,TEA-FL,1.0
540,1.0,labelflip_mu0p4,6,7,Nordic walking,arl_fl,0.616233871641928,0.3633892593714529,0.7084973285418212,ARL-FL,5.0
541,1.0,labelflip_mu0p4,6,7,Nordic walking,fedavg,0.6592843348936978,0.40400097614585584,0.8810636948446136,FedAvg,3.0
542,1.0,labelflip_mu0p4,6,7,Nordic walking,fedle_adapted,0.5429701952162008,0.3147739204630655,0.5755648426276609,FedLE-adapted,6.0
543,1.0,labelflip_mu0p4,6,7,Nordic walking,fedprox,0.6574536344638873,0.39882879561210466,0.8478670696008868,FedProx,4.0
544,1.0,labelflip_mu0p4,6,7,Nordic walking,random_trimmed_mean,0.6650940494651045,0.37282723760154773,0.8358150470219436,Random Trimmed Mean,2.0
545,1.0,labelflip_mu0p4,6,7,Nordic walking,tea_fl,0.735495596120434,0.2625067556136092,0.8323259921620577,TEA-FL,1.0
546,1.0,labelflip_mu0p4,7,12,Ascending stairs,arl_fl,0.6370980962630404,0.239001464572022,0.6643795241800476,ARL-FL,5.0
547,1.0,labelflip_mu0p4,7,12,Ascending stairs,fedavg,0.6777745436179636,0.21334223142444186,0.7170268107242896,FedAvg,2.0
548,1.0,labelflip_mu0p4,7,12,Ascending stairs,fedle_adapted,0.6023824293184987,0.259715693235261,0.62622067854626,FedLE-adapted,6.0
549,1.0,labelflip_mu0p4,7,12,Ascending stairs,fedprox,0.7031056196138877,0.19182058751056766,0.7309472934472934,FedProx,1.0
550,1.0,labelflip_mu0p4,7,12,Ascending stairs,random_trimmed_mean,0.6755999371350253,0.21396789059626015,0.7493475424097433,Random Trimmed Mean,3.0
551,1.0,labelflip_mu0p4,7,12,Ascending stairs,tea_fl,0.6727099281952604,0.26243859104644035,0.7380915317559154,TEA-FL,4.0
552,1.0,labelflip_mu0p4,8,13,Descending stairs,arl_fl,0.6721717804087374,0.1813222268526034,0.7302068302068302,ARL-FL,3.0
553,1.0,labelflip_mu0p4,8,13,Descending stairs,fedavg,0.6759077172864405,0.1550137415064703,0.669703806548652,FedAvg,2.0
554,1.0,labelflip_mu0p4,8,13,Descending stairs,fedle_adapted,0.6470520387843196,0.1797950011992315,0.6645696311123821,FedLE-adapted,5.0
555,1.0,labelflip_mu0p4,8,13,Descending stairs,fedprox,0.6613281076123273,0.17497039365635034,0.7152564051320995,FedProx,4.0
556,1.0,labelflip_mu0p4,8,13,Descending stairs,random_trimmed_mean,0.7011511052956427,0.11930955524014221,0.7337864077669902,Random Trimmed Mean,1.0
557,1.0,labelflip_mu0p4,8,13,Descending stairs,tea_fl,0.5110099411148625,0.3564056795285481,0.6603321861439473,TEA-FL,6.0
558,1.0,labelflip_mu0p4,9,16,Vacuum cleaning,arl_fl,0.697254544381059,0.1669752898471347,0.7325638749136826,ARL-FL,1.0
559,1.0,labelflip_mu0p4,9,16,Vacuum cleaning,fedavg,0.5830762446059902,0.2516502306446159,0.6671399885255307,FedAvg,4.0
560,1.0,labelflip_mu0p4,9,16,Vacuum cleaning,fedle_adapted,0.5093177758217105,0.30434824763638524,0.5227927469920353,FedLE-adapted,6.0
561,1.0,labelflip_mu0p4,9,16,Vacuum cleaning,fedprox,0.5803848932707005,0.2633098495715285,0.675121925360475,FedProx,5.0
562,1.0,labelflip_mu0p4,9,16,Vacuum cleaning,random_trimmed_mean,0.5936377466860849,0.23478986302454397,0.6273217767789272,Random Trimmed Mean,3.0
563,1.0,labelflip_mu0p4,9,16,Vacuum cleaning,tea_fl,0.6715037904521489,0.20462054660009646,0.7206475000482058,TEA-FL,2.0
564,1.0,labelflip_mu0p4,10,17,Ironing,arl_fl,0.7104344760637137,0.12035042455301181,0.7273881307521421,ARL-FL,1.0
565,1.0,labelflip_mu0p4,10,17,Ironing,fedavg,0.6795459708336506,0.22860261904965426,0.7669810550383799,FedAvg,2.0
566,1.0,labelflip_mu0p4,10,17,Ironing,fedle_adapted,0.6421194492449229,0.1324554093932858,0.6607086066388392,FedLE-adapted,6.0
567,1.0,labelflip_mu0p4,10,17,Ironing,fedprox,0.6770783370765739,0.23297194381709904,0.767948717948718,FedProx,3.0
568,1.0,labelflip_mu0p4,10,17,Ironing,random_trimmed_mean,0.6559957884314468,0.24994400240013845,0.7030173437871228,Random Trimmed Mean,4.0
569,1.0,labelflip_mu0p4,10,17,Ironing,tea_fl,0.6510433521955511,0.2407144683182267,0.7032782455982347,TEA-FL,5.0
570,1.0,labelflip_mu0p4,11,24,Rope jumping,arl_fl,0.31810819736573914,0.37695158577693494,0.1458103300208563,ARL-FL,3.0
571,1.0,labelflip_mu0p4,11,24,Rope jumping,fedavg,0.4070000868258317,0.42687370445153816,0.3663021410114433,FedAvg,1.0
572,1.0,labelflip_mu0p4,11,24,Rope jumping,fedle_adapted,0.29223286937419946,0.40434993535424757,0.02094240837696335,FedLE-adapted,6.0
573,1.0,labelflip_mu0p4,11,24,Rope jumping,fedprox,0.4049930631912272,0.42600550741551,0.3659807831762146,FedProx,2.0
574,1.0,labelflip_mu0p4,11,24,Rope jumping,random_trimmed_mean,0.29856415687837395,0.29902555970268296,0.2667493796526055,Random Trimmed Mean,5.0
575,1.0,labelflip_mu0p4,11,24,Rope jumping,tea_fl,0.3075581805632686,0.3964218724223485,0.06956521739130435,TEA-FL,4.0
576,1.0,signflip_mu0p2,0,1,Lying,arl_fl,0.7224358611142165,0.3287684086602868,0.8952606787972641,ARL-FL,2.0
577,1.0,signflip_mu0p2,0,1,Lying,fedavg,0.04707239014012178,0.10477841689684009,0.0,FedAvg,5.0
578,1.0,signflip_mu0p2,0,1,Lying,fedle_adapted,0.03033788641265277,0.09593682045945766,0.0,FedLE-adapted,6.0
579,1.0,signflip_mu0p2,0,1,Lying,fedprox,0.0903219385216093,0.19053997166865996,0.0,FedProx,4.0
580,1.0,signflip_mu0p2,0,1,Lying,random_trimmed_mean,0.4513672047297554,0.3559808762903705,0.5841833662228892,Random Trimmed Mean,3.0
581,1.0,signflip_mu0p2,0,1,Lying,tea_fl,0.8553687574513645,0.09228470991666832,0.8561128465059625,TEA-FL,1.0
582,1.0,signflip_mu0p2,1,2,Sitting,arl_fl,0.44395519489076624,0.15428223099071134,0.5105882352941177,ARL-FL,1.0
583,1.0,signflip_mu0p2,1,2,Sitting,fedavg,0.0306141154903758,0.09681033350103012,0.0,FedAvg,4.0
584,1.0,signflip_mu0p2,1,2,Sitting,fedle_adapted,0.0,0.0,0.0,FedLE-adapted,6.0
585,1.0,signflip_mu0p2,1,2,Sitting,fedprox,0.00305676855895196,0.009666350926278874,0.0,FedProx,5.0
586,1.0,signflip_mu0p2,1,2,Sitting,random_trimmed_mean,0.3157744410365747,0.23039460788975344,0.3489950023711378,Random Trimmed Mean,3.0
587,1.0,signflip_mu0p2,1,2,Sitting,tea_fl,0.41564891186096153,0.20141893600455793,0.46148036253776437,TEA-FL,2.0
588,1.0,signflip_mu0p2,2,3,Standing,arl_fl,0.271693650624532,0.21588930791945898,0.18840579710144925,ARL-FL,2.0
589,1.0,signflip_mu0p2,2,3,Standing,fedavg,0.04106382978723404,0.12985523157712706,0.0,FedAvg,4.0
590,1.0,signflip_mu0p2,2,3,Standing,fedle_adapted,0.0,0.0,0.0,FedLE-adapted,6.0
591,1.0,signflip_mu0p2,2,3,Standing,fedprox,0.00015325670498083998,0.0004846402544319263,0.0,FedProx,5.0
592,1.0,signflip_mu0p2,2,3,Standing,random_trimmed_mean,0.230561793948461,0.19324452283640545,0.20666070297066605,Random Trimmed Mean,3.0
593,1.0,signflip_mu0p2,2,3,Standing,tea_fl,0.37391588072798826,0.13402500149312113,0.3570150588936931,TEA-FL,1.0
594,1.0,signflip_mu0p2,3,4,Walking,arl_fl,0.8353719092672349,0.1654269781317159,0.9036817649771219,ARL-FL,2.0
595,1.0,signflip_mu0p2,3,4,Walking,fedavg,0.1014338987988153,0.18010009967680532,0.0,FedAvg,4.0
596,1.0,signflip_mu0p2,3,4,Walking,fedle_adapted,0.04076398731740088,0.08631706277277253,0.0,FedLE-adapted,6.0
597,1.0,signflip_mu0p2,3,4,Walking,fedprox,0.07064837384315086,0.16435429455729889,0.0,FedProx,5.0
598,1.0,signflip_mu0p2,3,4,Walking,random_trimmed_mean,0.7506013331688578,0.26906319529579653,0.8278590368659653,Random Trimmed Mean,3.0
599,1.0,signflip_mu0p2,3,4,Walking,tea_fl,0.8442204716928353,0.19748573719441745,0.938452000935347,TEA-FL,1.0
600,1.0,signflip_mu0p2,4,5,Running,arl_fl,0.90465002715243,0.11827496081507517,0.9536665520272077,ARL-FL,2.0
601,1.0,signflip_mu0p2,4,5,Running,fedavg,0.07009063444108762,0.22164604748007977,0.0,FedAvg,4.0
602,1.0,signflip_mu0p2,4,5,Running,fedle_adapted,0.04461247637051039,0.1410770373912547,0.0,FedLE-adapted,6.0
603,1.0,signflip_mu0p2,4,5,Running,fedprox,0.06321525885558583,0.1999042008607804,0.0,FedProx,5.0
604,1.0,signflip_mu0p2,4,5,Running,random_trimmed_mean,0.850320235100354,0.29035803966813284,0.9513931053093165,Random Trimmed Mean,3.0
605,1.0,signflip_mu0p2,4,5,Running,tea_fl,0.9323278037164826,0.053060735272882534,0.9511271350012747,TEA-FL,1.0
606,1.0,signflip_mu0p2,5,6,Cycling,arl_fl,0.8812585357204826,0.09572947405935467,0.9206338854832399,ARL-FL,2.0
607,1.0,signflip_mu0p2,5,6,Cycling,fedavg,0.0,0.0,0.0,FedAvg,6.0
608,1.0,signflip_mu0p2,5,6,Cycling,fedle_adapted,0.017304964539007088,0.05472310277170812,0.0,FedLE-adapted,5.0
609,1.0,signflip_mu0p2,5,6,Cycling,fedprox,0.02340358862721815,0.056342952324035585,0.0,FedProx,4.0
610,1.0,signflip_mu0p2,5,6,Cycling,random_trimmed_mean,0.848962233428518,0.16033767578248986,0.919006919006919,Random Trimmed Mean,3.0
611,1.0,signflip_mu0p2,5,6,Cycling,tea_fl,0.9225561032228254,0.038071140315239865,0.924243879789295,TEA-FL,1.0
612,1.0,signflip_mu0p2,6,7,Nordic walking,arl_fl,0.7535174285500388,0.32404596059346774,0.9130891804684681,ARL-FL,2.0
613,1.0,signflip_mu0p2,6,7,Nordic walking,fedavg,0.08875,0.2806521423399437,0.0,FedAvg,4.0
614,1.0,signflip_mu0p2,6,7,Nordic walking,fedle_adapted,0.02401297998918334,0.0759357101738648,0.0,FedLE-adapted,5.0
615,1.0,signflip_mu0p2,6,7,Nordic walking,fedprox,0.0,0.0,0.0,FedProx,6.0
616,1.0,signflip_mu0p2,6,7,Nordic walking,random_trimmed_mean,0.6093914202086005,0.3593265980666135,0.679156010230179,Random Trimmed Mean,3.0
617,1.0,signflip_mu0p2,6,7,Nordic walking,tea_fl,0.7745395172998619,0.3125598357532081,0.9556560147194515,TEA-FL,1.0
618,1.0,signflip_mu0p2,7,12,Ascending stairs,arl_fl,0.7548341472588458,0.08964260244830982,0.7670633912696396,ARL-FL,2.0
619,1.0,signflip_mu0p2,7,12,Ascending stairs,fedavg,0.0,0.0,0.0,FedAvg,5.5
620,1.0,signflip_mu0p2,7,12,Ascending stairs,fedle_adapted,0.02541504107590318,0.04651184811697624,0.0,FedLE-adapted,4.0
621,1.0,signflip_mu0p2,7,12,Ascending stairs,fedprox,0.0,0.0,0.0,FedProx,5.5
622,1.0,signflip_mu0p2,7,12,Ascending stairs,random_trimmed_mean,0.6830715935731501,0.19617513151389465,0.709759083646324,Random Trimmed Mean,3.0
623,1.0,signflip_mu0p2,7,12,Ascending stairs,tea_fl,0.7907940837153282,0.07738272381689895,0.8222867389633678,TEA-FL,1.0
624,1.0,signflip_mu0p2,8,13,Descending stairs,arl_fl,0.6649612498100312,0.13956808433078266,0.6844084016902809,ARL-FL,2.0
625,1.0,signflip_mu0p2,8,13,Descending stairs,fedavg,0.00842418235877106,0.026639603678326285,0.0,FedAvg,4.5
626,1.0,signflip_mu0p2,8,13,Descending stairs,fedle_adapted,0.0,0.0,0.0,FedLE-adapted,6.0
627,1.0,signflip_mu0p2,8,13,Descending stairs,fedprox,0.00842418235877106,0.026639603678326285,0.0,FedProx,4.5
628,1.0,signflip_mu0p2,8,13,Descending stairs,random_trimmed_mean,0.5713662814355327,0.15389882285851605,0.5049887406894162,Random Trimmed Mean,3.0
629,1.0,signflip_mu0p2,8,13,Descending stairs,tea_fl,0.7840759751556314,0.07744582717225972,0.7728439225445214,TEA-FL,1.0
630,1.0,signflip_mu0p2,9,16,Vacuum cleaning,arl_fl,0.7177994544082529,0.15153636291422434,0.7777630696459459,ARL-FL,2.0
631,1.0,signflip_mu0p2,9,16,Vacuum cleaning,fedavg,0.04377954244658725,0.0721267859381214,0.0,FedAvg,5.0
632,1.0,signflip_mu0p2,9,16,Vacuum cleaning,fedle_adapted,0.03292682926829268,0.06941585107686686,0.0,FedLE-adapted,6.0
633,1.0,signflip_mu0p2,9,16,Vacuum cleaning,fedprox,0.07888956218754732,0.15027029565360966,0.0,FedProx,4.0
634,1.0,signflip_mu0p2,9,16,Vacuum cleaning,random_trimmed_mean,0.7121052402331224,0.1724676010050076,0.7310323479337564,Random Trimmed Mean,3.0
635,1.0,signflip_mu0p2,9,16,Vacuum cleaning,tea_fl,0.7818980444447151,0.07955120078626811,0.767352277023368,TEA-FL,1.0
636,1.0,signflip_mu0p2,10,17,Ironing,arl_fl,0.7177924121405785,0.12011729944416769,0.7357385872332172,ARL-FL,3.0
637,1.0,signflip_mu0p2,10,17,Ironing,fedavg,0.03974142378528228,0.08465081378869316,0.0,FedAvg,5.0
638,1.0,signflip_mu0p2,10,17,Ironing,fedle_adapted,0.02243645924627519,0.07095031384777431,0.0,FedLE-adapted,6.0
639,1.0,signflip_mu0p2,10,17,Ironing,fedprox,0.1090461420555178,0.19021087607488715,0.0,FedProx,4.0
640,1.0,signflip_mu0p2,10,17,Ironing,random_trimmed_mean,0.7518126458401484,0.07648694927090169,0.7717538628354568,Random Trimmed Mean,2.0
641,1.0,signflip_mu0p2,10,17,Ironing,tea_fl,0.7665746438691912,0.10715594087173334,0.7937162266481396,TEA-FL,1.0
642,1.0,signflip_mu0p2,11,24,Rope jumping,arl_fl,0.34658896415170665,0.40852150937634485,0.14492753623188406,ARL-FL,2.0
643,1.0,signflip_mu0p2,11,24,Rope jumping,fedavg,0.0,0.0,0.0,FedAvg,5.0
644,1.0,signflip_mu0p2,11,24,Rope jumping,fedle_adapted,0.0,0.0,0.0,FedLE-adapted,5.0
645,1.0,signflip_mu0p2,11,24,Rope jumping,fedprox,0.0,0.0,0.0,FedProx,5.0
646,1.0,signflip_mu0p2,11,24,Rope jumping,random_trimmed_mean,0.39163527083340566,0.4226417231559296,0.29473684210526313,Random Trimmed Mean,1.0
647,1.0,signflip_mu0p2,11,24,Rope jumping,tea_fl,0.2817836096563564,0.44732821761200053,0.0,TEA-FL,3.0
648,1.0,signflip_mu0p4,0,1,Lying,arl_fl,0.05434782608695652,0.17186291631349887,0.0,ARL-FL,2.0
649,1.0,signflip_mu0p4,0,1,Lying,fedavg,0.0,0.0,0.0,FedAvg,5.0
650,1.0,signflip_mu0p4,0,1,Lying,fedle_adapted,0.0,0.0,0.0,FedLE-adapted,5.0
651,1.0,signflip_mu0p4,0,1,Lying,fedprox,0.0,0.0,0.0,FedProx,5.0
652,1.0,signflip_mu0p4,0,1,Lying,random_trimmed_mean,0.01606285464862505,0.050795206413878795,0.0,Random Trimmed Mean,3.0
653,1.0,signflip_mu0p4,0,1,Lying,tea_fl,0.5876345430932642,0.32882793846865804,0.6507795698924731,TEA-FL,1.0
654,1.0,signflip_mu0p4,1,2,Sitting,arl_fl,0.03416930062211518,0.07203797582841093,0.0,ARL-FL,5.0
655,1.0,signflip_mu0p4,1,2,Sitting,fedavg,0.034437086092715216,0.07259975202152567,0.0,FedAvg,3.5
656,1.0,signflip_mu0p4,1,2,Sitting,fedle_adapted,0.05023829744462993,0.08094102193709049,0.0,FedLE-adapted,2.0
657,1.0,signflip_mu0p4,1,2,Sitting,fedprox,0.034437086092715216,0.07259975202152567,0.0,FedProx,3.5
658,1.0,signflip_mu0p4,1,2,Sitting,random_trimmed_mean,0.017218543046357608,0.05444981401614425,0.0,Random Trimmed Mean,6.0
659,1.0,signflip_mu0p4,1,2,Sitting,tea_fl,0.21149817318454583,0.25384476545482954,0.1035913014268814,TEA-FL,1.0
660,1.0,signflip_mu0p4,2,3,Standing,arl_fl,0.016,0.05059644256269408,0.0,ARL-FL,2.0
661,1.0,signflip_mu0p4,2,3,Standing,fedavg,0.0,0.0,0.0,FedAvg,4.5
662,1.0,signflip_mu0p4,2,3,Standing,fedle_adapted,0.0,0.0,0.0,FedLE-adapted,4.5
663,1.0,signflip_mu0p4,2,3,Standing,fedprox,0.0,0.0,0.0,FedProx,4.5
664,1.0,signflip_mu0p4,2,3,Standing,random_trimmed_mean,0.0,0.0,0.0,Random Trimmed Mean,4.5
665,1.0,signflip_mu0p4,2,3,Standing,tea_fl,0.1574981643068449,0.19901518341640206,0.04803493449781655,TEA-FL,1.0
666,1.0,signflip_mu0p4,3,4,Walking,arl_fl,0.08251211337874312,0.14069156296473018,0.0,ARL-FL,2.0
667,1.0,signflip_mu0p4,3,4,Walking,fedavg,0.02209606986899563,0.06987390812424453,0.0,FedAvg,4.5
668,1.0,signflip_mu0p4,3,4,Walking,fedle_adapted,0.05862485233075328,0.09529011602478808,0.0,FedLE-adapted,3.0
669,1.0,signflip_mu0p4,3,4,Walking,fedprox,0.0,0.0,0.0,FedProx,6.0
670,1.0,signflip_mu0p4,3,4,Walking,random_trimmed_mean,0.02209606986899563,0.06987390812424453,0.0,Random Trimmed Mean,4.5
671,1.0,signflip_mu0p4,3,4,Walking,tea_fl,0.7295389948237474,0.33457546283870415,0.8630851728789025,TEA-FL,1.0
672,1.0,signflip_mu0p4,4,5,Running,arl_fl,0.0067362428842504705,0.021301870386333473,0.0,ARL-FL,2.0
673,1.0,signflip_mu0p4,4,5,Running,fedavg,0.0,0.0,0.0,FedAvg,4.5
674,1.0,signflip_mu0p4,4,5,Running,fedle_adapted,0.0,0.0,0.0,FedLE-adapted,4.5
675,1.0,signflip_mu0p4,4,5,Running,fedprox,0.0,0.0,0.0,FedProx,4.5
676,1.0,signflip_mu0p4,4,5,Running,random_trimmed_mean,0.0,0.0,0.0,Random Trimmed Mean,4.5
677,1.0,signflip_mu0p4,4,5,Running,tea_fl,0.5138880490230547,0.4403677219611584,0.7225985756470383,TEA-FL,1.0
678,1.0,signflip_mu0p4,5,6,Cycling,arl_fl,0.014903846153846151,0.04713009974289411,0.0,ARL-FL,6.0
679,1.0,signflip_mu0p4,5,6,Cycling,fedavg,0.05081227560972255,0.08212215604552761,0.0,FedAvg,2.5
680,1.0,signflip_mu0p4,5,6,Cycling,fedle_adapted,0.01780575539568345,0.05630674251019236,0.0,FedLE-adapted,4.5
681,1.0,signflip_mu0p4,5,6,Cycling,fedprox,0.05081227560972255,0.08212215604552761,0.0,FedProx,2.5
682,1.0,signflip_mu0p4,5,6,Cycling,random_trimmed_mean,0.01780575539568345,0.05630674251019236,0.0,Random Trimmed Mean,4.5
683,1.0,signflip_mu0p4,5,6,Cycling,tea_fl,0.750001996111109,0.2880352682968685,0.8562440267601147,TEA-FL,1.0
684,1.0,signflip_mu0p4,6,7,Nordic walking,arl_fl,0.018380647750323748,0.05562078344989854,0.0,ARL-FL,5.0
685,1.0,signflip_mu0p4,6,7,Nordic walking,fedavg,0.02037037037037037,0.06441676715157808,0.0,FedAvg,3.0
686,1.0,signflip_mu0p4,6,7,Nordic walking,fedle_adapted,0.02037037037037037,0.06441676715157808,0.0,FedLE-adapted,3.0
687,1.0,signflip_mu0p4,6,7,Nordic walking,fedprox,0.02037037037037037,0.06441676715157808,0.0,FedProx,3.0
688,1.0,signflip_mu0p4,6,7,Nordic walking,random_trimmed_mean,0.0,0.0,0.0,Random Trimmed Mean,6.0
689,1.0,signflip_mu0p4,6,7,Nordic walking,tea_fl,0.6469644317891441,0.3680242919053016,0.7682170542635659,TEA-FL,1.0
690,1.0,signflip_mu0p4,7,12,Ascending stairs,arl_fl,0.0,0.0,0.0,ARL-FL,6.0
691,1.0,signflip_mu0p4,7,12,Ascending stairs,fedavg,0.01968286311041858,0.04149727515889346,0.0,FedAvg,3.0
692,1.0,signflip_mu0p4,7,12,Ascending stairs,fedle_adapted,0.00993117010816125,0.031405117372370304,0.0,FedLE-adapted,5.0
693,1.0,signflip_mu0p4,7,12,Ascending stairs,fedprox,0.03194092762654761,0.051850374052508745,0.0,FedProx,2.0
694,1.0,signflip_mu0p4,7,12,Ascending stairs,random_trimmed_mean,0.01834724575827945,0.038843893610518855,0.0,Random Trimmed Mean,4.0
695,1.0,signflip_mu0p4,7,12,Ascending stairs,tea_fl,0.5997014706251717,0.3333166620309461,0.7800632911392404,TEA-FL,1.0
696,1.0,signflip_mu0p4,8,13,Descending stairs,arl_fl,0.00686367969494756,0.021704860965883987,0.0,ARL-FL,4.0
697,1.0,signflip_mu0p4,8,13,Descending stairs,fedavg,0.0,0.0,0.0,FedAvg,5.5
698,1.0,signflip_mu0p4,8,13,Descending stairs,fedle_adapted,0.010687732342007431,0.03379757722298917,0.0,FedLE-adapted,2.5
699,1.0,signflip_mu0p4,8,13,Descending stairs,fedprox,0.0,0.0,0.0,FedProx,5.5
700,1.0,signflip_mu0p4,8,13,Descending stairs,random_trimmed_mean,0.010687732342007431,0.03379757722298917,0.0,Random Trimmed Mean,2.5
701,1.0,signflip_mu0p4,8,13,Descending stairs,tea_fl,0.4058795878692747,0.39979853654926933,0.4044991511035654,TEA-FL,1.0
702,1.0,signflip_mu0p4,9,16,Vacuum cleaning,arl_fl,0.025952499643925358,0.07010980932313036,0.0,ARL-FL,2.0
703,1.0,signflip_mu0p4,9,16,Vacuum cleaning,fedavg,0.0,0.0,0.0,FedAvg,4.5
704,1.0,signflip_mu0p4,9,16,Vacuum cleaning,fedle_adapted,0.0,0.0,0.0,FedLE-adapted,4.5
705,1.0,signflip_mu0p4,9,16,Vacuum cleaning,fedprox,0.0,0.0,0.0,FedProx,4.5
706,1.0,signflip_mu0p4,9,16,Vacuum cleaning,random_trimmed_mean,0.0,0.0,0.0,Random Trimmed Mean,4.5
707,1.0,signflip_mu0p4,9,16,Vacuum cleaning,tea_fl,0.6131680666100149,0.2316851052321686,0.6590267698758265,TEA-FL,1.0
708,1.0,signflip_mu0p4,10,17,Ironing,arl_fl,0.04351610095735422,0.13760999391507306,0.0,ARL-FL,3.0
709,1.0,signflip_mu0p4,10,17,Ironing,fedavg,0.02174280879864636,0.06875679853327187,0.0,FedAvg,4.5
710,1.0,signflip_mu0p4,10,17,Ironing,fedle_adapted,0.0,0.0,0.0,FedLE-adapted,6.0
711,1.0,signflip_mu0p4,10,17,Ironing,fedprox,0.02174280879864636,0.06875679853327187,0.0,FedProx,4.5
712,1.0,signflip_mu0p4,10,17,Ironing,random_trimmed_mean,0.0652949643488894,0.10722682765463012,0.0,Random Trimmed Mean,2.0
713,1.0,signflip_mu0p4,10,17,Ironing,tea_fl,0.5802410769711561,0.2529002349580191,0.6185879442626393,TEA-FL,1.0
714,1.0,signflip_mu0p4,11,24,Rope jumping,arl_fl,0.0,0.0,0.0,ARL-FL,4.0
715,1.0,signflip_mu0p4,11,24,Rope jumping,fedavg,0.0,0.0,0.0,FedAvg,4.0
716,1.0,signflip_mu0p4,11,24,Rope jumping,fedle_adapted,0.0,0.0,0.0,FedLE-adapted,4.0
717,1.0,signflip_mu0p4,11,24,Rope jumping,fedprox,0.0,0.0,0.0,FedProx,4.0
718,1.0,signflip_mu0p4,11,24,Rope jumping,random_trimmed_mean,0.0,0.0,0.0,Random Trimmed Mean,4.0
719,1.0,signflip_mu0p4,11,24,Rope jumping,tea_fl,0.25543171155076916,0.38769530863951096,0.01,TEA-FL,1.0
